0,16.93,16.08,16.89,17.18,15.81,16.41,16.74,16.79,16.56,16.6,16.81,17.07,16.77,16.4375,16.759999999999998,0.6662333333333332
1,16.82,15.88,16.89,17.3,16.48,16.62,17.37,16.4,16.74,16.12,16.91,17.06,16.7225,16.7175,16.7075,1.3348666666666664
2,16.74,16.42,16.79,17.32,16.3,17.03,17.28,16.55,16.75,16.63,16.82,16.83,16.8175,16.79,16.7575,2.0063999999999997
3,16.43,16.71,16.66,16.77,16.0,16.32,17.48,15.63,16.83,15.92,17.01,16.81,16.6425,16.357499999999998,16.642500000000002,2.6683
4,16.62,16.8,17.54,16.73,16.86,16.81,17.15,16.49,17.02,17.09,16.79,16.78,16.9225,16.8275,16.92,3.3438999999999997
5,16.8,16.71,17.64,17.04,16.46,16.82,17.03,16.91,16.53,16.52,16.99,17.31,17.0475,16.805,16.8375,4.0197666666666665
6,16.33,16.5,17.44,17.03,17.15,16.42,17.37,16.78,16.36,16.32,16.69,17.06,16.825,16.93,16.6075,4.6912666666666665
7,16.63,16.81,16.56,16.77,16.58,17.11,16.84,16.91,16.74,16.61,16.7,16.06,16.6925,16.86,16.5275,5.358999999999998
8,16.41,16.9,17.21,16.75,16.47,16.5,17.15,15.73,16.73,16.39,16.68,16.04,16.817500000000003,16.4625,16.46,6.022199999999999
9,17.22,17.23,16.67,17.8,16.38,16.93,16.95,16.89,16.65,16.62,17.01,17.05,17.23,16.7875,16.8325,6.700199999999999
10,16.81,16.18,17.21,16.76,16.75,16.11,17.15,16.25,16.91,16.4,17.42,16.05,16.74,16.564999999999998,16.695,7.366866666666665
11,17.15,16.52,16.69,17.31,16.8,16.43,17.19,16.03,16.78,17.01,16.41,16.45,16.9175,16.6125,16.6625,8.036099999999998
12,16.73,16.4,17.01,16.64,16.68,16.42,16.96,16.27,16.65,15.93,16.91,16.32,16.695,16.5825,16.4525,8.699166666666665
13,16.34,16.92,16.11,17.28,16.49,16.83,16.74,16.38,16.66,17.21,16.91,17.17,16.6625,16.609999999999996,16.9875,9.369299999999999
14,16.13,16.1,16.78,17.05,16.0,16.63,16.53,17.04,16.18,16.03,17.02,16.82,16.515,16.549999999999997,16.512500000000003,10.030333333333331
15,16.23,17.0,17.22,16.75,16.38,16.6,17.05,16.63,16.64,16.69,16.8,16.67,16.8,16.665,16.7,10.699199999999998
16,16.45,16.92,17.23,17.06,16.6,16.61,17.28,16.17,16.86,15.92,17.35,16.46,16.915000000000003,16.665,16.6475,11.368899999999998
17,16.83,16.4,16.56,17.43,16.2,16.62,17.06,17.16,16.37,16.61,16.7,16.81,16.805,16.759999999999998,16.622500000000002,12.038066666666666
18,16.72,16.6,16.89,17.03,16.57,16.71,16.63,16.39,16.83,16.8,17.12,16.56,16.810000000000002,16.575,16.8275,12.707566666666667
19,16.61,16.81,16.88,16.77,16.17,16.51,17.15,16.14,16.44,16.31,16.68,16.43,16.7675,16.4925,16.465,13.370566666666667
20,16.94,16.93,16.91,17.44,16.88,16.73,16.97,16.92,16.47,16.82,17.13,17.32,17.055,16.875,16.935000000000002,14.048766666666666
21,16.54,16.93,16.9,18.07,16.78,17.23,16.75,17.28,16.84,16.73,17.02,17.67,17.11,17.01,17.065,14.731233333333332
22,16.73,16.92,16.34,16.51,16.3,16.62,17.06,16.66,16.75,16.42,16.92,17.43,16.625000000000004,16.66,16.880000000000003,15.4001
23,16.83,17.03,17.22,17.65,16.87,16.74,17.59,17.0,16.75,17.03,17.02,17.16,17.182499999999997,17.05,16.99,16.083066666666667
24,16.81,16.38,16.76,16.75,17.04,16.6,17.15,16.63,16.63,16.3,16.89,16.04,16.675,16.855,16.465,16.749666666666666
25,16.91,17.12,16.77,17.03,16.66,16.62,16.62,16.78,16.73,17.0,16.58,16.56,16.9575,16.67,16.7175,16.7547
26,16.43,17.02,17.0,17.43,16.86,16.22,17.27,16.78,16.93,16.32,17.12,16.68,16.97,16.7825,16.762500000000003,16.7596
27,16.92,16.59,16.55,16.78,16.38,16.2,16.63,16.41,15.89,16.2,16.59,16.44,16.71,16.404999999999998,16.28,16.746666666666666
28,16.55,16.61,16.79,16.91,16.6,16.53,17.07,17.67,16.76,16.72,17.45,17.56,16.715,16.9675,17.122500000000002,16.762166666666666
29,17.05,16.82,17.01,16.45,16.9,16.33,17.07,16.61,16.97,16.63,17.03,16.65,16.832500000000003,16.7275,16.82,16.758300000000002
30,16.52,16.7,17.22,16.89,16.47,16.41,17.05,16.77,16.83,16.8,17.11,16.8,16.8325,16.674999999999997,16.884999999999998,16.754333333333335
31,16.11,17.21,16.65,17.28,16.27,16.7,16.93,16.76,16.63,16.69,17.1,16.67,16.8125,16.665,16.7725,16.75283333333333
32,16.83,17.01,16.89,17.42,16.49,17.0,17.49,17.28,16.47,16.7,17.44,17.05,17.0375,17.064999999999998,16.915,16.765333333333334
33,16.63,16.48,16.89,16.75,16.39,16.2,16.74,16.25,17.21,16.78,16.59,16.54,16.6875,16.395,16.78,16.76696666666667
34,16.61,16.7,16.77,16.76,16.37,16.31,17.26,16.26,16.26,16.5,16.37,16.3,16.71,16.55,16.3575,16.750533333333333
35,16.7,16.7,16.42,16.5,16.45,16.9,17.03,16.64,16.43,16.31,16.88,16.3,16.58,16.755,16.479999999999997,16.74806666666667
36,16.81,16.7,17.1,17.29,16.37,16.71,17.79,16.9,16.82,16.4,17.32,17.29,16.975,16.9425,16.9575,16.757166666666667
37,16.82,17.54,17.34,17.83,17.05,16.03,16.74,17.04,16.83,17.01,17.12,17.31,17.3825,16.714999999999996,17.067500000000003,16.776300000000003
38,16.63,16.5,16.56,17.82,16.68,16.32,17.06,17.03,16.47,16.31,16.7,16.93,16.877499999999998,16.7725,16.6025,16.7762
39,17.11,16.81,16.66,16.5,16.48,16.61,16.2,16.52,16.83,16.9,16.48,17.17,16.77,16.4525,16.845,16.782733333333336
40,16.51,16.29,16.66,16.5,16.75,16.91,16.3,16.78,16.53,16.31,16.15,16.93,16.49,16.685,16.48,16.775933333333334
41,17.23,16.18,17.11,16.87,16.88,16.81,17.27,17.13,17.03,16.02,17.33,16.66,16.8475,17.022499999999997,16.759999999999998,16.7813
42,17.23,16.18,17.11,16.87,16.88,16.81,17.27,17.13,17.03,16.02,17.33,16.66,16.8475,17.022499999999997,16.759999999999998,16.7872
43,16.24,16.71,16.56,17.66,16.78,16.42,16.53,16.88,16.1,16.23,16.91,16.91,16.7925,16.6525,16.537499999999998,16.784133333333333
44,16.24,16.71,16.56,17.66,16.78,16.42,16.53,16.88,16.1,16.23,16.91,16.91,16.7925,16.6525,16.537499999999998,16.787566666666667
45,16.71,17.0,16.87,17.41,16.85,16.4,17.15,16.25,16.72,16.3,16.68,16.67,16.9975,16.6625,16.5925,16.7794
46,16.42,16.7,16.89,16.66,16.27,16.01,17.26,16.41,16.91,16.21,17.11,17.19,16.6675,16.4875,16.855,16.76373333333333
47,16.42,16.7,16.89,16.66,16.27,16.01,17.26,16.41,16.91,16.21,17.11,17.19,16.6675,16.4875,16.855,16.761666666666667
48,16.42,16.7,16.99,17.03,15.99,16.51,17.69,17.15,16.73,16.6,17.53,17.3,16.785,16.835,17.04,16.754166666666666
49,16.12,17.22,16.88,17.42,16.76,16.91,16.62,17.53,16.73,17.09,16.05,16.93,16.91,16.955000000000002,16.700000000000003,16.761766666666666
50,16.12,17.22,16.88,17.42,16.76,16.91,16.62,17.53,16.73,17.09,16.05,16.93,16.91,16.955000000000002,16.700000000000003,16.7647
51,16.83,16.4,17.23,17.06,16.87,16.71,16.85,16.55,16.28,16.8,16.7,17.08,16.88,16.745,16.715,16.762366666666665
52,16.83,16.4,17.23,17.06,16.87,16.71,16.85,16.55,16.28,16.8,16.7,17.08,16.88,16.745,16.715,16.774966666666664
53,16.51,16.6,16.76,16.07,16.56,16.31,17.15,16.24,16.35,16.12,16.36,16.53,16.485,16.564999999999998,16.34,16.7561
54,16.31,16.8,17.0,17.05,16.56,16.9,17.36,16.79,16.44,16.4,17.53,16.94,16.79,16.902499999999996,16.8275,16.757966666666665
55,16.31,16.8,17.0,17.05,16.56,16.9,17.36,16.79,16.44,16.4,17.53,16.94,16.79,16.902499999999996,16.8275,16.759666666666664
56,16.24,16.5,17.22,17.01,16.49,16.52,17.27,16.63,16.75,16.62,16.38,16.79,16.7425,16.7275,16.634999999999998,16.757733333333334
57,16.43,17.01,16.55,17.16,16.57,16.91,16.63,17.28,15.99,16.7,16.91,16.8,16.787499999999998,16.8475,16.599999999999998,16.7473
58,16.43,17.01,16.55,17.16,16.57,16.91,16.63,17.28,15.99,16.7,16.91,16.8,16.787499999999998,16.8475,16.599999999999998,16.75226666666667
59,16.53,17.12,17.11,16.87,16.59,16.82,17.69,15.99,16.75,16.62,17.02,16.29,16.907500000000002,16.772499999999997,16.67,16.762033333333335
60,16.53,17.12,17.11,16.87,16.59,16.82,17.69,15.99,16.75,16.62,17.02,16.29,16.907500000000002,16.772499999999997,16.67,16.769166666666667
61,16.63,16.3,16.33,17.03,16.67,16.12,16.73,16.4,16.46,15.83,16.8,16.06,16.572499999999998,16.480000000000004,16.2875,16.7487
62,16.72,16.7,16.44,17.29,16.57,16.61,16.41,16.39,16.36,16.41,16.79,16.93,16.7875,16.495,16.6225,16.7319
63,16.72,16.7,16.44,17.29,16.57,16.61,16.41,16.39,16.36,16.41,16.79,16.93,16.7875,16.495,16.6225,16.727266666666665
64,16.32,17.23,16.89,17.56,16.48,17.11,17.37,17.03,17.2,16.71,16.48,17.31,17.0,16.997500000000002,16.925,16.738666666666667
65,16.32,17.23,16.89,17.56,16.48,17.11,17.37,17.03,17.2,16.71,16.48,17.31,17.0,16.997500000000002,16.925,16.75556666666667
66,16.12,16.6,16.44,17.29,16.17,16.12,17.26,16.65,16.91,16.31,16.9,16.93,16.612499999999997,16.550000000000004,16.7625,16.746166666666667
67,16.12,16.6,16.44,17.29,16.17,16.12,17.26,16.65,16.91,16.31,16.9,16.93,16.612499999999997,16.550000000000004,16.7625,16.736766666666668
68,16.12,16.6,16.44,17.29,16.17,16.12,17.26,16.65,16.91,16.31,16.9,16.93,16.612499999999997,16.550000000000004,16.7625,16.736
69,16.62,16.61,16.66,17.3,16.57,16.72,17.15,16.65,16.36,16.42,16.79,16.94,16.7975,16.7725,16.6275,16.73886666666667
70,16.62,16.61,16.66,17.3,16.57,16.72,17.15,16.65,16.36,16.42,16.79,16.94,16.7975,16.7725,16.6275,16.738133333333334
71,17.05,16.31,16.91,16.79,17.37,16.73,16.86,16.92,16.31,16.82,17.04,16.58,16.765,16.97,16.6875,16.74363333333333
72,17.05,16.31,16.91,16.79,17.37,16.73,16.86,16.92,16.31,16.82,17.04,16.58,16.765,16.97,16.6875,16.749133333333333
73,17.05,16.31,16.91,16.79,17.37,16.73,16.86,16.92,16.31,16.82,17.04,16.58,16.765,16.97,16.6875,16.745966666666668
74,17.02,16.92,16.78,16.78,16.87,16.53,16.2,16.41,16.74,16.42,16.91,16.57,16.875,16.5025,16.659999999999997,16.738933333333335
75,17.02,16.92,16.78,16.78,16.87,16.53,16.2,16.41,16.74,16.42,16.91,16.57,16.875,16.5025,16.659999999999997,16.7319
76,16.73,16.61,16.89,16.37,16.49,16.32,16.63,16.65,16.09,16.32,16.7,16.31,16.650000000000002,16.5225,16.355,16.72106666666667
77,16.73,16.61,16.89,16.37,16.49,16.32,16.63,16.65,16.09,16.32,16.7,16.31,16.650000000000002,16.5225,16.355,16.710233333333335
78,16.22,16.6,16.66,16.24,16.28,16.81,17.05,16.9,16.45,16.51,16.37,16.81,16.43,16.759999999999998,16.535,16.7147
79,16.22,16.6,16.66,16.24,16.28,16.81,17.05,16.9,16.45,16.51,16.37,16.81,16.43,16.759999999999998,16.535,16.7041
80,16.22,16.6,16.66,16.24,16.28,16.81,17.05,16.9,16.45,16.51,16.37,16.81,16.43,16.759999999999998,16.535,16.6935
81,17.02,16.7,17.22,16.36,16.48,16.31,16.84,16.51,16.65,16.01,17.44,16.8,16.825,16.535,16.724999999999998,16.693233333333335
82,17.02,16.7,17.22,16.36,16.48,16.31,16.84,16.51,16.65,16.01,17.44,16.8,16.825,16.535,16.724999999999998,16.691233333333333
83,16.33,16.31,16.55,17.15,16.49,16.14,16.95,16.64,16.84,16.24,16.59,16.8,16.585,16.555,16.6175,16.684866666666668
84,16.33,16.31,16.55,17.15,16.49,16.14,16.95,16.64,16.84,16.24,16.59,16.8,16.585,16.555,16.6175,16.67696666666667
85,16.33,16.31,16.55,17.15,16.49,16.14,16.95,16.64,16.84,16.24,16.59,16.8,16.585,16.555,16.6175,16.669066666666666
86,16.62,16.5,17.23,16.39,15.89,16.71,16.84,16.67,16.63,16.4,17.22,16.7,16.685000000000002,16.5275,16.7375,16.6772
87,16.62,16.5,17.23,16.39,15.89,16.71,16.84,16.67,16.63,16.4,17.22,16.7,16.685000000000002,16.5275,16.7375,16.677799999999998
88,16.62,16.5,17.23,16.39,15.89,16.71,16.84,16.67,16.63,16.4,17.22,16.7,16.685000000000002,16.5275,16.7375,16.6784
89,16.52,16.6,17.22,16.5,16.57,16.51,17.05,16.52,16.36,16.9,17.54,16.8,16.71,16.662499999999998,16.9,16.669733333333333
90,16.52,16.6,17.22,16.5,16.57,16.51,17.05,16.52,16.36,16.9,17.54,16.8,16.71,16.662499999999998,16.9,16.661066666666667
91,16.52,16.6,17.22,16.5,16.57,16.51,17.05,16.52,16.36,16.9,17.54,16.8,16.71,16.662499999999998,16.9,16.6657
92,16.6,16.79,17.21,16.88,16.26,16.5,16.82,16.37,16.61,16.39,16.46,15.91,16.87,16.4875,16.3425,16.6627
93,16.6,16.79,17.21,16.88,16.26,16.5,16.82,16.37,16.61,16.39,16.46,15.91,16.87,16.4875,16.3425,16.6597
94,16.6,16.79,17.21,16.88,16.26,16.5,16.82,16.37,16.61,16.39,16.46,15.91,16.87,16.4875,16.3425,16.653066666666668
95,16.72,17.12,17.21,17.4,16.47,16.82,17.68,16.88,16.82,16.22,17.22,16.54,17.1125,16.9625,16.7,16.660766666666667
96,16.72,17.12,17.21,17.4,16.47,16.82,17.68,16.88,16.82,16.22,17.22,16.54,17.1125,16.9625,16.7,16.665466666666667
97,16.72,17.12,17.21,17.4,16.47,16.82,17.68,16.88,16.82,16.22,17.22,16.54,17.1125,16.9625,16.7,16.670166666666667
98,16.8,16.38,16.97,17.01,16.16,16.5,16.92,17.14,16.52,16.69,17.3,16.29,16.79,16.68,16.700000000000003,16.666800000000002
99,16.8,16.38,16.97,17.01,16.16,16.5,16.92,17.14,16.52,16.69,17.3,16.29,16.79,16.68,16.700000000000003,16.668566666666667
100,16.8,16.38,16.97,17.01,16.16,16.5,16.92,17.14,16.52,16.69,17.3,16.29,16.79,16.68,16.700000000000003,16.670333333333332
101,16.12,16.9,16.55,16.89,15.99,16.71,17.26,16.26,16.26,16.31,16.69,16.8,16.615,16.555000000000003,16.515,16.672433333333334
102,16.12,16.9,16.55,16.89,15.99,16.71,17.26,16.26,16.26,16.31,16.69,16.8,16.615,16.555000000000003,16.515,16.674533333333333
103,16.12,16.9,16.55,16.89,15.99,16.71,17.26,16.26,16.26,16.31,16.69,16.8,16.615,16.555000000000003,16.515,16.674
104,16.12,16.9,16.55,16.89,15.99,16.71,17.26,16.26,16.26,16.31,16.69,16.8,16.615,16.555000000000003,16.515,16.673466666666666
105,16.53,17.12,16.22,16.9,16.58,16.32,16.31,16.52,16.83,16.32,17.01,16.56,16.692500000000003,16.432499999999997,16.68,16.674533333333333
106,16.53,17.12,16.22,16.9,16.58,16.32,16.31,16.52,16.83,16.32,17.01,16.56,16.692500000000003,16.432499999999997,16.68,16.6708
107,16.53,17.12,16.22,16.9,16.58,16.32,16.31,16.52,16.83,16.32,17.01,16.56,16.692500000000003,16.432499999999997,16.68,16.66706666666667
108,16.5,16.91,16.54,17.13,16.36,16.82,16.29,16.5,16.71,17.29,16.78,16.54,16.77,16.4925,16.83,16.671533333333333
109,16.5,16.91,16.54,17.13,16.36,16.82,16.29,16.5,16.71,17.29,16.78,16.54,16.77,16.4925,16.83,16.676
110,16.5,16.91,16.54,17.13,16.36,16.82,16.29,16.5,16.71,17.29,16.78,16.54,16.77,16.4925,16.83,16.680466666666668
111,16.62,16.51,17.1,16.78,16.09,16.33,16.83,16.66,16.83,16.03,17.22,16.57,16.7525,16.4775,16.6625,16.6797
112,16.62,16.51,17.1,16.78,16.09,16.33,16.83,16.66,16.83,16.03,17.22,16.57,16.7525,16.4775,16.6625,16.678933333333333
113,16.62,16.51,17.1,16.78,16.09,16.33,16.83,16.66,16.83,16.03,17.22,16.57,16.7525,16.4775,16.6625,16.678166666666666
114,16.24,17.21,16.34,16.88,16.96,16.7,17.49,16.38,17.03,16.59,16.81,16.91,16.6675,16.882499999999997,16.835,16.67966666666667
115,16.24,17.21,16.34,16.88,16.96,16.7,17.49,16.38,17.03,16.59,16.81,16.91,16.6675,16.882499999999997,16.835,16.681166666666666
116,16.24,17.21,16.34,16.88,16.96,16.7,17.49,16.38,17.03,16.59,16.81,16.91,16.6675,16.882499999999997,16.835,16.682666666666666
117,16.24,17.21,16.34,16.88,16.96,16.7,17.49,16.38,17.03,16.59,16.81,16.91,16.6675,16.882499999999997,16.835,16.6918
118,16.92,16.17,17.11,16.52,16.28,16.2,17.26,15.76,16.36,16.1,16.69,16.69,16.68,16.375000000000004,16.46,16.689333333333334
119,16.92,16.17,17.11,16.52,16.28,16.2,17.26,15.76,16.36,16.1,16.69,16.69,16.68,16.375000000000004,16.46,16.686866666666667
120,16.92,16.17,17.11,16.52,16.28,16.2,17.26,15.76,16.36,16.1,16.69,16.69,16.68,16.375000000000004,16.46,16.670066666666667
121,16.92,16.17,17.11,16.52,16.28,16.2,17.26,15.76,16.36,16.1,16.69,16.69,16.68,16.375000000000004,16.46,16.653266666666667
122,16.63,16.69,17.33,16.76,16.86,16.11,17.48,16.76,16.46,16.2,17.33,16.42,16.8525,16.802500000000002,16.6025,16.64636666666667
123,16.63,16.69,17.33,16.76,16.86,16.11,17.48,16.76,16.46,16.2,17.33,16.42,16.8525,16.802500000000002,16.6025,16.64753333333333
124,16.63,16.69,17.33,16.76,16.86,16.11,17.48,16.76,16.46,16.2,17.33,16.42,16.8525,16.802500000000002,16.6025,16.6487
125,16.63,16.69,17.33,16.76,16.86,16.11,17.48,16.76,16.46,16.2,17.33,16.42,16.8525,16.802500000000002,16.6025,16.649866666666668
126,16.41,17.2,17.09,17.54,16.56,16.6,17.04,16.37,16.35,16.39,16.99,16.54,17.060000000000002,16.6425,16.567500000000003,16.657666666666668
127,16.41,17.2,17.09,17.54,16.56,16.6,17.04,16.37,16.35,16.39,16.99,16.54,17.060000000000002,16.6425,16.567500000000003,16.665466666666667
128,16.41,17.2,17.09,17.54,16.56,16.6,17.04,16.37,16.35,16.39,16.99,16.54,17.060000000000002,16.6425,16.567500000000003,16.673266666666667
129,16.41,17.2,17.09,17.54,16.56,16.6,17.04,16.37,16.35,16.39,16.99,16.54,17.060000000000002,16.6425,16.567500000000003,16.681066666666666
130,16.73,16.19,17.0,16.48,16.49,16.62,17.38,16.37,16.66,16.42,17.33,16.41,16.6,16.715,16.705,16.683933333333336
131,16.73,16.19,17.0,16.48,16.49,16.62,17.38,16.37,16.66,16.42,17.33,16.41,16.6,16.715,16.705,16.6868
132,16.73,16.19,17.0,16.48,16.49,16.62,17.38,16.37,16.66,16.42,17.33,16.41,16.6,16.715,16.705,16.689666666666668
133,16.73,16.19,17.0,16.48,16.49,16.62,17.38,16.37,16.66,16.42,17.33,16.41,16.6,16.715,16.705,16.6887
134,16.31,17.22,16.42,17.16,16.65,16.21,16.61,16.52,16.62,16.41,16.57,17.05,16.7775,16.4975,16.6625,16.686633333333333
135,16.31,17.22,16.42,17.16,16.65,16.21,16.61,16.52,16.62,16.41,16.57,17.05,16.7775,16.4975,16.6625,16.68456666666667
136,16.31,17.22,16.42,17.16,16.65,16.21,16.61,16.52,16.62,16.41,16.57,17.05,16.7775,16.4975,16.6625,16.685166666666667
137,16.31,17.22,16.42,17.16,16.65,16.21,16.61,16.52,16.62,16.41,16.57,17.05,16.7775,16.4975,16.6625,16.685766666666666
138,16.31,17.22,16.42,17.16,16.65,16.21,16.61,16.52,16.62,16.41,16.57,17.05,16.7775,16.4975,16.6625,16.686366666666665
139,17.22,16.6,16.89,16.77,17.05,16.12,16.84,16.39,16.65,15.82,17.12,16.31,16.87,16.6,16.475,16.6805
140,17.22,16.6,16.89,16.77,17.05,16.12,16.84,16.39,16.65,15.82,17.12,16.31,16.87,16.6,16.475,16.674633333333333
141,17.22,16.6,16.89,16.77,17.05,16.12,16.84,16.39,16.65,15.82,17.12,16.31,16.87,16.6,16.475,16.668766666666667
142,17.22,16.6,16.89,16.77,17.05,16.12,16.84,16.39,16.65,15.82,17.12,16.31,16.87,16.6,16.475,16.662899999999997
143,17.22,16.6,16.89,16.77,17.05,16.12,16.84,16.39,16.65,15.82,17.12,16.31,16.87,16.6,16.475,16.668633333333332
144,16.42,16.29,17.43,16.5,16.95,16.31,17.05,17.15,16.82,16.11,16.79,16.8,16.66,16.865000000000002,16.63,16.67716666666667
145,16.42,16.29,17.43,16.5,16.95,16.31,17.05,17.15,16.82,16.11,16.79,16.8,16.66,16.865000000000002,16.63,16.6857
146,16.42,16.29,17.43,16.5,16.95,16.31,17.05,17.15,16.82,16.11,16.79,16.8,16.66,16.865000000000002,16.63,16.694233333333333
147,16.42,16.29,17.43,16.5,16.95,16.31,17.05,17.15,16.82,16.11,16.79,16.8,16.66,16.865000000000002,16.63,16.692866666666667
148,15.72,17.0,16.87,17.77,16.28,16.9,17.15,16.73,16.74,16.89,16.89,17.02,16.84,16.765,16.884999999999998,16.695966666666667
149,15.72,17.0,16.87,17.77,16.28,16.9,17.15,16.73,16.74,16.89,16.89,17.02,16.84,16.765,16.884999999999998,16.699066666666667
150,15.72,17.0,16.87,17.77,16.28,16.9,17.15,16.73,16.74,16.89,16.89,17.02,16.84,16.765,16.884999999999998,16.702166666666667
151,15.72,17.0,16.87,17.77,16.28,16.9,17.15,16.73,16.74,16.89,16.89,17.02,16.84,16.765,16.884999999999998,16.7051
152,15.72,17.0,16.87,17.77,16.28,16.9,17.15,16.73,16.74,16.89,16.89,17.02,16.84,16.765,16.884999999999998,16.708033333333333
153,16.92,16.49,17.23,17.31,16.47,16.6,16.74,16.79,16.45,16.88,17.33,16.81,16.9875,16.65,16.8675,16.711166666666667
154,16.92,16.49,17.23,17.31,16.47,16.6,16.74,16.79,16.45,16.88,17.33,16.81,16.9875,16.65,16.8675,16.714299999999998
155,16.92,16.49,17.23,17.31,16.47,16.6,16.74,16.79,16.45,16.88,17.33,16.81,16.9875,16.65,16.8675,16.720766666666666
156,16.92,16.49,17.23,17.31,16.47,16.6,16.74,16.79,16.45,16.88,17.33,16.81,16.9875,16.65,16.8675,16.72723333333333
157,16.92,16.49,17.23,17.31,16.47,16.6,16.74,16.79,16.45,16.88,17.33,16.81,16.9875,16.65,16.8675,16.733700000000002
158,16.92,16.49,17.23,17.31,16.47,16.6,16.74,16.79,16.45,16.88,17.33,16.81,16.9875,16.65,16.8675,16.740166666666667
159,16.52,16.41,16.78,16.79,16.29,16.33,16.95,16.16,17.02,16.14,16.91,16.95,16.625,16.432499999999997,16.755,16.738500000000002
160,16.52,16.41,16.78,16.79,16.29,16.33,16.95,16.16,17.02,16.14,16.91,16.95,16.625,16.432499999999997,16.755,16.736833333333337
161,16.52,16.41,16.78,16.79,16.29,16.33,16.95,16.16,17.02,16.14,16.91,16.95,16.625,16.432499999999997,16.755,16.735166666666668
162,16.52,16.41,16.78,16.79,16.29,16.33,16.95,16.16,17.02,16.14,16.91,16.95,16.625,16.432499999999997,16.755,16.733500000000003
163,16.52,16.41,16.78,16.79,16.29,16.33,16.95,16.16,17.02,16.14,16.91,16.95,16.625,16.432499999999997,16.755,16.731833333333338
164,16.52,16.08,17.22,17.03,16.38,16.42,16.73,16.14,16.27,16.02,17.01,17.18,16.7125,16.4175,16.619999999999997,16.729233333333333
165,16.52,16.08,17.22,17.03,16.38,16.42,16.73,16.14,16.27,16.02,17.01,17.18,16.7125,16.4175,16.619999999999997,16.726633333333332
166,16.52,16.08,17.22,17.03,16.38,16.42,16.73,16.14,16.27,16.02,17.01,17.18,16.7125,16.4175,16.619999999999997,16.724033333333335
167,16.52,16.08,17.22,17.03,16.38,16.42,16.73,16.14,16.27,16.02,17.01,17.18,16.7125,16.4175,16.619999999999997,16.721433333333334
168,16.52,16.08,17.22,17.03,16.38,16.42,16.73,16.14,16.27,16.02,17.01,17.18,16.7125,16.4175,16.619999999999997,16.718833333333333
169,16.52,16.08,17.22,17.03,16.38,16.42,16.73,16.14,16.27,16.02,17.01,17.18,16.7125,16.4175,16.619999999999997,16.71343333333333
170,16.53,16.5,16.78,16.9,16.77,16.32,17.38,17.28,16.55,16.71,17.01,16.44,16.677500000000002,16.9375,16.677500000000002,16.715266666666665
171,16.53,16.5,16.78,16.9,16.77,16.32,17.38,17.28,16.55,16.71,17.01,16.44,16.677500000000002,16.9375,16.677500000000002,16.7171
172,16.53,16.5,16.78,16.9,16.77,16.32,17.38,17.28,16.55,16.71,17.01,16.44,16.677500000000002,16.9375,16.677500000000002,16.718933333333332
173,16.53,16.5,16.78,16.9,16.77,16.32,17.38,17.28,16.55,16.71,17.01,16.44,16.677500000000002,16.9375,16.677500000000002,16.7163
174,16.53,16.5,16.78,16.9,16.77,16.32,17.38,17.28,16.55,16.71,17.01,16.44,16.677500000000002,16.9375,16.677500000000002,16.713666666666665
175,16.53,16.5,16.78,16.9,16.77,16.32,17.38,17.28,16.55,16.71,17.01,16.44,16.677500000000002,16.9375,16.677500000000002,16.711033333333333
176,16.72,16.49,17.11,17.45,16.77,16.21,16.84,16.28,16.55,16.3,16.91,16.7,16.9425,16.525000000000002,16.615000000000002,16.7056
177,16.72,16.49,17.11,17.45,16.77,16.21,16.84,16.28,16.55,16.3,16.91,16.7,16.9425,16.525000000000002,16.615000000000002,16.700166666666668
178,16.72,16.49,17.11,17.45,16.77,16.21,16.84,16.28,16.55,16.3,16.91,16.7,16.9425,16.525000000000002,16.615000000000002,16.694533333333332
179,16.72,16.49,17.11,17.45,16.77,16.21,16.84,16.28,16.55,16.3,16.91,16.7,16.9425,16.525000000000002,16.615000000000002,16.6889
180,16.72,16.49,17.11,17.45,16.77,16.21,16.84,16.28,16.55,16.3,16.91,16.7,16.9425,16.525000000000002,16.615000000000002,16.68326666666667
181,16.82,16.39,17.1,17.26,17.05,16.91,17.16,17.26,16.73,16.81,17.11,17.28,16.892500000000002,17.095000000000002,16.9825,16.689466666666668
182,16.82,16.39,17.1,17.26,17.05,16.91,17.16,17.26,16.73,16.81,17.11,17.28,16.892500000000002,17.095000000000002,16.9825,16.695666666666668
183,16.82,16.39,17.1,17.26,17.05,16.91,17.16,17.26,16.73,16.81,17.11,17.28,16.892500000000002,17.095000000000002,16.9825,16.70186666666667
184,16.82,16.39,17.1,17.26,17.05,16.91,17.16,17.26,16.73,16.81,17.11,17.28,16.892500000000002,17.095000000000002,16.9825,16.7173
185,16.82,16.39,17.1,17.26,17.05,16.91,17.16,17.26,16.73,16.81,17.11,17.28,16.892500000000002,17.095000000000002,16.9825,16.732733333333336
186,16.82,16.39,17.1,17.26,17.05,16.91,17.16,17.26,16.73,16.81,17.11,17.28,16.892500000000002,17.095000000000002,16.9825,16.748166666666666
187,16.82,16.39,17.1,17.26,17.05,16.91,17.16,17.26,16.73,16.81,17.11,17.28,16.892500000000002,17.095000000000002,16.9825,16.7636
188,16.83,16.7,16.66,16.6,16.77,16.51,16.62,16.1,17.21,16.7,17.11,16.4,16.697499999999998,16.5,16.854999999999997,16.7668
189,16.83,16.7,16.66,16.6,16.77,16.51,16.62,16.1,17.21,16.7,17.11,16.4,16.697499999999998,16.5,16.854999999999997,16.770833333333336
190,16.83,16.7,16.66,16.6,16.77,16.51,16.62,16.1,17.21,16.7,17.11,16.4,16.697499999999998,16.5,16.854999999999997,16.774866666666668
191,16.83,16.7,16.66,16.6,16.77,16.51,16.62,16.1,17.21,16.7,17.11,16.4,16.697499999999998,16.5,16.854999999999997,16.7789
192,16.83,16.7,16.66,16.6,16.77,16.51,16.62,16.1,17.21,16.7,17.11,16.4,16.697499999999998,16.5,16.854999999999997,16.782933333333332
193,16.83,16.7,16.66,16.6,16.77,16.51,16.62,16.1,17.21,16.7,17.11,16.4,16.697499999999998,16.5,16.854999999999997,16.786966666666668
194,16.33,16.7,16.78,16.13,16.67,16.71,17.06,15.78,16.18,16.4,17.12,16.33,16.485,16.555,16.5075,16.784266666666667
195,16.33,16.7,16.78,16.13,16.67,16.71,17.06,15.78,16.18,16.4,17.12,16.33,16.485,16.555,16.5075,16.77433333333333
196,16.33,16.7,16.78,16.13,16.67,16.71,17.06,15.78,16.18,16.4,17.12,16.33,16.485,16.555,16.5075,16.7644
197,16.33,16.7,16.78,16.13,16.67,16.71,17.06,15.78,16.18,16.4,17.12,16.33,16.485,16.555,16.5075,16.754466666666666
198,16.33,16.7,16.78,16.13,16.67,16.71,17.06,15.78,16.18,16.4,17.12,16.33,16.485,16.555,16.5075,16.744533333333333
199,16.33,16.7,16.78,16.13,16.67,16.71,17.06,15.78,16.18,16.4,17.12,16.33,16.485,16.555,16.5075,16.734599999999997
200,16.24,16.92,17.46,16.65,16.2,16.52,17.7,17.17,16.84,16.52,17.34,17.19,16.8175,16.8975,16.9725,16.739866666666664
201,16.24,16.92,17.46,16.65,16.2,16.52,17.7,17.17,16.84,16.52,17.34,17.19,16.8175,16.8975,16.9725,16.747933333333332
202,16.24,16.92,17.46,16.65,16.2,16.52,17.7,17.17,16.84,16.52,17.34,17.19,16.8175,16.8975,16.9725,16.756
203,16.24,16.92,17.46,16.65,16.2,16.52,17.7,17.17,16.84,16.52,17.34,17.19,16.8175,16.8975,16.9725,16.764066666666665
204,16.24,16.92,17.46,16.65,16.2,16.52,17.7,17.17,16.84,16.52,17.34,17.19,16.8175,16.8975,16.9725,16.772133333333333
205,16.24,16.92,17.46,16.65,16.2,16.52,17.7,17.17,16.84,16.52,17.34,17.19,16.8175,16.8975,16.9725,16.780199999999997
206,16.24,16.92,17.46,16.65,16.2,16.52,17.7,17.17,16.84,16.52,17.34,17.19,16.8175,16.8975,16.9725,16.776433333333333
207,16.55,16.41,16.92,16.52,16.22,16.43,16.33,16.15,16.58,16.72,16.72,16.82,16.6,16.2825,16.71,16.758066666666668
208,16.55,16.41,16.92,16.52,16.22,16.43,16.33,16.15,16.58,16.72,16.72,16.82,16.6,16.2825,16.71,16.7397
209,16.55,16.41,16.92,16.52,16.22,16.43,16.33,16.15,16.58,16.72,16.72,16.82,16.6,16.2825,16.71,16.721333333333334
210,16.55,16.41,16.92,16.52,16.22,16.43,16.33,16.15,16.58,16.72,16.72,16.82,16.6,16.2825,16.71,16.702966666666665
211,16.55,16.41,16.92,16.52,16.22,16.43,16.33,16.15,16.58,16.72,16.72,16.82,16.6,16.2825,16.71,16.6846
212,16.55,16.41,16.92,16.52,16.22,16.43,16.33,16.15,16.58,16.72,16.72,16.82,16.6,16.2825,16.71,16.666233333333334
213,16.43,17.42,16.89,16.1,16.77,16.81,17.38,16.26,16.93,16.21,16.49,16.55,16.71,16.805,16.544999999999998,16.666333333333334
214,16.43,17.42,16.89,16.1,16.77,16.81,17.38,16.26,16.93,16.21,16.49,16.55,16.71,16.805,16.544999999999998,16.66643333333333
215,16.43,17.42,16.89,16.1,16.77,16.81,17.38,16.26,16.93,16.21,16.49,16.55,16.71,16.805,16.544999999999998,16.666533333333334
216,16.43,17.42,16.89,16.1,16.77,16.81,17.38,16.26,16.93,16.21,16.49,16.55,16.71,16.805,16.544999999999998,16.666633333333333
217,16.43,17.42,16.89,16.1,16.77,16.81,17.38,16.26,16.93,16.21,16.49,16.55,16.71,16.805,16.544999999999998,16.666733333333333
218,16.43,17.42,16.89,16.1,16.77,16.81,17.38,16.26,16.93,16.21,16.49,16.55,16.71,16.805,16.544999999999998,16.666833333333333
219,16.43,17.42,16.89,16.1,16.77,16.81,17.38,16.26,16.93,16.21,16.49,16.55,16.71,16.805,16.544999999999998,16.673666666666666
220,16.44,17.13,16.79,17.44,16.87,16.92,16.85,16.53,16.84,16.42,16.71,16.57,16.95,16.792500000000004,16.635,16.684733333333334
221,16.44,17.13,16.79,17.44,16.87,16.92,16.85,16.53,16.84,16.42,16.71,16.57,16.95,16.792500000000004,16.635,16.6958
222,16.44,17.13,16.79,17.44,16.87,16.92,16.85,16.53,16.84,16.42,16.71,16.57,16.95,16.792500000000004,16.635,16.706866666666667
223,16.44,17.13,16.79,17.44,16.87,16.92,16.85,16.53,16.84,16.42,16.71,16.57,16.95,16.792500000000004,16.635,16.717933333333335
224,16.44,17.13,16.79,17.44,16.87,16.92,16.85,16.53,16.84,16.42,16.71,16.57,16.95,16.792500000000004,16.635,16.729
225,16.44,17.13,16.79,17.44,16.87,16.92,16.85,16.53,16.84,16.42,16.71,16.57,16.95,16.792500000000004,16.635,16.724866666666667
226,16.44,17.13,16.79,17.44,16.87,16.92,16.85,16.53,16.84,16.42,16.71,16.57,16.95,16.792500000000004,16.635,16.720733333333335
227,16.22,16.61,17.01,17.2,16.18,16.62,16.84,16.55,16.26,16.02,16.7,16.96,16.76,16.5475,16.485,16.7088
228,16.22,16.61,17.01,17.2,16.18,16.62,16.84,16.55,16.26,16.02,16.7,16.96,16.76,16.5475,16.485,16.69686666666667
229,16.22,16.61,17.01,17.2,16.18,16.62,16.84,16.55,16.26,16.02,16.7,16.96,16.76,16.5475,16.485,16.684933333333337
230,16.22,16.61,17.01,17.2,16.18,16.62,16.84,16.55,16.26,16.02,16.7,16.96,16.76,16.5475,16.485,16.673000000000002
231,16.22,16.61,17.01,17.2,16.18,16.62,16.84,16.55,16.26,16.02,16.7,16.96,16.76,16.5475,16.485,16.661066666666667
232,16.22,16.61,17.01,17.2,16.18,16.62,16.84,16.55,16.26,16.02,16.7,16.96,16.76,16.5475,16.485,16.663733333333337
233,16.22,16.61,17.01,17.2,16.18,16.62,16.84,16.55,16.26,16.02,16.7,16.96,16.76,16.5475,16.485,16.6664
234,16.22,16.61,17.01,17.2,16.18,16.62,16.84,16.55,16.26,16.02,16.7,16.96,16.76,16.5475,16.485,16.669066666666666
235,16.83,16.3,16.78,16.9,16.77,16.02,17.27,16.78,16.65,16.81,16.8,17.31,16.7025,16.71,16.8925,16.678566666666665
236,16.83,16.3,16.78,16.9,16.77,16.02,17.27,16.78,16.65,16.81,16.8,17.31,16.7025,16.71,16.8925,16.688066666666668
237,16.83,16.3,16.78,16.9,16.77,16.02,17.27,16.78,16.65,16.81,16.8,17.31,16.7025,16.71,16.8925,16.697566666666667
238,16.83,16.3,16.78,16.9,16.77,16.02,17.27,16.78,16.65,16.81,16.8,17.31,16.7025,16.71,16.8925,16.700833333333332
239,16.83,16.3,16.78,16.9,16.77,16.02,17.27,16.78,16.65,16.81,16.8,17.31,16.7025,16.71,16.8925,16.704099999999997
240,16.83,16.3,16.78,16.9,16.77,16.02,17.27,16.78,16.65,16.81,16.8,17.31,16.7025,16.71,16.8925,16.707366666666665
241,16.83,16.3,16.78,16.9,16.77,16.02,17.27,16.78,16.65,16.81,16.8,17.31,16.7025,16.71,16.8925,16.710633333333334
242,16.83,16.3,16.78,16.9,16.77,16.02,17.27,16.78,16.65,16.81,16.8,17.31,16.7025,16.71,16.8925,16.7139
243,16.73,16.18,16.68,17.68,16.59,16.21,17.17,16.77,16.28,16.01,16.49,16.55,16.8175,16.685,16.3325,16.7109
244,16.73,16.18,16.68,17.68,16.59,16.21,17.17,16.77,16.28,16.01,16.49,16.55,16.8175,16.685,16.3325,16.7079
245,16.73,16.18,16.68,17.68,16.59,16.21,17.17,16.77,16.28,16.01,16.49,16.55,16.8175,16.685,16.3325,16.700666666666667
246,16.73,16.18,16.68,17.68,16.59,16.21,17.17,16.77,16.28,16.01,16.49,16.55,16.8175,16.685,16.3325,16.69343333333333
247,16.73,16.18,16.68,17.68,16.59,16.21,17.17,16.77,16.28,16.01,16.49,16.55,16.8175,16.685,16.3325,16.6862
248,16.73,16.18,16.68,17.68,16.59,16.21,17.17,16.77,16.28,16.01,16.49,16.55,16.8175,16.685,16.3325,16.678966666666664
249,16.73,16.18,16.68,17.68,16.59,16.21,17.17,16.77,16.28,16.01,16.49,16.55,16.8175,16.685,16.3325,16.671733333333332
250,16.73,16.18,16.68,17.68,16.59,16.21,17.17,16.77,16.28,16.01,16.49,16.55,16.8175,16.685,16.3325,16.664499999999997
251,16.52,17.21,16.33,17.28,16.67,16.8,16.41,17.15,16.36,16.69,17.01,17.04,16.835,16.7575,16.775,16.664366666666666
252,16.52,17.21,16.33,17.28,16.67,16.8,16.41,17.15,16.36,16.69,17.01,17.04,16.835,16.7575,16.775,16.672033333333335
253,16.52,17.21,16.33,17.28,16.67,16.8,16.41,17.15,16.36,16.69,17.01,17.04,16.835,16.7575,16.775,16.6797
254,16.52,17.21,16.33,17.28,16.67,16.8,16.41,17.15,16.36,16.69,17.01,17.04,16.835,16.7575,16.775,16.687366666666666
255,16.52,17.21,16.33,17.28,16.67,16.8,16.41,17.15,16.36,16.69,17.01,17.04,16.835,16.7575,16.775,16.695033333333335
256,16.52,17.21,16.33,17.28,16.67,16.8,16.41,17.15,16.36,16.69,17.01,17.04,16.835,16.7575,16.775,16.7027
257,16.52,17.21,16.33,17.28,16.67,16.8,16.41,17.15,16.36,16.69,17.01,17.04,16.835,16.7575,16.775,16.710366666666665
258,16.52,17.21,16.33,17.28,16.67,16.8,16.41,17.15,16.36,16.69,17.01,17.04,16.835,16.7575,16.775,16.718033333333334
259,16.52,16.3,17.32,17.04,17.04,15.92,17.58,16.4,16.82,16.22,17.21,16.44,16.795,16.735,16.6725,16.723499999999998
260,16.52,16.3,17.32,17.04,17.04,15.92,17.58,16.4,16.82,16.22,17.21,16.44,16.795,16.735,16.6725,16.722133333333332
261,16.52,16.3,17.32,17.04,17.04,15.92,17.58,16.4,16.82,16.22,17.21,16.44,16.795,16.735,16.6725,16.720766666666666
262,16.52,16.3,17.32,17.04,17.04,15.92,17.58,16.4,16.82,16.22,17.21,16.44,16.795,16.735,16.6725,16.719399999999997
263,16.52,16.3,17.32,17.04,17.04,15.92,17.58,16.4,16.82,16.22,17.21,16.44,16.795,16.735,16.6725,16.718033333333334
264,16.52,16.3,17.32,17.04,17.04,15.92,17.58,16.4,16.82,16.22,17.21,16.44,16.795,16.735,16.6725,16.71666666666667
265,16.52,16.3,17.32,17.04,17.04,15.92,17.58,16.4,16.82,16.22,17.21,16.44,16.795,16.735,16.6725,16.7153
266,16.52,16.3,17.32,17.04,17.04,15.92,17.58,16.4,16.82,16.22,17.21,16.44,16.795,16.735,16.6725,16.713933333333333
267,16.92,16.0,15.99,16.53,16.57,16.14,16.73,16.29,17.3,15.95,16.8,16.21,16.36,16.432499999999997,16.564999999999998,16.7013
268,16.92,16.0,15.99,16.53,16.57,16.14,16.73,16.29,17.3,15.95,16.8,16.21,16.36,16.432499999999997,16.564999999999998,16.694933333333335
269,16.92,16.0,15.99,16.53,16.57,16.14,16.73,16.29,17.3,15.95,16.8,16.21,16.36,16.432499999999997,16.564999999999998,16.688566666666667
270,16.92,16.0,15.99,16.53,16.57,16.14,16.73,16.29,17.3,15.95,16.8,16.21,16.36,16.432499999999997,16.564999999999998,16.682199999999998
271,16.92,16.0,15.99,16.53,16.57,16.14,16.73,16.29,17.3,15.95,16.8,16.21,16.36,16.432499999999997,16.564999999999998,16.67583333333333
272,16.92,16.0,15.99,16.53,16.57,16.14,16.73,16.29,17.3,15.95,16.8,16.21,16.36,16.432499999999997,16.564999999999998,16.669466666666665
273,16.92,16.0,15.99,16.53,16.57,16.14,16.73,16.29,17.3,15.95,16.8,16.21,16.36,16.432499999999997,16.564999999999998,16.663099999999996
274,16.92,16.0,15.99,16.53,16.57,16.14,16.73,16.29,17.3,15.95,16.8,16.21,16.36,16.432499999999997,16.564999999999998,16.65673333333333
275,16.92,16.0,15.99,16.53,16.57,16.14,16.73,16.29,17.3,15.95,16.8,16.21,16.36,16.432499999999997,16.564999999999998,16.650366666666663
276,17.02,16.81,16.44,17.42,16.67,16.61,16.95,16.77,16.92,16.41,16.8,16.68,16.9225,16.75,16.7025,16.650466666666667
277,17.02,16.81,16.44,17.42,16.67,16.61,16.95,16.77,16.92,16.41,16.8,16.68,16.9225,16.75,16.7025,16.650566666666666
278,17.02,16.81,16.44,17.42,16.67,16.61,16.95,16.77,16.92,16.41,16.8,16.68,16.9225,16.75,16.7025,16.650666666666666
279,17.02,16.81,16.44,17.42,16.67,16.61,16.95,16.77,16.92,16.41,16.8,16.68,16.9225,16.75,16.7025,16.650766666666666
280,17.02,16.81,16.44,17.42,16.67,16.61,16.95,16.77,16.92,16.41,16.8,16.68,16.9225,16.75,16.7025,16.65086666666667
281,17.02,16.81,16.44,17.42,16.67,16.61,16.95,16.77,16.92,16.41,16.8,16.68,16.9225,16.75,16.7025,16.65096666666667
282,17.02,16.81,16.44,17.42,16.67,16.61,16.95,16.77,16.92,16.41,16.8,16.68,16.9225,16.75,16.7025,16.65106666666667
283,17.02,16.81,16.44,17.42,16.67,16.61,16.95,16.77,16.92,16.41,16.8,16.68,16.9225,16.75,16.7025,16.65116666666667
284,17.02,16.81,16.44,17.42,16.67,16.61,16.95,16.77,16.92,16.41,16.8,16.68,16.9225,16.75,16.7025,16.653466666666667
285,17.02,16.81,16.44,17.42,16.67,16.61,16.95,16.77,16.92,16.41,16.8,16.68,16.9225,16.75,16.7025,16.65576666666667
286,16.7,16.27,16.31,17.27,16.36,16.39,16.6,16.5,16.53,16.39,16.57,16.53,16.6375,16.4625,16.505000000000003,16.647800000000004
287,16.7,16.27,16.31,17.27,16.36,16.39,16.6,16.5,16.53,16.39,16.57,16.53,16.6375,16.4625,16.505000000000003,16.639833333333332
288,16.7,16.27,16.31,17.27,16.36,16.39,16.6,16.5,16.53,16.39,16.57,16.53,16.6375,16.4625,16.505000000000003,16.631866666666667
289,16.7,16.27,16.31,17.27,16.36,16.39,16.6,16.5,16.53,16.39,16.57,16.53,16.6375,16.4625,16.505000000000003,16.623900000000003
290,16.7,16.27,16.31,17.27,16.36,16.39,16.6,16.5,16.53,16.39,16.57,16.53,16.6375,16.4625,16.505000000000003,16.615933333333334
291,16.7,16.27,16.31,17.27,16.36,16.39,16.6,16.5,16.53,16.39,16.57,16.53,16.6375,16.4625,16.505000000000003,16.60796666666667
292,16.7,16.27,16.31,17.27,16.36,16.39,16.6,16.5,16.53,16.39,16.57,16.53,16.6375,16.4625,16.505000000000003,16.61126666666667
293,16.7,16.27,16.31,17.27,16.36,16.39,16.6,16.5,16.53,16.39,16.57,16.53,16.6375,16.4625,16.505000000000003,16.61456666666667
294,16.7,16.27,16.31,17.27,16.36,16.39,16.6,16.5,16.53,16.39,16.57,16.53,16.6375,16.4625,16.505000000000003,16.617866666666668
295,16.03,16.61,16.32,17.41,16.2,16.73,16.84,17.39,15.9,16.52,16.69,17.17,16.5925,16.79,16.57,16.625799999999998
296,16.03,16.61,16.32,17.41,16.2,16.73,16.84,17.39,15.9,16.52,16.69,17.17,16.5925,16.79,16.57,16.633733333333332
297,16.03,16.61,16.32,17.41,16.2,16.73,16.84,17.39,15.9,16.52,16.69,17.17,16.5925,16.79,16.57,16.641666666666666
298,16.03,16.61,16.32,17.41,16.2,16.73,16.84,17.39,15.9,16.52,16.69,17.17,16.5925,16.79,16.57,16.6496
299,16.03,16.61,16.32,17.41,16.2,16.73,16.84,17.39,15.9,16.52,16.69,17.17,16.5925,16.79,16.57,16.657533333333333
300,16.03,16.61,16.32,17.41,16.2,16.73,16.84,17.39,15.9,16.52,16.69,17.17,16.5925,16.79,16.57,16.665466666666667
301,16.03,16.61,16.32,17.41,16.2,16.73,16.84,17.39,15.9,16.52,16.69,17.17,16.5925,16.79,16.57,16.659833333333335
302,16.03,16.61,16.32,17.41,16.2,16.73,16.84,17.39,15.9,16.52,16.69,17.17,16.5925,16.79,16.57,16.6542
303,16.03,16.61,16.32,17.41,16.2,16.73,16.84,17.39,15.9,16.52,16.69,17.17,16.5925,16.79,16.57,16.648566666666667
304,16.03,16.61,16.32,17.41,16.2,16.73,16.84,17.39,15.9,16.52,16.69,17.17,16.5925,16.79,16.57,16.642933333333332
305,16.72,16.81,17.22,16.5,16.48,16.22,17.27,17.15,16.92,16.41,17.12,17.18,16.8125,16.78,16.9075,16.6446
306,16.72,16.81,17.22,16.5,16.48,16.22,17.27,17.15,16.92,16.41,17.12,17.18,16.8125,16.78,16.9075,16.64626666666667
307,16.72,16.81,17.22,16.5,16.48,16.22,17.27,17.15,16.92,16.41,17.12,17.18,16.8125,16.78,16.9075,16.647933333333334
308,16.72,16.81,17.22,16.5,16.48,16.22,17.27,17.15,16.92,16.41,17.12,17.18,16.8125,16.78,16.9075,16.6496
309,16.72,16.81,17.22,16.5,16.48,16.22,17.27,17.15,16.92,16.41,17.12,17.18,16.8125,16.78,16.9075,16.651266666666665
310,16.72,16.81,17.22,16.5,16.48,16.22,17.27,17.15,16.92,16.41,17.12,17.18,16.8125,16.78,16.9075,16.652933333333333
311,16.72,16.81,17.22,16.5,16.48,16.22,17.27,17.15,16.92,16.41,17.12,17.18,16.8125,16.78,16.9075,16.664866666666665
312,16.72,16.81,17.22,16.5,16.48,16.22,17.27,17.15,16.92,16.41,17.12,17.18,16.8125,16.78,16.9075,16.6768
313,16.72,16.81,17.22,16.5,16.48,16.22,17.27,17.15,16.92,16.41,17.12,17.18,16.8125,16.78,16.9075,16.68873333333333
314,16.64,17.13,16.46,17.07,16.59,16.92,17.29,16.94,16.76,16.71,17.56,16.96,16.825,16.935000000000002,16.997500000000002,16.7041
315,16.64,17.13,16.46,17.07,16.59,16.92,17.29,16.94,16.76,16.71,17.56,16.96,16.825,16.935000000000002,16.997500000000002,16.719466666666666
316,16.64,17.13,16.46,17.07,16.59,16.92,17.29,16.94,16.76,16.71,17.56,16.96,16.825,16.935000000000002,16.997500000000002,16.734833333333334
317,16.64,17.13,16.46,17.07,16.59,16.92,17.29,16.94,16.76,16.71,17.56,16.96,16.825,16.935000000000002,16.997500000000002,16.7502
318,16.64,17.13,16.46,17.07,16.59,16.92,17.29,16.94,16.76,16.71,17.56,16.96,16.825,16.935000000000002,16.997500000000002,16.76556666666667
319,16.64,17.13,16.46,17.07,16.59,16.92,17.29,16.94,16.76,16.71,17.56,16.96,16.825,16.935000000000002,16.997500000000002,16.780933333333333
320,16.64,17.13,16.46,17.07,16.59,16.92,17.29,16.94,16.76,16.71,17.56,16.96,16.825,16.935000000000002,16.997500000000002,16.791666666666668
321,16.64,17.13,16.46,17.07,16.59,16.92,17.29,16.94,16.76,16.71,17.56,16.96,16.825,16.935000000000002,16.997500000000002,16.802400000000002
322,16.64,17.13,16.46,17.07,16.59,16.92,17.29,16.94,16.76,16.71,17.56,16.96,16.825,16.935000000000002,16.997500000000002,16.813133333333337
323,16.64,17.13,16.46,17.07,16.59,16.92,17.29,16.94,16.76,16.71,17.56,16.96,16.825,16.935000000000002,16.997500000000002,16.823866666666667
324,16.64,17.13,16.46,17.07,16.59,16.92,17.29,16.94,16.76,16.71,17.56,16.96,16.825,16.935000000000002,16.997500000000002,16.834600000000002
325,17.01,16.71,17.33,17.04,17.14,16.52,17.58,16.78,17.11,16.42,17.22,17.43,17.0225,17.005,17.045,16.84953333333333
326,17.01,16.71,17.33,17.04,17.14,16.52,17.58,16.78,17.11,16.42,17.22,17.43,17.0225,17.005,17.045,16.86446666666667
327,17.01,16.71,17.33,17.04,17.14,16.52,17.58,16.78,17.11,16.42,17.22,17.43,17.0225,17.005,17.045,16.879399999999997
328,17.01,16.71,17.33,17.04,17.14,16.52,17.58,16.78,17.11,16.42,17.22,17.43,17.0225,17.005,17.045,16.894333333333332
329,17.01,16.71,17.33,17.04,17.14,16.52,17.58,16.78,17.11,16.42,17.22,17.43,17.0225,17.005,17.045,16.909266666666664
330,17.01,16.71,17.33,17.04,17.14,16.52,17.58,16.78,17.11,16.42,17.22,17.43,17.0225,17.005,17.045,16.916900000000002
331,17.01,16.71,17.33,17.04,17.14,16.52,17.58,16.78,17.11,16.42,17.22,17.43,17.0225,17.005,17.045,16.924533333333333
332,17.01,16.71,17.33,17.04,17.14,16.52,17.58,16.78,17.11,16.42,17.22,17.43,17.0225,17.005,17.045,16.932166666666667
333,17.01,16.71,17.33,17.04,17.14,16.52,17.58,16.78,17.11,16.42,17.22,17.43,17.0225,17.005,17.045,16.9398
334,17.01,16.71,17.33,17.04,17.14,16.52,17.58,16.78,17.11,16.42,17.22,17.43,17.0225,17.005,17.045,16.947433333333336
335,16.43,16.6,16.55,17.03,16.49,16.61,17.37,16.64,17.03,16.6,16.48,16.68,16.6525,16.7775,16.697499999999998,16.942466666666668
336,16.43,16.6,16.55,17.03,16.49,16.61,17.37,16.64,17.03,16.6,16.48,16.68,16.6525,16.7775,16.697499999999998,16.937500000000004
337,16.43,16.6,16.55,17.03,16.49,16.61,17.37,16.64,17.03,16.6,16.48,16.68,16.6525,16.7775,16.697499999999998,16.932533333333335
338,16.43,16.6,16.55,17.03,16.49,16.61,17.37,16.64,17.03,16.6,16.48,16.68,16.6525,16.7775,16.697499999999998,16.927566666666667
339,16.43,16.6,16.55,17.03,16.49,16.61,17.37,16.64,17.03,16.6,16.48,16.68,16.6525,16.7775,16.697499999999998,16.91916666666667
340,16.43,16.6,16.55,17.03,16.49,16.61,17.37,16.64,17.03,16.6,16.48,16.68,16.6525,16.7775,16.697499999999998,16.910766666666667
341,16.43,16.6,16.55,17.03,16.49,16.61,17.37,16.64,17.03,16.6,16.48,16.68,16.6525,16.7775,16.697499999999998,16.902366666666666
342,16.43,16.6,16.55,17.03,16.49,16.61,17.37,16.64,17.03,16.6,16.48,16.68,16.6525,16.7775,16.697499999999998,16.893966666666667
343,16.43,16.6,16.55,17.03,16.49,16.61,17.37,16.64,17.03,16.6,16.48,16.68,16.6525,16.7775,16.697499999999998,16.88556666666667
344,16.43,16.6,16.55,17.03,16.49,16.61,17.37,16.64,17.03,16.6,16.48,16.68,16.6525,16.7775,16.697499999999998,16.877166666666668
345,16.43,16.6,16.55,17.03,16.49,16.61,17.37,16.64,17.03,16.6,16.48,16.68,16.6525,16.7775,16.697499999999998,16.868766666666666
346,16.93,17.22,17.0,17.29,16.0,16.12,16.63,16.52,16.93,16.9,16.91,17.17,17.11,16.3175,16.9775,16.864066666666666
347,16.93,17.22,17.0,17.29,16.0,16.12,16.63,16.52,16.93,16.9,16.91,17.17,17.11,16.3175,16.9775,16.859366666666666
348,16.93,17.22,17.0,17.29,16.0,16.12,16.63,16.52,16.93,16.9,16.91,17.17,17.11,16.3175,16.9775,16.854666666666667
349,16.93,17.22,17.0,17.29,16.0,16.12,16.63,16.52,16.93,16.9,16.91,17.17,17.11,16.3175,16.9775,16.849966666666667
350,16.93,17.22,17.0,17.29,16.0,16.12,16.63,16.52,16.93,16.9,16.91,17.17,17.11,16.3175,16.9775,16.841066666666666
351,16.93,17.22,17.0,17.29,16.0,16.12,16.63,16.52,16.93,16.9,16.91,17.17,17.11,16.3175,16.9775,16.832166666666666
352,16.93,17.22,17.0,17.29,16.0,16.12,16.63,16.52,16.93,16.9,16.91,17.17,17.11,16.3175,16.9775,16.823266666666665
353,16.93,17.22,17.0,17.29,16.0,16.12,16.63,16.52,16.93,16.9,16.91,17.17,17.11,16.3175,16.9775,16.81436666666667
354,16.93,17.22,17.0,17.29,16.0,16.12,16.63,16.52,16.93,16.9,16.91,17.17,17.11,16.3175,16.9775,16.805466666666668
355,16.93,17.22,17.0,17.29,16.0,16.12,16.63,16.52,16.93,16.9,16.91,17.17,17.11,16.3175,16.9775,16.796566666666664
356,16.93,17.22,17.0,17.29,16.0,16.12,16.63,16.52,16.93,16.9,16.91,17.17,17.11,16.3175,16.9775,16.787666666666667
357,16.23,16.82,16.34,16.89,16.29,16.63,16.2,17.02,15.99,16.72,16.81,17.05,16.57,16.535,16.6425,16.77
358,16.23,16.82,16.34,16.89,16.29,16.63,16.2,17.02,15.99,16.72,16.81,17.05,16.57,16.535,16.6425,16.752333333333333
359,16.23,16.82,16.34,16.89,16.29,16.63,16.2,17.02,15.99,16.72,16.81,17.05,16.57,16.535,16.6425,16.734666666666666
360,16.23,16.82,16.34,16.89,16.29,16.63,16.2,17.02,15.99,16.72,16.81,17.05,16.57,16.535,16.6425,16.7296
361,16.23,16.82,16.34,16.89,16.29,16.63,16.2,17.02,15.99,16.72,16.81,17.05,16.57,16.535,16.6425,16.724533333333333
362,16.23,16.82,16.34,16.89,16.29,16.63,16.2,17.02,15.99,16.72,16.81,17.05,16.57,16.535,16.6425,16.719466666666666
363,16.23,16.82,16.34,16.89,16.29,16.63,16.2,17.02,15.99,16.72,16.81,17.05,16.57,16.535,16.6425,16.7144
364,16.23,16.82,16.34,16.89,16.29,16.63,16.2,17.02,15.99,16.72,16.81,17.05,16.57,16.535,16.6425,16.709333333333333
365,16.23,16.82,16.34,16.89,16.29,16.63,16.2,17.02,15.99,16.72,16.81,17.05,16.57,16.535,16.6425,16.70426666666667
366,16.23,16.82,16.34,16.89,16.29,16.63,16.2,17.02,15.99,16.72,16.81,17.05,16.57,16.535,16.6425,16.6992
367,16.23,16.82,16.34,16.89,16.29,16.63,16.2,17.02,15.99,16.72,16.81,17.05,16.57,16.535,16.6425,16.694133333333333
368,16.23,16.82,16.34,16.89,16.29,16.63,16.2,17.02,15.99,16.72,16.81,17.05,16.57,16.535,16.6425,16.68906666666667
369,17.23,16.81,17.23,17.43,16.98,16.72,17.39,16.53,16.76,16.32,17.24,17.06,17.174999999999997,16.905,16.845,16.699700000000004
370,17.23,16.81,17.23,17.43,16.98,16.72,17.39,16.53,16.76,16.32,17.24,17.06,17.174999999999997,16.905,16.845,16.710333333333335
371,17.23,16.81,17.23,17.43,16.98,16.72,17.39,16.53,16.76,16.32,17.24,17.06,17.174999999999997,16.905,16.845,16.71726666666667
372,17.23,16.81,17.23,17.43,16.98,16.72,17.39,16.53,16.76,16.32,17.24,17.06,17.174999999999997,16.905,16.845,16.7242
373,17.23,16.81,17.23,17.43,16.98,16.72,17.39,16.53,16.76,16.32,17.24,17.06,17.174999999999997,16.905,16.845,16.731133333333336
374,17.23,16.81,17.23,17.43,16.98,16.72,17.39,16.53,16.76,16.32,17.24,17.06,17.174999999999997,16.905,16.845,16.73806666666667
375,17.23,16.81,17.23,17.43,16.98,16.72,17.39,16.53,16.76,16.32,17.24,17.06,17.174999999999997,16.905,16.845,16.745
376,17.23,16.81,17.23,17.43,16.98,16.72,17.39,16.53,16.76,16.32,17.24,17.06,17.174999999999997,16.905,16.845,16.751933333333337
377,17.23,16.81,17.23,17.43,16.98,16.72,17.39,16.53,16.76,16.32,17.24,17.06,17.174999999999997,16.905,16.845,16.758866666666666
378,17.23,16.81,17.23,17.43,16.98,16.72,17.39,16.53,16.76,16.32,17.24,17.06,17.174999999999997,16.905,16.845,16.7658
379,17.23,16.81,17.23,17.43,16.98,16.72,17.39,16.53,16.76,16.32,17.24,17.06,17.174999999999997,16.905,16.845,16.772733333333335
380,16.34,16.94,17.13,17.42,16.59,17.14,17.07,17.66,16.76,16.64,17.03,17.68,16.9575,17.115000000000002,17.027500000000003,16.782
381,16.34,16.94,17.13,17.42,16.59,17.14,17.07,17.66,16.76,16.64,17.03,17.68,16.9575,17.115000000000002,17.027500000000003,16.79126666666667
382,16.34,16.94,17.13,17.42,16.59,17.14,17.07,17.66,16.76,16.64,17.03,17.68,16.9575,17.115000000000002,17.027500000000003,16.8093
383,16.34,16.94,17.13,17.42,16.59,17.14,17.07,17.66,16.76,16.64,17.03,17.68,16.9575,17.115000000000002,17.027500000000003,16.827333333333332
384,16.34,16.94,17.13,17.42,16.59,17.14,17.07,17.66,16.76,16.64,17.03,17.68,16.9575,17.115000000000002,17.027500000000003,16.845366666666667
385,16.34,16.94,17.13,17.42,16.59,17.14,17.07,17.66,16.76,16.64,17.03,17.68,16.9575,17.115000000000002,17.027500000000003,16.863400000000002
386,16.34,16.94,17.13,17.42,16.59,17.14,17.07,17.66,16.76,16.64,17.03,17.68,16.9575,17.115000000000002,17.027500000000003,16.881433333333334
387,16.34,16.94,17.13,17.42,16.59,17.14,17.07,17.66,16.76,16.64,17.03,17.68,16.9575,17.115000000000002,17.027500000000003,16.89946666666667
388,16.34,16.94,17.13,17.42,16.59,17.14,17.07,17.66,16.76,16.64,17.03,17.68,16.9575,17.115000000000002,17.027500000000003,16.917500000000004
389,16.34,16.94,17.13,17.42,16.59,17.14,17.07,17.66,16.76,16.64,17.03,17.68,16.9575,17.115000000000002,17.027500000000003,16.935533333333336
390,16.34,16.94,17.13,17.42,16.59,17.14,17.07,17.66,16.76,16.64,17.03,17.68,16.9575,17.115000000000002,17.027500000000003,16.953566666666667
391,15.92,16.7,16.44,17.55,16.47,16.51,16.62,15.49,16.45,15.91,16.69,16.92,16.6525,16.2725,16.4925,16.949166666666667
392,15.92,16.7,16.44,17.55,16.47,16.51,16.62,15.49,16.45,15.91,16.69,16.92,16.6525,16.2725,16.4925,16.94476666666667
393,15.92,16.7,16.44,17.55,16.47,16.51,16.62,15.49,16.45,15.91,16.69,16.92,16.6525,16.2725,16.4925,16.94036666666667
394,15.92,16.7,16.44,17.55,16.47,16.51,16.62,15.49,16.45,15.91,16.69,16.92,16.6525,16.2725,16.4925,16.92026666666667
395,15.92,16.7,16.44,17.55,16.47,16.51,16.62,15.49,16.45,15.91,16.69,16.92,16.6525,16.2725,16.4925,16.900166666666667
396,15.92,16.7,16.44,17.55,16.47,16.51,16.62,15.49,16.45,15.91,16.69,16.92,16.6525,16.2725,16.4925,16.880066666666668
397,15.92,16.7,16.44,17.55,16.47,16.51,16.62,15.49,16.45,15.91,16.69,16.92,16.6525,16.2725,16.4925,16.85996666666667
398,15.92,16.7,16.44,17.55,16.47,16.51,16.62,15.49,16.45,15.91,16.69,16.92,16.6525,16.2725,16.4925,16.83986666666667
399,15.92,16.7,16.44,17.55,16.47,16.51,16.62,15.49,16.45,15.91,16.69,16.92,16.6525,16.2725,16.4925,16.81976666666667
400,15.92,16.7,16.44,17.55,16.47,16.51,16.62,15.49,16.45,15.91,16.69,16.92,16.6525,16.2725,16.4925,16.79966666666667
401,15.92,16.7,16.44,17.55,16.47,16.51,16.62,15.49,16.45,15.91,16.69,16.92,16.6525,16.2725,16.4925,16.779566666666668
402,16.64,16.72,17.79,16.38,16.87,16.43,17.49,17.16,16.75,16.42,17.34,16.57,16.8825,16.987499999999997,16.770000000000003,16.77576666666667
403,16.64,16.72,17.79,16.38,16.87,16.43,17.49,17.16,16.75,16.42,17.34,16.57,16.8825,16.987499999999997,16.770000000000003,16.771966666666668
404,16.64,16.72,17.79,16.38,16.87,16.43,17.49,17.16,16.75,16.42,17.34,16.57,16.8825,16.987499999999997,16.770000000000003,16.76816666666667
405,16.64,16.72,17.79,16.38,16.87,16.43,17.49,17.16,16.75,16.42,17.34,16.57,16.8825,16.987499999999997,16.770000000000003,16.762033333333335
406,16.64,16.72,17.79,16.38,16.87,16.43,17.49,17.16,16.75,16.42,17.34,16.57,16.8825,16.987499999999997,16.770000000000003,16.7559
407,16.64,16.72,17.79,16.38,16.87,16.43,17.49,17.16,16.75,16.42,17.34,16.57,16.8825,16.987499999999997,16.770000000000003,16.74976666666667
408,16.64,16.72,17.79,16.38,16.87,16.43,17.49,17.16,16.75,16.42,17.34,16.57,16.8825,16.987499999999997,16.770000000000003,16.743633333333335
409,16.64,16.72,17.79,16.38,16.87,16.43,17.49,17.16,16.75,16.42,17.34,16.57,16.8825,16.987499999999997,16.770000000000003,16.7375
410,16.64,16.72,17.79,16.38,16.87,16.43,17.49,17.16,16.75,16.42,17.34,16.57,16.8825,16.987499999999997,16.770000000000003,16.731366666666666
411,16.64,16.72,17.79,16.38,16.87,16.43,17.49,17.16,16.75,16.42,17.34,16.57,16.8825,16.987499999999997,16.770000000000003,16.725233333333335
412,16.64,16.72,17.79,16.38,16.87,16.43,17.49,17.16,16.75,16.42,17.34,16.57,16.8825,16.987499999999997,16.770000000000003,16.7191
413,16.11,15.96,16.87,17.41,16.56,16.5,16.07,16.38,16.25,16.3,16.67,16.79,16.5875,16.3775,16.502499999999998,16.697333333333333
414,16.11,15.96,16.87,17.41,16.56,16.5,16.07,16.38,16.25,16.3,16.67,16.79,16.5875,16.3775,16.502499999999998,16.67556666666667
415,16.11,15.96,16.87,17.41,16.56,16.5,16.07,16.38,16.25,16.3,16.67,16.79,16.5875,16.3775,16.502499999999998,16.6538
416,16.11,15.96,16.87,17.41,16.56,16.5,16.07,16.38,16.25,16.3,16.67,16.79,16.5875,16.3775,16.502499999999998,16.654466666666668
417,16.11,15.96,16.87,17.41,16.56,16.5,16.07,16.38,16.25,16.3,16.67,16.79,16.5875,16.3775,16.502499999999998,16.655133333333335
418,16.11,15.96,16.87,17.41,16.56,16.5,16.07,16.38,16.25,16.3,16.67,16.79,16.5875,16.3775,16.502499999999998,16.655800000000003
419,16.11,15.96,16.87,17.41,16.56,16.5,16.07,16.38,16.25,16.3,16.67,16.79,16.5875,16.3775,16.502499999999998,16.656466666666667
420,16.11,15.96,16.87,17.41,16.56,16.5,16.07,16.38,16.25,16.3,16.67,16.79,16.5875,16.3775,16.502499999999998,16.657133333333334
421,16.11,15.96,16.87,17.41,16.56,16.5,16.07,16.38,16.25,16.3,16.67,16.79,16.5875,16.3775,16.502499999999998,16.657799999999998
422,16.11,15.96,16.87,17.41,16.56,16.5,16.07,16.38,16.25,16.3,16.67,16.79,16.5875,16.3775,16.502499999999998,16.65846666666667
423,16.11,15.96,16.87,17.41,16.56,16.5,16.07,16.38,16.25,16.3,16.67,16.79,16.5875,16.3775,16.502499999999998,16.659133333333333
424,16.11,15.96,16.87,17.41,16.56,16.5,16.07,16.38,16.25,16.3,16.67,16.79,16.5875,16.3775,16.502499999999998,16.6598
425,16.64,16.81,16.45,17.56,16.5,16.32,16.85,17.16,16.85,16.41,17.13,16.56,16.865000000000002,16.7075,16.7375,16.6717
426,16.64,16.81,16.45,17.56,16.5,16.32,16.85,17.16,16.85,16.41,17.13,16.56,16.865000000000002,16.7075,16.7375,16.683600000000002
427,16.64,16.81,16.45,17.56,16.5,16.32,16.85,17.16,16.85,16.41,17.13,16.56,16.865000000000002,16.7075,16.7375,16.6792
428,16.64,16.81,16.45,17.56,16.5,16.32,16.85,17.16,16.85,16.41,17.13,16.56,16.865000000000002,16.7075,16.7375,16.6748
429,16.64,16.81,16.45,17.56,16.5,16.32,16.85,17.16,16.85,16.41,17.13,16.56,16.865000000000002,16.7075,16.7375,16.6704
430,16.64,16.81,16.45,17.56,16.5,16.32,16.85,17.16,16.85,16.41,17.13,16.56,16.865000000000002,16.7075,16.7375,16.666
431,16.64,16.81,16.45,17.56,16.5,16.32,16.85,17.16,16.85,16.41,17.13,16.56,16.865000000000002,16.7075,16.7375,16.6616
432,16.64,16.81,16.45,17.56,16.5,16.32,16.85,17.16,16.85,16.41,17.13,16.56,16.865000000000002,16.7075,16.7375,16.6572
433,16.64,16.81,16.45,17.56,16.5,16.32,16.85,17.16,16.85,16.41,17.13,16.56,16.865000000000002,16.7075,16.7375,16.6528
434,16.64,16.81,16.45,17.56,16.5,16.32,16.85,17.16,16.85,16.41,17.13,16.56,16.865000000000002,16.7075,16.7375,16.648400000000002
435,16.64,16.81,16.45,17.56,16.5,16.32,16.85,17.16,16.85,16.41,17.13,16.56,16.865000000000002,16.7075,16.7375,16.644000000000002
436,16.02,16.5,16.55,17.03,16.28,16.81,16.94,16.52,16.64,16.31,17.22,16.8,16.525,16.6375,16.7425,16.6342
437,16.02,16.5,16.55,17.03,16.28,16.81,16.94,16.52,16.64,16.31,17.22,16.8,16.525,16.6375,16.7425,16.6244
438,16.02,16.5,16.55,17.03,16.28,16.81,16.94,16.52,16.64,16.31,17.22,16.8,16.525,16.6375,16.7425,16.630233333333333
439,16.02,16.5,16.55,17.03,16.28,16.81,16.94,16.52,16.64,16.31,17.22,16.8,16.525,16.6375,16.7425,16.636066666666665
440,16.02,16.5,16.55,17.03,16.28,16.81,16.94,16.52,16.64,16.31,17.22,16.8,16.525,16.6375,16.7425,16.6419
441,16.02,16.5,16.55,17.03,16.28,16.81,16.94,16.52,16.64,16.31,17.22,16.8,16.525,16.6375,16.7425,16.647733333333335
442,16.02,16.5,16.55,17.03,16.28,16.81,16.94,16.52,16.64,16.31,17.22,16.8,16.525,16.6375,16.7425,16.653566666666666
443,16.02,16.5,16.55,17.03,16.28,16.81,16.94,16.52,16.64,16.31,17.22,16.8,16.525,16.6375,16.7425,16.659399999999998
444,16.02,16.5,16.55,17.03,16.28,16.81,16.94,16.52,16.64,16.31,17.22,16.8,16.525,16.6375,16.7425,16.66523333333333
445,16.02,16.5,16.55,17.03,16.28,16.81,16.94,16.52,16.64,16.31,17.22,16.8,16.525,16.6375,16.7425,16.671066666666665
446,16.02,16.5,16.55,17.03,16.28,16.81,16.94,16.52,16.64,16.31,17.22,16.8,16.525,16.6375,16.7425,16.6769
447,16.92,17.02,17.0,16.64,16.96,16.03,17.05,16.15,16.74,16.42,17.33,16.94,16.895,16.5475,16.857499999999998,16.688
448,16.92,17.02,17.0,16.64,16.96,16.03,17.05,16.15,16.74,16.42,17.33,16.94,16.895,16.5475,16.857499999999998,16.699099999999998
449,16.92,17.02,17.0,16.64,16.96,16.03,17.05,16.15,16.74,16.42,17.33,16.94,16.895,16.5475,16.857499999999998,16.7102
450,16.92,17.02,17.0,16.64,16.96,16.03,17.05,16.15,16.74,16.42,17.33,16.94,16.895,16.5475,16.857499999999998,16.710066666666666
451,16.92,17.02,17.0,16.64,16.96,16.03,17.05,16.15,16.74,16.42,17.33,16.94,16.895,16.5475,16.857499999999998,16.709933333333332
452,16.92,17.02,17.0,16.64,16.96,16.03,17.05,16.15,16.74,16.42,17.33,16.94,16.895,16.5475,16.857499999999998,16.7098
453,16.92,17.02,17.0,16.64,16.96,16.03,17.05,16.15,16.74,16.42,17.33,16.94,16.895,16.5475,16.857499999999998,16.709666666666667
454,16.92,17.02,17.0,16.64,16.96,16.03,17.05,16.15,16.74,16.42,17.33,16.94,16.895,16.5475,16.857499999999998,16.709533333333333
455,16.92,17.02,17.0,16.64,16.96,16.03,17.05,16.15,16.74,16.42,17.33,16.94,16.895,16.5475,16.857499999999998,16.7094
456,16.92,17.02,17.0,16.64,16.96,16.03,17.05,16.15,16.74,16.42,17.33,16.94,16.895,16.5475,16.857499999999998,16.709266666666664
457,16.92,17.02,17.0,16.64,16.96,16.03,17.05,16.15,16.74,16.42,17.33,16.94,16.895,16.5475,16.857499999999998,16.70913333333333
458,16.33,17.01,16.89,16.89,16.77,16.41,17.49,16.13,17.12,16.41,17.44,16.93,16.78,16.7,16.975,16.711066666666664
459,16.33,17.01,16.89,16.89,16.77,16.41,17.49,16.13,17.12,16.41,17.44,16.93,16.78,16.7,16.975,16.712999999999997
460,16.33,17.01,16.89,16.89,16.77,16.41,17.49,16.13,17.12,16.41,17.44,16.93,16.78,16.7,16.975,16.71493333333333
461,16.33,17.01,16.89,16.89,16.77,16.41,17.49,16.13,17.12,16.41,17.44,16.93,16.78,16.7,16.975,16.722266666666666
462,16.33,17.01,16.89,16.89,16.77,16.41,17.49,16.13,17.12,16.41,17.44,16.93,16.78,16.7,16.975,16.729599999999998
463,16.33,17.01,16.89,16.89,16.77,16.41,17.49,16.13,17.12,16.41,17.44,16.93,16.78,16.7,16.975,16.736933333333333
464,16.33,17.01,16.89,16.89,16.77,16.41,17.49,16.13,17.12,16.41,17.44,16.93,16.78,16.7,16.975,16.744266666666665
465,16.33,17.01,16.89,16.89,16.77,16.41,17.49,16.13,17.12,16.41,17.44,16.93,16.78,16.7,16.975,16.7516
466,16.33,17.01,16.89,16.89,16.77,16.41,17.49,16.13,17.12,16.41,17.44,16.93,16.78,16.7,16.975,16.75893333333333
467,16.33,17.01,16.89,16.89,16.77,16.41,17.49,16.13,17.12,16.41,17.44,16.93,16.78,16.7,16.975,16.766266666666667
468,16.33,17.01,16.89,16.89,16.77,16.41,17.49,16.13,17.12,16.41,17.44,16.93,16.78,16.7,16.975,16.7736
469,16.52,17.11,16.99,16.86,16.77,16.81,17.04,16.36,16.37,17.09,17.21,16.28,16.869999999999997,16.744999999999997,16.7375,16.779566666666664
470,16.52,17.11,16.99,16.86,16.77,16.81,17.04,16.36,16.37,17.09,17.21,16.28,16.869999999999997,16.744999999999997,16.7375,16.785533333333333
471,16.52,17.11,16.99,16.86,16.77,16.81,17.04,16.36,16.37,17.09,17.21,16.28,16.869999999999997,16.744999999999997,16.7375,16.7915
472,16.52,17.11,16.99,16.86,16.77,16.81,17.04,16.36,16.37,17.09,17.21,16.28,16.869999999999997,16.744999999999997,16.7375,16.792199999999998
473,16.52,17.11,16.99,16.86,16.77,16.81,17.04,16.36,16.37,17.09,17.21,16.28,16.869999999999997,16.744999999999997,16.7375,16.7929
474,16.52,17.11,16.99,16.86,16.77,16.81,17.04,16.36,16.37,17.09,17.21,16.28,16.869999999999997,16.744999999999997,16.7375,16.7936
475,16.52,17.11,16.99,16.86,16.77,16.81,17.04,16.36,16.37,17.09,17.21,16.28,16.869999999999997,16.744999999999997,16.7375,16.7943
476,16.52,17.11,16.99,16.86,16.77,16.81,17.04,16.36,16.37,17.09,17.21,16.28,16.869999999999997,16.744999999999997,16.7375,16.795
477,16.52,17.11,16.99,16.86,16.77,16.81,17.04,16.36,16.37,17.09,17.21,16.28,16.869999999999997,16.744999999999997,16.7375,16.7957
478,16.52,17.11,16.99,16.86,16.77,16.81,17.04,16.36,16.37,17.09,17.21,16.28,16.869999999999997,16.744999999999997,16.7375,16.7964
479,16.52,17.11,16.99,16.86,16.77,16.81,17.04,16.36,16.37,17.09,17.21,16.28,16.869999999999997,16.744999999999997,16.7375,16.7971
480,16.62,16.29,16.42,15.95,16.86,16.72,17.04,17.13,16.74,16.71,17.21,16.29,16.32,16.9375,16.7375,16.793033333333334
481,16.62,16.29,16.42,15.95,16.86,16.72,17.04,17.13,16.74,16.71,17.21,16.29,16.32,16.9375,16.7375,16.788966666666667
482,16.62,16.29,16.42,15.95,16.86,16.72,17.04,17.13,16.74,16.71,17.21,16.29,16.32,16.9375,16.7375,16.7849
483,16.62,16.29,16.42,15.95,16.86,16.72,17.04,17.13,16.74,16.71,17.21,16.29,16.32,16.9375,16.7375,16.77876666666667
484,16.62,16.29,16.42,15.95,16.86,16.72,17.04,17.13,16.74,16.71,17.21,16.29,16.32,16.9375,16.7375,16.77263333333333
485,16.62,16.29,16.42,15.95,16.86,16.72,17.04,17.13,16.74,16.71,17.21,16.29,16.32,16.9375,16.7375,16.7665
486,16.62,16.29,16.42,15.95,16.86,16.72,17.04,17.13,16.74,16.71,17.21,16.29,16.32,16.9375,16.7375,16.760366666666666
487,16.62,16.29,16.42,15.95,16.86,16.72,17.04,17.13,16.74,16.71,17.21,16.29,16.32,16.9375,16.7375,16.754233333333335
488,16.62,16.29,16.42,15.95,16.86,16.72,17.04,17.13,16.74,16.71,17.21,16.29,16.32,16.9375,16.7375,16.7481
489,16.62,16.29,16.42,15.95,16.86,16.72,17.04,17.13,16.74,16.71,17.21,16.29,16.32,16.9375,16.7375,16.741966666666666
490,16.62,16.29,16.42,15.95,16.86,16.72,17.04,17.13,16.74,16.71,17.21,16.29,16.32,16.9375,16.7375,16.735833333333336
491,16.62,16.29,16.42,15.95,16.86,16.72,17.04,17.13,16.74,16.71,17.21,16.29,16.32,16.9375,16.7375,16.7297
492,16.82,16.82,17.33,17.65,16.58,16.64,17.27,15.85,16.83,16.73,17.01,17.28,17.155,16.584999999999997,16.962500000000002,16.733
493,16.82,16.82,17.33,17.65,16.58,16.64,17.27,15.85,16.83,16.73,17.01,17.28,17.155,16.584999999999997,16.962500000000002,16.7363
494,16.82,16.82,17.33,17.65,16.58,16.64,17.27,15.85,16.83,16.73,17.01,17.28,17.155,16.584999999999997,16.962500000000002,16.74096666666667
495,16.82,16.82,17.33,17.65,16.58,16.64,17.27,15.85,16.83,16.73,17.01,17.28,17.155,16.584999999999997,16.962500000000002,16.745633333333334
496,16.82,16.82,17.33,17.65,16.58,16.64,17.27,15.85,16.83,16.73,17.01,17.28,17.155,16.584999999999997,16.962500000000002,16.750300000000003
497,16.82,16.82,17.33,17.65,16.58,16.64,17.27,15.85,16.83,16.73,17.01,17.28,17.155,16.584999999999997,16.962500000000002,16.754966666666668
498,16.82,16.82,17.33,17.65,16.58,16.64,17.27,15.85,16.83,16.73,17.01,17.28,17.155,16.584999999999997,16.962500000000002,16.759633333333333
499,16.82,16.82,17.33,17.65,16.58,16.64,17.27,15.85,16.83,16.73,17.01,17.28,17.155,16.584999999999997,16.962500000000002,16.764300000000002
500,16.82,16.82,17.33,17.65,16.58,16.64,17.27,15.85,16.83,16.73,17.01,17.28,17.155,16.584999999999997,16.962500000000002,16.768966666666667
501,16.82,16.82,17.33,17.65,16.58,16.64,17.27,15.85,16.83,16.73,17.01,17.28,17.155,16.584999999999997,16.962500000000002,16.773633333333336
502,16.82,16.82,17.33,17.65,16.58,16.64,17.27,15.85,16.83,16.73,17.01,17.28,17.155,16.584999999999997,16.962500000000002,16.7783
503,16.91,16.6,16.21,16.63,16.57,16.01,17.47,16.26,16.83,16.7,17.22,17.42,16.587500000000002,16.5775,17.0425,16.776366666666668
504,16.91,16.6,16.21,16.63,16.57,16.01,17.47,16.26,16.83,16.7,17.22,17.42,16.587500000000002,16.5775,17.0425,16.774433333333334
505,16.91,16.6,16.21,16.63,16.57,16.01,17.47,16.26,16.83,16.7,17.22,17.42,16.587500000000002,16.5775,17.0425,16.77726666666667
506,16.91,16.6,16.21,16.63,16.57,16.01,17.47,16.26,16.83,16.7,17.22,17.42,16.587500000000002,16.5775,17.0425,16.7801
507,16.91,16.6,16.21,16.63,16.57,16.01,17.47,16.26,16.83,16.7,17.22,17.42,16.587500000000002,16.5775,17.0425,16.782933333333336
508,16.91,16.6,16.21,16.63,16.57,16.01,17.47,16.26,16.83,16.7,17.22,17.42,16.587500000000002,16.5775,17.0425,16.78576666666667
509,16.91,16.6,16.21,16.63,16.57,16.01,17.47,16.26,16.83,16.7,17.22,17.42,16.587500000000002,16.5775,17.0425,16.788600000000002
510,16.91,16.6,16.21,16.63,16.57,16.01,17.47,16.26,16.83,16.7,17.22,17.42,16.587500000000002,16.5775,17.0425,16.791433333333337
511,16.91,16.6,16.21,16.63,16.57,16.01,17.47,16.26,16.83,16.7,17.22,17.42,16.587500000000002,16.5775,17.0425,16.79426666666667
512,16.91,16.6,16.21,16.63,16.57,16.01,17.47,16.26,16.83,16.7,17.22,17.42,16.587500000000002,16.5775,17.0425,16.797100000000004
513,16.91,16.6,16.21,16.63,16.57,16.01,17.47,16.26,16.83,16.7,17.22,17.42,16.587500000000002,16.5775,17.0425,16.799933333333335
514,16.41,17.61,16.65,17.27,16.66,16.49,17.14,16.62,16.72,16.19,17.42,16.66,16.985,16.7275,16.7475,16.806133333333335
515,16.41,17.61,16.65,17.27,16.66,16.49,17.14,16.62,16.72,16.19,17.42,16.66,16.985,16.7275,16.7475,16.812333333333335
516,16.41,17.61,16.65,17.27,16.66,16.49,17.14,16.62,16.72,16.19,17.42,16.66,16.985,16.7275,16.7475,16.81853333333333
517,16.41,17.61,16.65,17.27,16.66,16.49,17.14,16.62,16.72,16.19,17.42,16.66,16.985,16.7275,16.7475,16.8153
518,16.41,17.61,16.65,17.27,16.66,16.49,17.14,16.62,16.72,16.19,17.42,16.66,16.985,16.7275,16.7475,16.812066666666666
519,16.41,17.61,16.65,17.27,16.66,16.49,17.14,16.62,16.72,16.19,17.42,16.66,16.985,16.7275,16.7475,16.808833333333332
520,16.41,17.61,16.65,17.27,16.66,16.49,17.14,16.62,16.72,16.19,17.42,16.66,16.985,16.7275,16.7475,16.8056
521,16.41,17.61,16.65,17.27,16.66,16.49,17.14,16.62,16.72,16.19,17.42,16.66,16.985,16.7275,16.7475,16.802366666666668
522,16.41,17.61,16.65,17.27,16.66,16.49,17.14,16.62,16.72,16.19,17.42,16.66,16.985,16.7275,16.7475,16.79913333333333
523,16.41,17.61,16.65,17.27,16.66,16.49,17.14,16.62,16.72,16.19,17.42,16.66,16.985,16.7275,16.7475,16.7959
524,16.41,17.61,16.65,17.27,16.66,16.49,17.14,16.62,16.72,16.19,17.42,16.66,16.985,16.7275,16.7475,16.792666666666666
525,16.91,16.38,16.76,17.67,16.47,16.5,17.26,16.5,17.01,16.49,17.32,17.16,16.93,16.6825,16.995,16.7914
526,16.91,16.38,16.76,17.67,16.47,16.5,17.26,16.5,17.01,16.49,17.32,17.16,16.93,16.6825,16.995,16.790133333333337
527,16.91,16.38,16.76,17.67,16.47,16.5,17.26,16.5,17.01,16.49,17.32,17.16,16.93,16.6825,16.995,16.788866666666664
528,16.91,16.38,16.76,17.67,16.47,16.5,17.26,16.5,17.01,16.49,17.32,17.16,16.93,16.6825,16.995,16.7942
529,16.91,16.38,16.76,17.67,16.47,16.5,17.26,16.5,17.01,16.49,17.32,17.16,16.93,16.6825,16.995,16.799533333333333
530,16.91,16.38,16.76,17.67,16.47,16.5,17.26,16.5,17.01,16.49,17.32,17.16,16.93,16.6825,16.995,16.804866666666666
531,16.91,16.38,16.76,17.67,16.47,16.5,17.26,16.5,17.01,16.49,17.32,17.16,16.93,16.6825,16.995,16.8102
532,16.91,16.38,16.76,17.67,16.47,16.5,17.26,16.5,17.01,16.49,17.32,17.16,16.93,16.6825,16.995,16.81553333333333
533,16.91,16.38,16.76,17.67,16.47,16.5,17.26,16.5,17.01,16.49,17.32,17.16,16.93,16.6825,16.995,16.820866666666667
534,16.91,16.38,16.76,17.67,16.47,16.5,17.26,16.5,17.01,16.49,17.32,17.16,16.93,16.6825,16.995,16.8262
535,16.91,16.38,16.76,17.67,16.47,16.5,17.26,16.5,17.01,16.49,17.32,17.16,16.93,16.6825,16.995,16.831533333333333
536,16.21,16.17,16.87,17.67,16.46,16.3,16.61,16.76,16.06,16.3,17.31,16.67,16.73,16.532500000000002,16.585,16.826733333333333
537,16.21,16.17,16.87,17.67,16.46,16.3,16.61,16.76,16.06,16.3,17.31,16.67,16.73,16.532500000000002,16.585,16.821933333333334
538,16.21,16.17,16.87,17.67,16.46,16.3,16.61,16.76,16.06,16.3,17.31,16.67,16.73,16.532500000000002,16.585,16.817133333333334
539,16.21,16.17,16.87,17.67,16.46,16.3,16.61,16.76,16.06,16.3,17.31,16.67,16.73,16.532500000000002,16.585,16.808966666666667
540,16.21,16.17,16.87,17.67,16.46,16.3,16.61,16.76,16.06,16.3,17.31,16.67,16.73,16.532500000000002,16.585,16.800800000000002
541,16.21,16.17,16.87,17.67,16.46,16.3,16.61,16.76,16.06,16.3,17.31,16.67,16.73,16.532500000000002,16.585,16.792633333333335
542,16.21,16.17,16.87,17.67,16.46,16.3,16.61,16.76,16.06,16.3,17.31,16.67,16.73,16.532500000000002,16.585,16.784466666666667
543,16.21,16.17,16.87,17.67,16.46,16.3,16.61,16.76,16.06,16.3,17.31,16.67,16.73,16.532500000000002,16.585,16.776300000000003
544,16.21,16.17,16.87,17.67,16.46,16.3,16.61,16.76,16.06,16.3,17.31,16.67,16.73,16.532500000000002,16.585,16.76813333333333
545,16.21,16.17,16.87,17.67,16.46,16.3,16.61,16.76,16.06,16.3,17.31,16.67,16.73,16.532500000000002,16.585,16.759966666666667
546,16.21,16.17,16.87,17.67,16.46,16.3,16.61,16.76,16.06,16.3,17.31,16.67,16.73,16.532500000000002,16.585,16.7518
547,16.21,16.17,16.87,17.67,16.46,16.3,16.61,16.76,16.06,16.3,17.31,16.67,16.73,16.532500000000002,16.585,16.743633333333335
548,16.52,16.91,16.77,16.77,16.47,17.21,17.58,17.03,17.11,16.8,17.11,17.05,16.7425,17.072499999999998,17.0175,16.7486
549,16.52,16.91,16.77,16.77,16.47,17.21,17.58,17.03,17.11,16.8,17.11,17.05,16.7425,17.072499999999998,17.0175,16.753566666666668
550,16.52,16.91,16.77,16.77,16.47,17.21,17.58,17.03,17.11,16.8,17.11,17.05,16.7425,17.072499999999998,17.0175,16.756566666666668
551,16.52,16.91,16.77,16.77,16.47,17.21,17.58,17.03,17.11,16.8,17.11,17.05,16.7425,17.072499999999998,17.0175,16.759566666666668
552,16.52,16.91,16.77,16.77,16.47,17.21,17.58,17.03,17.11,16.8,17.11,17.05,16.7425,17.072499999999998,17.0175,16.762566666666668
553,16.52,16.91,16.77,16.77,16.47,17.21,17.58,17.03,17.11,16.8,17.11,17.05,16.7425,17.072499999999998,17.0175,16.765566666666665
554,16.52,16.91,16.77,16.77,16.47,17.21,17.58,17.03,17.11,16.8,17.11,17.05,16.7425,17.072499999999998,17.0175,16.768566666666665
555,16.52,16.91,16.77,16.77,16.47,17.21,17.58,17.03,17.11,16.8,17.11,17.05,16.7425,17.072499999999998,17.0175,16.771566666666665
556,16.52,16.91,16.77,16.77,16.47,17.21,17.58,17.03,17.11,16.8,17.11,17.05,16.7425,17.072499999999998,17.0175,16.774566666666665
557,16.52,16.91,16.77,16.77,16.47,17.21,17.58,17.03,17.11,16.8,17.11,17.05,16.7425,17.072499999999998,17.0175,16.777566666666665
558,16.52,16.91,16.77,16.77,16.47,17.21,17.58,17.03,17.11,16.8,17.11,17.05,16.7425,17.072499999999998,17.0175,16.780566666666665
559,16.41,16.07,16.21,16.92,15.98,16.1,17.15,16.66,16.34,16.2,16.68,16.44,16.402500000000003,16.4725,16.415,16.762999999999998
560,16.41,16.07,16.21,16.92,15.98,16.1,17.15,16.66,16.34,16.2,16.68,16.44,16.402500000000003,16.4725,16.415,16.745433333333335
561,16.41,16.07,16.21,16.92,15.98,16.1,17.15,16.66,16.34,16.2,16.68,16.44,16.402500000000003,16.4725,16.415,16.738
562,16.41,16.07,16.21,16.92,15.98,16.1,17.15,16.66,16.34,16.2,16.68,16.44,16.402500000000003,16.4725,16.415,16.730566666666665
563,16.41,16.07,16.21,16.92,15.98,16.1,17.15,16.66,16.34,16.2,16.68,16.44,16.402500000000003,16.4725,16.415,16.723133333333333
564,16.41,16.07,16.21,16.92,15.98,16.1,17.15,16.66,16.34,16.2,16.68,16.44,16.402500000000003,16.4725,16.415,16.7157
565,16.41,16.07,16.21,16.92,15.98,16.1,17.15,16.66,16.34,16.2,16.68,16.44,16.402500000000003,16.4725,16.415,16.708266666666667
566,16.41,16.07,16.21,16.92,15.98,16.1,17.15,16.66,16.34,16.2,16.68,16.44,16.402500000000003,16.4725,16.415,16.700833333333335
567,16.41,16.07,16.21,16.92,15.98,16.1,17.15,16.66,16.34,16.2,16.68,16.44,16.402500000000003,16.4725,16.415,16.6934
568,16.41,16.07,16.21,16.92,15.98,16.1,17.15,16.66,16.34,16.2,16.68,16.44,16.402500000000003,16.4725,16.415,16.685966666666666
569,16.41,16.07,16.21,16.92,15.98,16.1,17.15,16.66,16.34,16.2,16.68,16.44,16.402500000000003,16.4725,16.415,16.678533333333334
570,16.83,16.5,16.99,16.87,17.25,16.13,16.73,16.25,16.75,16.03,17.33,17.16,16.7975,16.59,16.8175,16.683300000000003
571,16.83,16.5,16.99,16.87,17.25,16.13,16.73,16.25,16.75,16.03,17.33,17.16,16.7975,16.59,16.8175,16.688066666666668
572,16.83,16.5,16.99,16.87,17.25,16.13,16.73,16.25,16.75,16.03,17.33,17.16,16.7975,16.59,16.8175,16.692833333333333
573,16.83,16.5,16.99,16.87,17.25,16.13,16.73,16.25,16.75,16.03,17.33,17.16,16.7975,16.59,16.8175,16.684466666666665
574,16.83,16.5,16.99,16.87,17.25,16.13,16.73,16.25,16.75,16.03,17.33,17.16,16.7975,16.59,16.8175,16.6761
575,16.83,16.5,16.99,16.87,17.25,16.13,16.73,16.25,16.75,16.03,17.33,17.16,16.7975,16.59,16.8175,16.667733333333334
576,16.83,16.5,16.99,16.87,17.25,16.13,16.73,16.25,16.75,16.03,17.33,17.16,16.7975,16.59,16.8175,16.659366666666667
577,16.83,16.5,16.99,16.87,17.25,16.13,16.73,16.25,16.75,16.03,17.33,17.16,16.7975,16.59,16.8175,16.651
578,16.83,16.5,16.99,16.87,17.25,16.13,16.73,16.25,16.75,16.03,17.33,17.16,16.7975,16.59,16.8175,16.642633333333333
579,16.83,16.5,16.99,16.87,17.25,16.13,16.73,16.25,16.75,16.03,17.33,17.16,16.7975,16.59,16.8175,16.63426666666667
580,16.83,16.5,16.99,16.87,17.25,16.13,16.73,16.25,16.75,16.03,17.33,17.16,16.7975,16.59,16.8175,16.6259
581,16.52,16.29,16.88,16.89,16.85,15.71,17.26,16.77,16.73,16.7,16.79,16.92,16.645,16.6475,16.785,16.615833333333335
582,16.52,16.29,16.88,16.89,16.85,15.71,17.26,16.77,16.73,16.7,16.79,16.92,16.645,16.6475,16.785,16.605766666666668
583,16.52,16.29,16.88,16.89,16.85,15.71,17.26,16.77,16.73,16.7,16.79,16.92,16.645,16.6475,16.785,16.5957
584,16.52,16.29,16.88,16.89,16.85,15.71,17.26,16.77,16.73,16.7,16.79,16.92,16.645,16.6475,16.785,16.606199999999998
585,16.52,16.29,16.88,16.89,16.85,15.71,17.26,16.77,16.73,16.7,16.79,16.92,16.645,16.6475,16.785,16.6167
586,16.52,16.29,16.88,16.89,16.85,15.71,17.26,16.77,16.73,16.7,16.79,16.92,16.645,16.6475,16.785,16.627200000000002
587,16.52,16.29,16.88,16.89,16.85,15.71,17.26,16.77,16.73,16.7,16.79,16.92,16.645,16.6475,16.785,16.6377
588,16.52,16.29,16.88,16.89,16.85,15.71,17.26,16.77,16.73,16.7,16.79,16.92,16.645,16.6475,16.785,16.6482
589,16.52,16.29,16.88,16.89,16.85,15.71,17.26,16.77,16.73,16.7,16.79,16.92,16.645,16.6475,16.785,16.6587
590,16.52,16.29,16.88,16.89,16.85,15.71,17.26,16.77,16.73,16.7,16.79,16.92,16.645,16.6475,16.785,16.6692
591,16.52,16.29,16.88,16.89,16.85,15.71,17.26,16.77,16.73,16.7,16.79,16.92,16.645,16.6475,16.785,16.679699999999997
592,15.99,16.87,16.51,16.99,16.34,17.07,16.8,16.61,16.04,16.66,16.97,16.89,16.59,16.705,16.64,16.688299999999998
593,15.99,16.87,16.51,16.99,16.34,17.07,16.8,16.61,16.04,16.66,16.97,16.89,16.59,16.705,16.64,16.696899999999996
594,15.99,16.87,16.51,16.99,16.34,17.07,16.8,16.61,16.04,16.66,16.97,16.89,16.59,16.705,16.64,16.705499999999997
595,15.99,16.87,16.51,16.99,16.34,17.07,16.8,16.61,16.04,16.66,16.97,16.89,16.59,16.705,16.64,16.701899999999995
596,15.99,16.87,16.51,16.99,16.34,17.07,16.8,16.61,16.04,16.66,16.97,16.89,16.59,16.705,16.64,16.698299999999996
597,15.99,16.87,16.51,16.99,16.34,17.07,16.8,16.61,16.04,16.66,16.97,16.89,16.59,16.705,16.64,16.694699999999997
598,15.99,16.87,16.51,16.99,16.34,17.07,16.8,16.61,16.04,16.66,16.97,16.89,16.59,16.705,16.64,16.691099999999995
599,15.99,16.87,16.51,16.99,16.34,17.07,16.8,16.61,16.04,16.66,16.97,16.89,16.59,16.705,16.64,16.687499999999996
