0,26.83,27.02,27.67,27.78,27.04,27.19,27.5,27.32,27.52,27.16,27.79,26.57,27.325,27.262500000000003,27.259999999999998,1.0913
1,26.83,27.02,27.67,27.78,27.04,27.19,27.5,27.32,27.52,27.16,27.79,26.57,27.325,27.262500000000003,27.259999999999998,2.1826
2,26.83,27.02,27.67,27.78,27.04,27.19,27.5,27.32,27.52,27.16,27.79,26.57,27.325,27.262500000000003,27.259999999999998,3.2739
3,26.83,27.02,27.67,27.78,27.04,27.19,27.5,27.32,27.52,27.16,27.79,26.57,27.325,27.262500000000003,27.259999999999998,4.3652
4,26.83,27.02,27.67,27.78,27.04,27.19,27.5,27.32,27.52,27.16,27.79,26.57,27.325,27.262500000000003,27.259999999999998,5.4565
5,26.83,27.02,27.67,27.78,27.04,27.19,27.5,27.32,27.52,27.16,27.79,26.57,27.325,27.262500000000003,27.259999999999998,6.5478
6,26.83,27.02,27.67,27.78,27.04,27.19,27.5,27.32,27.52,27.16,27.79,26.57,27.325,27.262500000000003,27.259999999999998,7.6391
7,26.83,27.02,27.67,27.78,27.04,27.19,27.5,27.32,27.52,27.16,27.79,26.57,27.325,27.262500000000003,27.259999999999998,8.7304
8,26.83,27.02,27.67,27.78,27.04,27.19,27.5,27.32,27.52,27.16,27.79,26.57,27.325,27.262500000000003,27.259999999999998,9.8217
9,26.83,27.02,27.67,27.78,27.04,27.19,27.5,27.32,27.52,27.16,27.79,26.57,27.325,27.262500000000003,27.259999999999998,10.913
10,27.0,27.04,27.25,27.93,26.84,27.5,27.2,27.34,27.13,27.09,27.28,27.67,27.305,27.220000000000002,27.2925,12.003899999999998
11,27.0,27.04,27.25,27.93,26.84,27.5,27.2,27.34,27.13,27.09,27.28,27.67,27.305,27.220000000000002,27.2925,13.094799999999998
12,27.0,27.04,27.25,27.93,26.84,27.5,27.2,27.34,27.13,27.09,27.28,27.67,27.305,27.220000000000002,27.2925,14.185699999999997
13,27.0,27.04,27.25,27.93,26.84,27.5,27.2,27.34,27.13,27.09,27.28,27.67,27.305,27.220000000000002,27.2925,15.276599999999997
14,27.0,27.04,27.25,27.93,26.84,27.5,27.2,27.34,27.13,27.09,27.28,27.67,27.305,27.220000000000002,27.2925,16.367499999999996
15,27.0,27.04,27.25,27.93,26.84,27.5,27.2,27.34,27.13,27.09,27.28,27.67,27.305,27.220000000000002,27.2925,17.4584
16,27.0,27.04,27.25,27.93,26.84,27.5,27.2,27.34,27.13,27.09,27.28,27.67,27.305,27.220000000000002,27.2925,18.549300000000002
17,27.0,27.04,27.25,27.93,26.84,27.5,27.2,27.34,27.13,27.09,27.28,27.67,27.305,27.220000000000002,27.2925,19.6402
18,27.0,27.04,27.25,27.93,26.84,27.5,27.2,27.34,27.13,27.09,27.28,27.67,27.305,27.220000000000002,27.2925,20.7311
19,27.0,27.04,27.25,27.93,26.84,27.5,27.2,27.34,27.13,27.09,27.28,27.67,27.305,27.220000000000002,27.2925,21.822000000000003
20,26.64,27.43,27.58,28.44,26.95,27.2,27.0,27.23,26.8,26.6,26.99,26.72,27.5225,27.095000000000002,26.7775,22.90726666666667
21,26.64,27.43,27.58,28.44,26.95,27.2,27.0,27.23,26.8,26.6,26.99,26.72,27.5225,27.095000000000002,26.7775,23.992533333333334
22,26.64,27.43,27.58,28.44,26.95,27.2,27.0,27.23,26.8,26.6,26.99,26.72,27.5225,27.095000000000002,26.7775,25.077800000000003
23,26.64,27.43,27.58,28.44,26.95,27.2,27.0,27.23,26.8,26.6,26.99,26.72,27.5225,27.095000000000002,26.7775,26.163066666666673
24,26.64,27.43,27.58,28.44,26.95,27.2,27.0,27.23,26.8,26.6,26.99,26.72,27.5225,27.095000000000002,26.7775,27.24833333333334
25,26.64,27.43,27.58,28.44,26.95,27.2,27.0,27.23,26.8,26.6,26.99,26.72,27.5225,27.095000000000002,26.7775,27.242300000000004
26,26.64,27.43,27.58,28.44,26.95,27.2,27.0,27.23,26.8,26.6,26.99,26.72,27.5225,27.095000000000002,26.7775,27.23626666666667
27,26.64,27.43,27.58,28.44,26.95,27.2,27.0,27.23,26.8,26.6,26.99,26.72,27.5225,27.095000000000002,26.7775,27.230233333333334
28,26.64,27.43,27.58,28.44,26.95,27.2,27.0,27.23,26.8,26.6,26.99,26.72,27.5225,27.095000000000002,26.7775,27.2242
29,26.64,27.43,27.58,28.44,26.95,27.2,27.0,27.23,26.8,26.6,26.99,26.72,27.5225,27.095000000000002,26.7775,27.218166666666672
30,26.64,27.43,27.58,28.44,26.95,27.2,27.0,27.23,26.8,26.6,26.99,26.72,27.5225,27.095000000000002,26.7775,27.21213333333334
31,26.82,27.14,26.81,26.81,27.03,27.21,26.78,26.74,27.06,26.99,26.67,27.33,26.895,26.94,27.0125,27.198800000000002
32,26.82,27.14,26.81,26.81,27.03,27.21,26.78,26.74,27.06,26.99,26.67,27.33,26.895,26.94,27.0125,27.185466666666667
33,26.82,27.14,26.81,26.81,27.03,27.21,26.78,26.74,27.06,26.99,26.67,27.33,26.895,26.94,27.0125,27.172133333333335
34,26.82,27.14,26.81,26.81,27.03,27.21,26.78,26.74,27.06,26.99,26.67,27.33,26.895,26.94,27.0125,27.158800000000006
35,26.82,27.14,26.81,26.81,27.03,27.21,26.78,26.74,27.06,26.99,26.67,27.33,26.895,26.94,27.0125,27.145866666666667
36,26.82,27.14,26.81,26.81,27.03,27.21,26.78,26.74,27.06,26.99,26.67,27.33,26.895,26.94,27.0125,27.132933333333334
37,26.82,27.14,26.81,26.81,27.03,27.21,26.78,26.74,27.06,26.99,26.67,27.33,26.895,26.94,27.0125,27.120000000000005
38,26.82,27.14,26.81,26.81,27.03,27.21,26.78,26.74,27.06,26.99,26.67,27.33,26.895,26.94,27.0125,27.107066666666665
39,26.82,27.14,26.81,26.81,27.03,27.21,26.78,26.74,27.06,26.99,26.67,27.33,26.895,26.94,27.0125,27.094133333333335
40,26.82,27.14,26.81,26.81,27.03,27.21,26.78,26.74,27.06,26.99,26.67,27.33,26.895,26.94,27.0125,27.081200000000003
41,26.82,27.14,26.81,26.81,27.03,27.21,26.78,26.74,27.06,26.99,26.67,27.33,26.895,26.94,27.0125,27.06826666666667
42,27.22,27.54,27.37,27.58,26.77,27.12,27.83,27.12,26.71,27.18,27.41,26.61,27.4275,27.21,26.9775,27.06556666666667
43,27.22,27.54,27.37,27.58,26.77,27.12,27.83,27.12,26.71,27.18,27.41,26.61,27.4275,27.21,26.9775,27.062866666666668
44,27.22,27.54,27.37,27.58,26.77,27.12,27.83,27.12,26.71,27.18,27.41,26.61,27.4275,27.21,26.9775,27.060166666666667
45,27.22,27.54,27.37,27.58,26.77,27.12,27.83,27.12,26.71,27.18,27.41,26.61,27.4275,27.21,26.9775,27.063100000000006
46,27.22,27.54,27.37,27.58,26.77,27.12,27.83,27.12,26.71,27.18,27.41,26.61,27.4275,27.21,26.9775,27.06603333333334
47,27.22,27.54,27.37,27.58,26.77,27.12,27.83,27.12,26.71,27.18,27.41,26.61,27.4275,27.21,26.9775,27.068966666666668
48,27.22,27.54,27.37,27.58,26.77,27.12,27.83,27.12,26.71,27.18,27.41,26.61,27.4275,27.21,26.9775,27.0719
49,27.22,27.54,27.37,27.58,26.77,27.12,27.83,27.12,26.71,27.18,27.41,26.61,27.4275,27.21,26.9775,27.07483333333334
50,27.22,27.54,27.37,27.58,26.77,27.12,27.83,27.12,26.71,27.18,27.41,26.61,27.4275,27.21,26.9775,27.077766666666673
51,27.22,27.54,27.37,27.58,26.77,27.12,27.83,27.12,26.71,27.18,27.41,26.61,27.4275,27.21,26.9775,27.0807
52,27.22,27.54,27.37,27.58,26.77,27.12,27.83,27.12,26.71,27.18,27.41,26.61,27.4275,27.21,26.9775,27.08363333333334
53,27.22,27.54,27.37,27.58,26.77,27.12,27.83,27.12,26.71,27.18,27.41,26.61,27.4275,27.21,26.9775,27.086566666666673
54,26.72,27.13,27.14,27.33,26.84,26.91,27.09,26.64,27.04,27.07,26.98,26.14,27.08,26.87,26.8075,27.07806666666667
55,26.72,27.13,27.14,27.33,26.84,26.91,27.09,26.64,27.04,27.07,26.98,26.14,27.08,26.87,26.8075,27.06956666666667
56,26.72,27.13,27.14,27.33,26.84,26.91,27.09,26.64,27.04,27.07,26.98,26.14,27.08,26.87,26.8075,27.068366666666666
57,26.72,27.13,27.14,27.33,26.84,26.91,27.09,26.64,27.04,27.07,26.98,26.14,27.08,26.87,26.8075,27.067166666666665
58,26.72,27.13,27.14,27.33,26.84,26.91,27.09,26.64,27.04,27.07,26.98,26.14,27.08,26.87,26.8075,27.065966666666668
59,26.72,27.13,27.14,27.33,26.84,26.91,27.09,26.64,27.04,27.07,26.98,26.14,27.08,26.87,26.8075,27.06476666666667
60,26.72,27.13,27.14,27.33,26.84,26.91,27.09,26.64,27.04,27.07,26.98,26.14,27.08,26.87,26.8075,27.06356666666667
61,26.72,27.13,27.14,27.33,26.84,26.91,27.09,26.64,27.04,27.07,26.98,26.14,27.08,26.87,26.8075,27.062366666666673
62,26.72,27.13,27.14,27.33,26.84,26.91,27.09,26.64,27.04,27.07,26.98,26.14,27.08,26.87,26.8075,27.061166666666672
63,26.72,27.13,27.14,27.33,26.84,26.91,27.09,26.64,27.04,27.07,26.98,26.14,27.08,26.87,26.8075,27.059966666666668
64,26.72,27.13,27.14,27.33,26.84,26.91,27.09,26.64,27.04,27.07,26.98,26.14,27.08,26.87,26.8075,27.05876666666667
65,27.39,27.24,27.13,27.57,27.22,27.21,27.5,27.48,27.15,27.74,27.28,27.21,27.332499999999996,27.352500000000003,27.345,27.074533333333335
66,27.39,27.24,27.13,27.57,27.22,27.21,27.5,27.48,27.15,27.74,27.28,27.21,27.332499999999996,27.352500000000003,27.345,27.090300000000003
67,27.39,27.24,27.13,27.57,27.22,27.21,27.5,27.48,27.15,27.74,27.28,27.21,27.332499999999996,27.352500000000003,27.345,27.095833333333335
68,27.39,27.24,27.13,27.57,27.22,27.21,27.5,27.48,27.15,27.74,27.28,27.21,27.332499999999996,27.352500000000003,27.345,27.101366666666667
69,27.39,27.24,27.13,27.57,27.22,27.21,27.5,27.48,27.15,27.74,27.28,27.21,27.332499999999996,27.352500000000003,27.345,27.1069
70,27.39,27.24,27.13,27.57,27.22,27.21,27.5,27.48,27.15,27.74,27.28,27.21,27.332499999999996,27.352500000000003,27.345,27.112433333333332
71,27.39,27.24,27.13,27.57,27.22,27.21,27.5,27.48,27.15,27.74,27.28,27.21,27.332499999999996,27.352500000000003,27.345,27.117966666666668
72,27.39,27.24,27.13,27.57,27.22,27.21,27.5,27.48,27.15,27.74,27.28,27.21,27.332499999999996,27.352500000000003,27.345,27.1235
73,27.39,27.24,27.13,27.57,27.22,27.21,27.5,27.48,27.15,27.74,27.28,27.21,27.332499999999996,27.352500000000003,27.345,27.129033333333336
74,27.39,27.24,27.13,27.57,27.22,27.21,27.5,27.48,27.15,27.74,27.28,27.21,27.332499999999996,27.352500000000003,27.345,27.134566666666668
75,27.39,27.24,27.13,27.57,27.22,27.21,27.5,27.48,27.15,27.74,27.28,27.21,27.332499999999996,27.352500000000003,27.345,27.140100000000004
76,27.39,27.24,27.13,27.57,27.22,27.21,27.5,27.48,27.15,27.74,27.28,27.21,27.332499999999996,27.352500000000003,27.345,27.14563333333334
77,27.39,27.24,27.13,27.57,27.22,27.21,27.5,27.48,27.15,27.74,27.28,27.21,27.332499999999996,27.352500000000003,27.345,27.151166666666672
78,27.03,26.53,27.69,27.08,26.77,26.52,27.52,26.39,26.8,26.78,27.91,27.1,27.0825,26.8,27.1475,27.14336666666667
79,27.03,26.53,27.69,27.08,26.77,26.52,27.52,26.39,26.8,26.78,27.91,27.1,27.0825,26.8,27.1475,27.147000000000002
80,27.03,26.53,27.69,27.08,26.77,26.52,27.52,26.39,26.8,26.78,27.91,27.1,27.0825,26.8,27.1475,27.150633333333335
81,27.03,26.53,27.69,27.08,26.77,26.52,27.52,26.39,26.8,26.78,27.91,27.1,27.0825,26.8,27.1475,27.15426666666667
82,27.03,26.53,27.69,27.08,26.77,26.52,27.52,26.39,26.8,26.78,27.91,27.1,27.0825,26.8,27.1475,27.157899999999998
83,27.03,26.53,27.69,27.08,26.77,26.52,27.52,26.39,26.8,26.78,27.91,27.1,27.0825,26.8,27.1475,27.161533333333338
84,27.03,26.53,27.69,27.08,26.77,26.52,27.52,26.39,26.8,26.78,27.91,27.1,27.0825,26.8,27.1475,27.165166666666668
85,27.03,26.53,27.69,27.08,26.77,26.52,27.52,26.39,26.8,26.78,27.91,27.1,27.0825,26.8,27.1475,27.1688
86,27.03,26.53,27.69,27.08,26.77,26.52,27.52,26.39,26.8,26.78,27.91,27.1,27.0825,26.8,27.1475,27.172433333333338
87,27.03,26.53,27.69,27.08,26.77,26.52,27.52,26.39,26.8,26.78,27.91,27.1,27.0825,26.8,27.1475,27.17606666666667
88,27.03,26.53,27.69,27.08,26.77,26.52,27.52,26.39,26.8,26.78,27.91,27.1,27.0825,26.8,27.1475,27.179700000000004
89,27.03,26.53,27.69,27.08,26.77,26.52,27.52,26.39,26.8,26.78,27.91,27.1,27.0825,26.8,27.1475,27.183333333333334
90,27.32,27.35,27.27,27.58,26.87,26.74,26.91,27.98,26.99,27.19,27.41,26.98,27.38,27.125,27.142500000000002,27.17823333333333
91,27.32,27.35,27.27,27.58,26.87,26.74,26.91,27.98,26.99,27.19,27.41,26.98,27.38,27.125,27.142500000000002,27.173133333333336
92,27.32,27.35,27.27,27.58,26.87,26.74,26.91,27.98,26.99,27.19,27.41,26.98,27.38,27.125,27.142500000000002,27.168033333333334
93,27.32,27.35,27.27,27.58,26.87,26.74,26.91,27.98,26.99,27.19,27.41,26.98,27.38,27.125,27.142500000000002,27.162933333333335
94,27.32,27.35,27.27,27.58,26.87,26.74,26.91,27.98,26.99,27.19,27.41,26.98,27.38,27.125,27.142500000000002,27.157833333333333
95,27.32,27.35,27.27,27.58,26.87,26.74,26.91,27.98,26.99,27.19,27.41,26.98,27.38,27.125,27.142500000000002,27.152733333333334
96,27.32,27.35,27.27,27.58,26.87,26.74,26.91,27.98,26.99,27.19,27.41,26.98,27.38,27.125,27.142500000000002,27.14763333333333
97,27.32,27.35,27.27,27.58,26.87,26.74,26.91,27.98,26.99,27.19,27.41,26.98,27.38,27.125,27.142500000000002,27.142533333333333
98,27.32,27.35,27.27,27.58,26.87,26.74,26.91,27.98,26.99,27.19,27.41,26.98,27.38,27.125,27.142500000000002,27.137433333333334
99,27.32,27.35,27.27,27.58,26.87,26.74,26.91,27.98,26.99,27.19,27.41,26.98,27.38,27.125,27.142500000000002,27.132333333333335
100,27.32,27.35,27.27,27.58,26.87,26.74,26.91,27.98,26.99,27.19,27.41,26.98,27.38,27.125,27.142500000000002,27.127233333333333
101,27.32,27.35,27.27,27.58,26.87,26.74,26.91,27.98,26.99,27.19,27.41,26.98,27.38,27.125,27.142500000000002,27.12213333333333
102,27.32,27.35,27.27,27.58,26.87,26.74,26.91,27.98,26.99,27.19,27.41,26.98,27.38,27.125,27.142500000000002,27.117033333333335
103,26.75,27.43,27.28,27.84,26.68,26.91,27.02,26.39,26.99,26.97,27.21,27.21,27.325000000000003,26.75,27.095,27.1189
104,26.75,27.43,27.28,27.84,26.68,26.91,27.02,26.39,26.99,26.97,27.21,27.21,27.325000000000003,26.75,27.095,27.120766666666665
105,26.75,27.43,27.28,27.84,26.68,26.91,27.02,26.39,26.99,26.97,27.21,27.21,27.325000000000003,26.75,27.095,27.122633333333333
106,26.75,27.43,27.28,27.84,26.68,26.91,27.02,26.39,26.99,26.97,27.21,27.21,27.325000000000003,26.75,27.095,27.124499999999998
107,26.75,27.43,27.28,27.84,26.68,26.91,27.02,26.39,26.99,26.97,27.21,27.21,27.325000000000003,26.75,27.095,27.126366666666662
108,26.75,27.43,27.28,27.84,26.68,26.91,27.02,26.39,26.99,26.97,27.21,27.21,27.325000000000003,26.75,27.095,27.128233333333327
109,26.75,27.43,27.28,27.84,26.68,26.91,27.02,26.39,26.99,26.97,27.21,27.21,27.325000000000003,26.75,27.095,27.13009999999999
110,26.75,27.43,27.28,27.84,26.68,26.91,27.02,26.39,26.99,26.97,27.21,27.21,27.325000000000003,26.75,27.095,27.131966666666667
111,26.75,27.43,27.28,27.84,26.68,26.91,27.02,26.39,26.99,26.97,27.21,27.21,27.325000000000003,26.75,27.095,27.13383333333333
112,26.75,27.43,27.28,27.84,26.68,26.91,27.02,26.39,26.99,26.97,27.21,27.21,27.325000000000003,26.75,27.095,27.135699999999996
113,26.75,27.43,27.28,27.84,26.68,26.91,27.02,26.39,26.99,26.97,27.21,27.21,27.325000000000003,26.75,27.095,27.13756666666666
114,26.75,27.43,27.28,27.84,26.68,26.91,27.02,26.39,26.99,26.97,27.21,27.21,27.325000000000003,26.75,27.095,27.139433333333326
115,26.75,27.43,27.28,27.84,26.68,26.91,27.02,26.39,26.99,26.97,27.21,27.21,27.325000000000003,26.75,27.095,27.133066666666664
116,26.75,27.43,27.28,27.84,26.68,26.91,27.02,26.39,26.99,26.97,27.21,27.21,27.325000000000003,26.75,27.095,27.1267
117,27.31,27.63,27.68,26.93,27.14,27.11,27.11,26.99,27.25,26.6,26.99,27.2,27.387500000000003,27.0875,27.01,27.12453333333333
118,27.31,27.63,27.68,26.93,27.14,27.11,27.11,26.99,27.25,26.6,26.99,27.2,27.387500000000003,27.0875,27.01,27.12236666666666
119,27.31,27.63,27.68,26.93,27.14,27.11,27.11,26.99,27.25,26.6,26.99,27.2,27.387500000000003,27.0875,27.01,27.120199999999997
120,27.31,27.63,27.68,26.93,27.14,27.11,27.11,26.99,27.25,26.6,26.99,27.2,27.387500000000003,27.0875,27.01,27.118033333333333
121,27.31,27.63,27.68,26.93,27.14,27.11,27.11,26.99,27.25,26.6,26.99,27.2,27.387500000000003,27.0875,27.01,27.115866666666665
122,27.31,27.63,27.68,26.93,27.14,27.11,27.11,26.99,27.25,26.6,26.99,27.2,27.387500000000003,27.0875,27.01,27.113699999999998
123,27.31,27.63,27.68,26.93,27.14,27.11,27.11,26.99,27.25,26.6,26.99,27.2,27.387500000000003,27.0875,27.01,27.11153333333333
124,27.31,27.63,27.68,26.93,27.14,27.11,27.11,26.99,27.25,26.6,26.99,27.2,27.387500000000003,27.0875,27.01,27.109366666666666
125,27.31,27.63,27.68,26.93,27.14,27.11,27.11,26.99,27.25,26.6,26.99,27.2,27.387500000000003,27.0875,27.01,27.107200000000002
126,27.31,27.63,27.68,26.93,27.14,27.11,27.11,26.99,27.25,26.6,26.99,27.2,27.387500000000003,27.0875,27.01,27.105033333333335
127,27.31,27.63,27.68,26.93,27.14,27.11,27.11,26.99,27.25,26.6,26.99,27.2,27.387500000000003,27.0875,27.01,27.102866666666667
128,27.31,27.63,27.68,26.93,27.14,27.11,27.11,26.99,27.25,26.6,26.99,27.2,27.387500000000003,27.0875,27.01,27.107066666666665
129,27.31,27.63,27.68,26.93,27.14,27.11,27.11,26.99,27.25,26.6,26.99,27.2,27.387500000000003,27.0875,27.01,27.111266666666666
130,27.31,27.63,27.68,26.93,27.14,27.11,27.11,26.99,27.25,26.6,26.99,27.2,27.387500000000003,27.0875,27.01,27.115466666666666
131,27.52,27.47,27.28,27.45,27.25,27.43,27.64,27.24,26.91,26.74,26.91,27.45,27.43,27.389999999999997,27.0025,27.124166666666664
132,27.52,27.47,27.28,27.45,27.25,27.43,27.64,27.24,26.91,26.74,26.91,27.45,27.43,27.389999999999997,27.0025,27.132866666666665
133,27.52,27.47,27.28,27.45,27.25,27.43,27.64,27.24,26.91,26.74,26.91,27.45,27.43,27.389999999999997,27.0025,27.141566666666666
134,27.52,27.47,27.28,27.45,27.25,27.43,27.64,27.24,26.91,26.74,26.91,27.45,27.43,27.389999999999997,27.0025,27.150266666666667
135,27.52,27.47,27.28,27.45,27.25,27.43,27.64,27.24,26.91,26.74,26.91,27.45,27.43,27.389999999999997,27.0025,27.158966666666664
136,27.52,27.47,27.28,27.45,27.25,27.43,27.64,27.24,26.91,26.74,26.91,27.45,27.43,27.389999999999997,27.0025,27.16766666666667
137,27.52,27.47,27.28,27.45,27.25,27.43,27.64,27.24,26.91,26.74,26.91,27.45,27.43,27.389999999999997,27.0025,27.176366666666667
138,27.52,27.47,27.28,27.45,27.25,27.43,27.64,27.24,26.91,26.74,26.91,27.45,27.43,27.389999999999997,27.0025,27.185066666666668
139,27.52,27.47,27.28,27.45,27.25,27.43,27.64,27.24,26.91,26.74,26.91,27.45,27.43,27.389999999999997,27.0025,27.193766666666665
140,27.52,27.47,27.28,27.45,27.25,27.43,27.64,27.24,26.91,26.74,26.91,27.45,27.43,27.389999999999997,27.0025,27.202466666666666
141,27.52,27.47,27.28,27.45,27.25,27.43,27.64,27.24,26.91,26.74,26.91,27.45,27.43,27.389999999999997,27.0025,27.211166666666667
142,27.52,27.47,27.28,27.45,27.25,27.43,27.64,27.24,26.91,26.74,26.91,27.45,27.43,27.389999999999997,27.0025,27.215666666666667
143,27.52,27.47,27.28,27.45,27.25,27.43,27.64,27.24,26.91,26.74,26.91,27.45,27.43,27.389999999999997,27.0025,27.220166666666668
144,27.52,27.47,27.28,27.45,27.25,27.43,27.64,27.24,26.91,26.74,26.91,27.45,27.43,27.389999999999997,27.0025,27.224666666666668
145,27.24,27.07,28.03,28.35,26.7,26.85,27.34,27.02,26.91,27.2,27.42,27.12,27.6725,26.9775,27.1625,27.229033333333334
146,27.24,27.07,28.03,28.35,26.7,26.85,27.34,27.02,26.91,27.2,27.42,27.12,27.6725,26.9775,27.1625,27.233399999999996
147,27.24,27.07,28.03,28.35,26.7,26.85,27.34,27.02,26.91,27.2,27.42,27.12,27.6725,26.9775,27.1625,27.237766666666666
148,27.24,27.07,28.03,28.35,26.7,26.85,27.34,27.02,26.91,27.2,27.42,27.12,27.6725,26.9775,27.1625,27.242133333333335
149,27.24,27.07,28.03,28.35,26.7,26.85,27.34,27.02,26.91,27.2,27.42,27.12,27.6725,26.9775,27.1625,27.2465
150,27.24,27.07,28.03,28.35,26.7,26.85,27.34,27.02,26.91,27.2,27.42,27.12,27.6725,26.9775,27.1625,27.250866666666667
151,27.24,27.07,28.03,28.35,26.7,26.85,27.34,27.02,26.91,27.2,27.42,27.12,27.6725,26.9775,27.1625,27.25523333333333
152,27.24,27.07,28.03,28.35,26.7,26.85,27.34,27.02,26.91,27.2,27.42,27.12,27.6725,26.9775,27.1625,27.2596
153,27.24,27.07,28.03,28.35,26.7,26.85,27.34,27.02,26.91,27.2,27.42,27.12,27.6725,26.9775,27.1625,27.263966666666665
154,27.24,27.07,28.03,28.35,26.7,26.85,27.34,27.02,26.91,27.2,27.42,27.12,27.6725,26.9775,27.1625,27.268333333333334
155,27.24,27.07,28.03,28.35,26.7,26.85,27.34,27.02,26.91,27.2,27.42,27.12,27.6725,26.9775,27.1625,27.2727
156,27.24,27.07,28.03,28.35,26.7,26.85,27.34,27.02,26.91,27.2,27.42,27.12,27.6725,26.9775,27.1625,27.272566666666666
157,27.24,27.07,28.03,28.35,26.7,26.85,27.34,27.02,26.91,27.2,27.42,27.12,27.6725,26.9775,27.1625,27.272433333333332
158,27.24,27.07,28.03,28.35,26.7,26.85,27.34,27.02,26.91,27.2,27.42,27.12,27.6725,26.9775,27.1625,27.2723
159,27.99,27.43,28.01,27.31,27.43,26.73,27.73,26.99,27.36,26.8,27.81,27.08,27.685000000000002,27.22,27.2625,27.2769
160,27.99,27.43,28.01,27.31,27.43,26.73,27.73,26.99,27.36,26.8,27.81,27.08,27.685000000000002,27.22,27.2625,27.2815
161,27.99,27.43,28.01,27.31,27.43,26.73,27.73,26.99,27.36,26.8,27.81,27.08,27.685000000000002,27.22,27.2625,27.2861
162,27.99,27.43,28.01,27.31,27.43,26.73,27.73,26.99,27.36,26.8,27.81,27.08,27.685000000000002,27.22,27.2625,27.2907
163,27.99,27.43,28.01,27.31,27.43,26.73,27.73,26.99,27.36,26.8,27.81,27.08,27.685000000000002,27.22,27.2625,27.2953
164,27.99,27.43,28.01,27.31,27.43,26.73,27.73,26.99,27.36,26.8,27.81,27.08,27.685000000000002,27.22,27.2625,27.2999
165,27.99,27.43,28.01,27.31,27.43,26.73,27.73,26.99,27.36,26.8,27.81,27.08,27.685000000000002,27.22,27.2625,27.304500000000004
166,27.99,27.43,28.01,27.31,27.43,26.73,27.73,26.99,27.36,26.8,27.81,27.08,27.685000000000002,27.22,27.2625,27.309100000000004
167,27.99,27.43,28.01,27.31,27.43,26.73,27.73,26.99,27.36,26.8,27.81,27.08,27.685000000000002,27.22,27.2625,27.313700000000004
168,27.99,27.43,28.01,27.31,27.43,26.73,27.73,26.99,27.36,26.8,27.81,27.08,27.685000000000002,27.22,27.2625,27.318300000000004
169,27.99,27.43,28.01,27.31,27.43,26.73,27.73,26.99,27.36,26.8,27.81,27.08,27.685000000000002,27.22,27.2625,27.322900000000004
170,27.99,27.43,28.01,27.31,27.43,26.73,27.73,26.99,27.36,26.8,27.81,27.08,27.685000000000002,27.22,27.2625,27.32763333333334
171,27.99,27.43,28.01,27.31,27.43,26.73,27.73,26.99,27.36,26.8,27.81,27.08,27.685000000000002,27.22,27.2625,27.332366666666672
172,27.99,27.43,28.01,27.31,27.43,26.73,27.73,26.99,27.36,26.8,27.81,27.08,27.685000000000002,27.22,27.2625,27.337100000000007
173,27.99,27.43,28.01,27.31,27.43,26.73,27.73,26.99,27.36,26.8,27.81,27.08,27.685000000000002,27.22,27.2625,27.341833333333337
174,27.23,27.14,27.27,27.59,26.69,27.01,27.12,27.13,27.17,26.89,27.61,27.7,27.3075,26.9875,27.3425,27.3395
175,27.23,27.14,27.27,27.59,26.69,27.01,27.12,27.13,27.17,26.89,27.61,27.7,27.3075,26.9875,27.3425,27.33716666666667
176,27.23,27.14,27.27,27.59,26.69,27.01,27.12,27.13,27.17,26.89,27.61,27.7,27.3075,26.9875,27.3425,27.334833333333332
177,27.23,27.14,27.27,27.59,26.69,27.01,27.12,27.13,27.17,26.89,27.61,27.7,27.3075,26.9875,27.3425,27.3325
178,27.23,27.14,27.27,27.59,26.69,27.01,27.12,27.13,27.17,26.89,27.61,27.7,27.3075,26.9875,27.3425,27.33016666666667
179,27.23,27.14,27.27,27.59,26.69,27.01,27.12,27.13,27.17,26.89,27.61,27.7,27.3075,26.9875,27.3425,27.327833333333334
180,27.23,27.14,27.27,27.59,26.69,27.01,27.12,27.13,27.17,26.89,27.61,27.7,27.3075,26.9875,27.3425,27.3255
181,27.23,27.14,27.27,27.59,26.69,27.01,27.12,27.13,27.17,26.89,27.61,27.7,27.3075,26.9875,27.3425,27.32316666666667
182,27.23,27.14,27.27,27.59,26.69,27.01,27.12,27.13,27.17,26.89,27.61,27.7,27.3075,26.9875,27.3425,27.320833333333336
183,27.23,27.14,27.27,27.59,26.69,27.01,27.12,27.13,27.17,26.89,27.61,27.7,27.3075,26.9875,27.3425,27.3185
184,27.23,27.14,27.27,27.59,26.69,27.01,27.12,27.13,27.17,26.89,27.61,27.7,27.3075,26.9875,27.3425,27.311433333333333
185,27.23,27.14,27.27,27.59,26.69,27.01,27.12,27.13,27.17,26.89,27.61,27.7,27.3075,26.9875,27.3425,27.30436666666667
186,27.23,27.14,27.27,27.59,26.69,27.01,27.12,27.13,27.17,26.89,27.61,27.7,27.3075,26.9875,27.3425,27.2973
187,27.23,27.14,27.27,27.59,26.69,27.01,27.12,27.13,27.17,26.89,27.61,27.7,27.3075,26.9875,27.3425,27.290233333333337
188,27.23,27.14,27.27,27.59,26.69,27.01,27.12,27.13,27.17,26.89,27.61,27.7,27.3075,26.9875,27.3425,27.28316666666667
189,27.23,27.14,27.27,27.59,26.69,27.01,27.12,27.13,27.17,26.89,27.61,27.7,27.3075,26.9875,27.3425,27.2761
190,26.77,27.56,27.39,27.46,27.44,27.23,27.75,27.01,26.92,27.01,27.22,27.23,27.295,27.3575,27.095000000000002,27.270500000000002
191,26.77,27.56,27.39,27.46,27.44,27.23,27.75,27.01,26.92,27.01,27.22,27.23,27.295,27.3575,27.095000000000002,27.264900000000008
192,26.77,27.56,27.39,27.46,27.44,27.23,27.75,27.01,26.92,27.01,27.22,27.23,27.295,27.3575,27.095000000000002,27.259300000000003
193,26.77,27.56,27.39,27.46,27.44,27.23,27.75,27.01,26.92,27.01,27.22,27.23,27.295,27.3575,27.095000000000002,27.25370000000001
194,26.77,27.56,27.39,27.46,27.44,27.23,27.75,27.01,26.92,27.01,27.22,27.23,27.295,27.3575,27.095000000000002,27.248100000000004
195,26.77,27.56,27.39,27.46,27.44,27.23,27.75,27.01,26.92,27.01,27.22,27.23,27.295,27.3575,27.095000000000002,27.2425
196,26.77,27.56,27.39,27.46,27.44,27.23,27.75,27.01,26.92,27.01,27.22,27.23,27.295,27.3575,27.095000000000002,27.236900000000006
197,26.77,27.56,27.39,27.46,27.44,27.23,27.75,27.01,26.92,27.01,27.22,27.23,27.295,27.3575,27.095000000000002,27.2313
198,26.77,27.56,27.39,27.46,27.44,27.23,27.75,27.01,26.92,27.01,27.22,27.23,27.295,27.3575,27.095000000000002,27.225700000000007
199,26.77,27.56,27.39,27.46,27.44,27.23,27.75,27.01,26.92,27.01,27.22,27.23,27.295,27.3575,27.095000000000002,27.227166666666673
200,26.77,27.56,27.39,27.46,27.44,27.23,27.75,27.01,26.92,27.01,27.22,27.23,27.295,27.3575,27.095000000000002,27.228633333333338
201,26.77,27.56,27.39,27.46,27.44,27.23,27.75,27.01,26.92,27.01,27.22,27.23,27.295,27.3575,27.095000000000002,27.230100000000004
202,26.77,27.56,27.39,27.46,27.44,27.23,27.75,27.01,26.92,27.01,27.22,27.23,27.295,27.3575,27.095000000000002,27.231566666666666
203,26.77,27.56,27.39,27.46,27.44,27.23,27.75,27.01,26.92,27.01,27.22,27.23,27.295,27.3575,27.095000000000002,27.23303333333333
204,26.77,27.56,27.39,27.46,27.44,27.23,27.75,27.01,26.92,27.01,27.22,27.23,27.295,27.3575,27.095000000000002,27.234500000000008
205,27.34,26.77,27.5,27.6,27.17,26.85,27.55,26.9,27.1,26.54,27.12,26.76,27.302500000000002,27.1175,26.880000000000003,27.230000000000004
206,27.34,26.77,27.5,27.6,27.17,26.85,27.55,26.9,27.1,26.54,27.12,26.76,27.302500000000002,27.1175,26.880000000000003,27.225500000000007
207,27.34,26.77,27.5,27.6,27.17,26.85,27.55,26.9,27.1,26.54,27.12,26.76,27.302500000000002,27.1175,26.880000000000003,27.221000000000004
208,27.34,26.77,27.5,27.6,27.17,26.85,27.55,26.9,27.1,26.54,27.12,26.76,27.302500000000002,27.1175,26.880000000000003,27.216500000000007
209,27.34,26.77,27.5,27.6,27.17,26.85,27.55,26.9,27.1,26.54,27.12,26.76,27.302500000000002,27.1175,26.880000000000003,27.212000000000003
210,27.34,26.77,27.5,27.6,27.17,26.85,27.55,26.9,27.1,26.54,27.12,26.76,27.302500000000002,27.1175,26.880000000000003,27.207500000000003
211,27.34,26.77,27.5,27.6,27.17,26.85,27.55,26.9,27.1,26.54,27.12,26.76,27.302500000000002,27.1175,26.880000000000003,27.203000000000007
212,27.34,26.77,27.5,27.6,27.17,26.85,27.55,26.9,27.1,26.54,27.12,26.76,27.302500000000002,27.1175,26.880000000000003,27.19850000000001
213,27.34,26.77,27.5,27.6,27.17,26.85,27.55,26.9,27.1,26.54,27.12,26.76,27.302500000000002,27.1175,26.880000000000003,27.194000000000003
214,27.34,26.77,27.5,27.6,27.17,26.85,27.55,26.9,27.1,26.54,27.12,26.76,27.302500000000002,27.1175,26.880000000000003,27.189500000000002
215,27.34,26.77,27.5,27.6,27.17,26.85,27.55,26.9,27.1,26.54,27.12,26.76,27.302500000000002,27.1175,26.880000000000003,27.18353333333334
216,27.34,26.77,27.5,27.6,27.17,26.85,27.55,26.9,27.1,26.54,27.12,26.76,27.302500000000002,27.1175,26.880000000000003,27.17756666666667
217,27.34,26.77,27.5,27.6,27.17,26.85,27.55,26.9,27.1,26.54,27.12,26.76,27.302500000000002,27.1175,26.880000000000003,27.1716
218,27.34,26.77,27.5,27.6,27.17,26.85,27.55,26.9,27.1,26.54,27.12,26.76,27.302500000000002,27.1175,26.880000000000003,27.16563333333334
219,27.34,26.77,27.5,27.6,27.17,26.85,27.55,26.9,27.1,26.54,27.12,26.76,27.302500000000002,27.1175,26.880000000000003,27.15966666666667
220,27.34,26.77,27.5,27.6,27.17,26.85,27.55,26.9,27.1,26.54,27.12,26.76,27.302500000000002,27.1175,26.880000000000003,27.153700000000004
221,27.52,28.03,27.81,27.44,27.15,27.02,27.94,26.99,26.82,27.08,27.11,26.85,27.7,27.275,26.964999999999996,27.15626666666667
222,27.52,28.03,27.81,27.44,27.15,27.02,27.94,26.99,26.82,27.08,27.11,26.85,27.7,27.275,26.964999999999996,27.15883333333334
223,27.52,28.03,27.81,27.44,27.15,27.02,27.94,26.99,26.82,27.08,27.11,26.85,27.7,27.275,26.964999999999996,27.161400000000004
224,27.52,28.03,27.81,27.44,27.15,27.02,27.94,26.99,26.82,27.08,27.11,26.85,27.7,27.275,26.964999999999996,27.163966666666674
225,27.52,28.03,27.81,27.44,27.15,27.02,27.94,26.99,26.82,27.08,27.11,26.85,27.7,27.275,26.964999999999996,27.166533333333337
226,27.52,28.03,27.81,27.44,27.15,27.02,27.94,26.99,26.82,27.08,27.11,26.85,27.7,27.275,26.964999999999996,27.169100000000007
227,27.52,28.03,27.81,27.44,27.15,27.02,27.94,26.99,26.82,27.08,27.11,26.85,27.7,27.275,26.964999999999996,27.17166666666667
228,27.52,28.03,27.81,27.44,27.15,27.02,27.94,26.99,26.82,27.08,27.11,26.85,27.7,27.275,26.964999999999996,27.17423333333334
229,27.52,28.03,27.81,27.44,27.15,27.02,27.94,26.99,26.82,27.08,27.11,26.85,27.7,27.275,26.964999999999996,27.176800000000004
230,27.52,28.03,27.81,27.44,27.15,27.02,27.94,26.99,26.82,27.08,27.11,26.85,27.7,27.275,26.964999999999996,27.185333333333336
231,27.52,28.03,27.81,27.44,27.15,27.02,27.94,26.99,26.82,27.08,27.11,26.85,27.7,27.275,26.964999999999996,27.193866666666672
232,27.52,28.03,27.81,27.44,27.15,27.02,27.94,26.99,26.82,27.08,27.11,26.85,27.7,27.275,26.964999999999996,27.202400000000008
233,27.52,28.03,27.81,27.44,27.15,27.02,27.94,26.99,26.82,27.08,27.11,26.85,27.7,27.275,26.964999999999996,27.210933333333333
234,27.52,28.03,27.81,27.44,27.15,27.02,27.94,26.99,26.82,27.08,27.11,26.85,27.7,27.275,26.964999999999996,27.219466666666666
235,27.52,28.03,27.81,27.44,27.15,27.02,27.94,26.99,26.82,27.08,27.11,26.85,27.7,27.275,26.964999999999996,27.228
236,27.52,28.03,27.81,27.44,27.15,27.02,27.94,26.99,26.82,27.08,27.11,26.85,27.7,27.275,26.964999999999996,27.236533333333337
237,27.23,26.95,27.37,27.58,27.24,26.83,27.12,26.63,26.72,26.33,27.21,27.09,27.2825,26.955,26.8375,27.233533333333334
238,27.23,26.95,27.37,27.58,27.24,26.83,27.12,26.63,26.72,26.33,27.21,27.09,27.2825,26.955,26.8375,27.230533333333337
239,27.23,26.95,27.37,27.58,27.24,26.83,27.12,26.63,26.72,26.33,27.21,27.09,27.2825,26.955,26.8375,27.227533333333337
240,27.23,26.95,27.37,27.58,27.24,26.83,27.12,26.63,26.72,26.33,27.21,27.09,27.2825,26.955,26.8375,27.224533333333333
241,27.23,26.95,27.37,27.58,27.24,26.83,27.12,26.63,26.72,26.33,27.21,27.09,27.2825,26.955,26.8375,27.221533333333333
242,27.23,26.95,27.37,27.58,27.24,26.83,27.12,26.63,26.72,26.33,27.21,27.09,27.2825,26.955,26.8375,27.21853333333333
243,27.23,26.95,27.37,27.58,27.24,26.83,27.12,26.63,26.72,26.33,27.21,27.09,27.2825,26.955,26.8375,27.21553333333333
244,27.23,26.95,27.37,27.58,27.24,26.83,27.12,26.63,26.72,26.33,27.21,27.09,27.2825,26.955,26.8375,27.212533333333326
245,27.23,26.95,27.37,27.58,27.24,26.83,27.12,26.63,26.72,26.33,27.21,27.09,27.2825,26.955,26.8375,27.20953333333333
246,27.23,26.95,27.37,27.58,27.24,26.83,27.12,26.63,26.72,26.33,27.21,27.09,27.2825,26.955,26.8375,27.197999999999997
247,27.23,26.95,27.37,27.58,27.24,26.83,27.12,26.63,26.72,26.33,27.21,27.09,27.2825,26.955,26.8375,27.18646666666666
248,27.23,26.95,27.37,27.58,27.24,26.83,27.12,26.63,26.72,26.33,27.21,27.09,27.2825,26.955,26.8375,27.17493333333333
249,27.23,26.95,27.37,27.58,27.24,26.83,27.12,26.63,26.72,26.33,27.21,27.09,27.2825,26.955,26.8375,27.163399999999996
250,27.23,26.95,27.37,27.58,27.24,26.83,27.12,26.63,26.72,26.33,27.21,27.09,27.2825,26.955,26.8375,27.15186666666666
251,27.23,26.95,27.37,27.58,27.24,26.83,27.12,26.63,26.72,26.33,27.21,27.09,27.2825,26.955,26.8375,27.140333333333327
252,27.23,26.95,27.37,27.58,27.24,26.83,27.12,26.63,26.72,26.33,27.21,27.09,27.2825,26.955,26.8375,27.1288
253,27.23,26.95,27.37,27.58,27.24,26.83,27.12,26.63,26.72,26.33,27.21,27.09,27.2825,26.955,26.8375,27.11726666666666
254,27.03,27.75,27.37,27.83,26.68,27.12,27.22,27.13,26.99,27.47,27.61,26.98,27.495,27.037499999999998,27.2625,27.11533333333333
255,27.03,27.75,27.37,27.83,26.68,27.12,27.22,27.13,26.99,27.47,27.61,26.98,27.495,27.037499999999998,27.2625,27.1134
256,27.03,27.75,27.37,27.83,26.68,27.12,27.22,27.13,26.99,27.47,27.61,26.98,27.495,27.037499999999998,27.2625,27.11146666666666
257,27.03,27.75,27.37,27.83,26.68,27.12,27.22,27.13,26.99,27.47,27.61,26.98,27.495,27.037499999999998,27.2625,27.109533333333328
258,27.03,27.75,27.37,27.83,26.68,27.12,27.22,27.13,26.99,27.47,27.61,26.98,27.495,27.037499999999998,27.2625,27.107599999999998
259,27.03,27.75,27.37,27.83,26.68,27.12,27.22,27.13,26.99,27.47,27.61,26.98,27.495,27.037499999999998,27.2625,27.10566666666666
260,27.03,27.75,27.37,27.83,26.68,27.12,27.22,27.13,26.99,27.47,27.61,26.98,27.495,27.037499999999998,27.2625,27.10373333333333
261,27.03,27.75,27.37,27.83,26.68,27.12,27.22,27.13,26.99,27.47,27.61,26.98,27.495,27.037499999999998,27.2625,27.101799999999997
262,27.03,27.75,27.37,27.83,26.68,27.12,27.22,27.13,26.99,27.47,27.61,26.98,27.495,27.037499999999998,27.2625,27.1114
263,27.03,27.75,27.37,27.83,26.68,27.12,27.22,27.13,26.99,27.47,27.61,26.98,27.495,27.037499999999998,27.2625,27.121
264,27.03,27.75,27.37,27.83,26.68,27.12,27.22,27.13,26.99,27.47,27.61,26.98,27.495,27.037499999999998,27.2625,27.1306
265,27.03,27.75,27.37,27.83,26.68,27.12,27.22,27.13,26.99,27.47,27.61,26.98,27.495,27.037499999999998,27.2625,27.1402
266,27.03,27.75,27.37,27.83,26.68,27.12,27.22,27.13,26.99,27.47,27.61,26.98,27.495,27.037499999999998,27.2625,27.1498
267,27.03,27.75,27.37,27.83,26.68,27.12,27.22,27.13,26.99,27.47,27.61,26.98,27.495,27.037499999999998,27.2625,27.1594
268,27.03,27.75,27.37,27.83,26.68,27.12,27.22,27.13,26.99,27.47,27.61,26.98,27.495,27.037499999999998,27.2625,27.169
269,27.03,27.75,27.37,27.83,26.68,27.12,27.22,27.13,26.99,27.47,27.61,26.98,27.495,27.037499999999998,27.2625,27.178600000000003
270,27.03,27.75,27.37,27.83,26.68,27.12,27.22,27.13,26.99,27.47,27.61,26.98,27.495,27.037499999999998,27.2625,27.1882
271,27.03,27.75,27.37,27.83,26.68,27.12,27.22,27.13,26.99,27.47,27.61,26.98,27.495,27.037499999999998,27.2625,27.197799999999997
272,27.25,27.56,27.39,27.97,27.26,27.23,27.96,27.87,27.01,27.1,27.43,27.71,27.5425,27.580000000000002,27.3125,27.215933333333332
273,27.25,27.56,27.39,27.97,27.26,27.23,27.96,27.87,27.01,27.1,27.43,27.71,27.5425,27.580000000000002,27.3125,27.234066666666664
274,27.25,27.56,27.39,27.97,27.26,27.23,27.96,27.87,27.01,27.1,27.43,27.71,27.5425,27.580000000000002,27.3125,27.2522
275,27.25,27.56,27.39,27.97,27.26,27.23,27.96,27.87,27.01,27.1,27.43,27.71,27.5425,27.580000000000002,27.3125,27.270333333333333
276,27.25,27.56,27.39,27.97,27.26,27.23,27.96,27.87,27.01,27.1,27.43,27.71,27.5425,27.580000000000002,27.3125,27.288466666666668
277,27.25,27.56,27.39,27.97,27.26,27.23,27.96,27.87,27.01,27.1,27.43,27.71,27.5425,27.580000000000002,27.3125,27.306600000000003
278,27.25,27.56,27.39,27.97,27.26,27.23,27.96,27.87,27.01,27.1,27.43,27.71,27.5425,27.580000000000002,27.3125,27.324733333333338
279,27.25,27.56,27.39,27.97,27.26,27.23,27.96,27.87,27.01,27.1,27.43,27.71,27.5425,27.580000000000002,27.3125,27.333266666666674
280,27.25,27.56,27.39,27.97,27.26,27.23,27.96,27.87,27.01,27.1,27.43,27.71,27.5425,27.580000000000002,27.3125,27.341800000000003
281,27.25,27.56,27.39,27.97,27.26,27.23,27.96,27.87,27.01,27.1,27.43,27.71,27.5425,27.580000000000002,27.3125,27.35033333333333
282,27.25,27.56,27.39,27.97,27.26,27.23,27.96,27.87,27.01,27.1,27.43,27.71,27.5425,27.580000000000002,27.3125,27.358866666666668
283,27.25,27.56,27.39,27.97,27.26,27.23,27.96,27.87,27.01,27.1,27.43,27.71,27.5425,27.580000000000002,27.3125,27.367400000000004
284,27.25,27.56,27.39,27.97,27.26,27.23,27.96,27.87,27.01,27.1,27.43,27.71,27.5425,27.580000000000002,27.3125,27.375933333333336
285,27.25,27.56,27.39,27.97,27.26,27.23,27.96,27.87,27.01,27.1,27.43,27.71,27.5425,27.580000000000002,27.3125,27.384466666666672
286,27.25,27.56,27.39,27.97,27.26,27.23,27.96,27.87,27.01,27.1,27.43,27.71,27.5425,27.580000000000002,27.3125,27.393000000000008
287,27.25,27.56,27.39,27.97,27.26,27.23,27.96,27.87,27.01,27.1,27.43,27.71,27.5425,27.580000000000002,27.3125,27.40153333333334
288,27.25,27.56,27.39,27.97,27.26,27.23,27.96,27.87,27.01,27.1,27.43,27.71,27.5425,27.580000000000002,27.3125,27.410066666666673
289,27.25,27.56,27.39,27.97,27.26,27.23,27.96,27.87,27.01,27.1,27.43,27.71,27.5425,27.580000000000002,27.3125,27.4186
290,27.42,27.35,27.27,27.33,27.06,27.03,27.12,26.64,27.36,26.25,27.52,26.26,27.3425,26.962500000000002,26.8475,27.410033333333335
291,27.42,27.35,27.27,27.33,27.06,27.03,27.12,26.64,27.36,26.25,27.52,26.26,27.3425,26.962500000000002,26.8475,27.40146666666667
292,27.42,27.35,27.27,27.33,27.06,27.03,27.12,26.64,27.36,26.25,27.52,26.26,27.3425,26.962500000000002,26.8475,27.392900000000004
293,27.42,27.35,27.27,27.33,27.06,27.03,27.12,26.64,27.36,26.25,27.52,26.26,27.3425,26.962500000000002,26.8475,27.384333333333334
294,27.42,27.35,27.27,27.33,27.06,27.03,27.12,26.64,27.36,26.25,27.52,26.26,27.3425,26.962500000000002,26.8475,27.375766666666674
295,27.42,27.35,27.27,27.33,27.06,27.03,27.12,26.64,27.36,26.25,27.52,26.26,27.3425,26.962500000000002,26.8475,27.367200000000004
296,27.42,27.35,27.27,27.33,27.06,27.03,27.12,26.64,27.36,26.25,27.52,26.26,27.3425,26.962500000000002,26.8475,27.358633333333334
297,27.42,27.35,27.27,27.33,27.06,27.03,27.12,26.64,27.36,26.25,27.52,26.26,27.3425,26.962500000000002,26.8475,27.34153333333333
298,27.42,27.35,27.27,27.33,27.06,27.03,27.12,26.64,27.36,26.25,27.52,26.26,27.3425,26.962500000000002,26.8475,27.324433333333335
299,27.42,27.35,27.27,27.33,27.06,27.03,27.12,26.64,27.36,26.25,27.52,26.26,27.3425,26.962500000000002,26.8475,27.307333333333336
300,27.42,27.35,27.27,27.33,27.06,27.03,27.12,26.64,27.36,26.25,27.52,26.26,27.3425,26.962500000000002,26.8475,27.290233333333337
301,27.42,27.35,27.27,27.33,27.06,27.03,27.12,26.64,27.36,26.25,27.52,26.26,27.3425,26.962500000000002,26.8475,27.273133333333334
302,27.42,27.35,27.27,27.33,27.06,27.03,27.12,26.64,27.36,26.25,27.52,26.26,27.3425,26.962500000000002,26.8475,27.256033333333335
303,27.42,27.35,27.27,27.33,27.06,27.03,27.12,26.64,27.36,26.25,27.52,26.26,27.3425,26.962500000000002,26.8475,27.238933333333335
304,27.42,27.35,27.27,27.33,27.06,27.03,27.12,26.64,27.36,26.25,27.52,26.26,27.3425,26.962500000000002,26.8475,27.221833333333333
305,27.42,27.35,27.27,27.33,27.06,27.03,27.12,26.64,27.36,26.25,27.52,26.26,27.3425,26.962500000000002,26.8475,27.204733333333333
306,27.42,27.35,27.27,27.33,27.06,27.03,27.12,26.64,27.36,26.25,27.52,26.26,27.3425,26.962500000000002,26.8475,27.187633333333334
307,27.42,27.35,27.27,27.33,27.06,27.03,27.12,26.64,27.36,26.25,27.52,26.26,27.3425,26.962500000000002,26.8475,27.17053333333334
308,27.42,27.35,27.27,27.33,27.06,27.03,27.12,26.64,27.36,26.25,27.52,26.26,27.3425,26.962500000000002,26.8475,27.153433333333336
309,26.97,27.46,27.17,27.34,27.18,27.42,27.96,27.38,27.2,27.1,27.23,26.99,27.235,27.485,27.13,27.145633333333336
310,26.97,27.46,27.17,27.34,27.18,27.42,27.96,27.38,27.2,27.1,27.23,26.99,27.235,27.485,27.13,27.13783333333333
311,26.97,27.46,27.17,27.34,27.18,27.42,27.96,27.38,27.2,27.1,27.23,26.99,27.235,27.485,27.13,27.13003333333333
312,26.97,27.46,27.17,27.34,27.18,27.42,27.96,27.38,27.2,27.1,27.23,26.99,27.235,27.485,27.13,27.122233333333334
313,26.97,27.46,27.17,27.34,27.18,27.42,27.96,27.38,27.2,27.1,27.23,26.99,27.235,27.485,27.13,27.11443333333333
314,26.97,27.46,27.17,27.34,27.18,27.42,27.96,27.38,27.2,27.1,27.23,26.99,27.235,27.485,27.13,27.10663333333333
315,26.97,27.46,27.17,27.34,27.18,27.42,27.96,27.38,27.2,27.1,27.23,26.99,27.235,27.485,27.13,27.11593333333333
316,26.97,27.46,27.17,27.34,27.18,27.42,27.96,27.38,27.2,27.1,27.23,26.99,27.235,27.485,27.13,27.12523333333333
317,26.97,27.46,27.17,27.34,27.18,27.42,27.96,27.38,27.2,27.1,27.23,26.99,27.235,27.485,27.13,27.13453333333333
318,26.97,27.46,27.17,27.34,27.18,27.42,27.96,27.38,27.2,27.1,27.23,26.99,27.235,27.485,27.13,27.143833333333333
319,26.97,27.46,27.17,27.34,27.18,27.42,27.96,27.38,27.2,27.1,27.23,26.99,27.235,27.485,27.13,27.15313333333333
320,26.97,27.46,27.17,27.34,27.18,27.42,27.96,27.38,27.2,27.1,27.23,26.99,27.235,27.485,27.13,27.16243333333333
321,26.97,27.46,27.17,27.34,27.18,27.42,27.96,27.38,27.2,27.1,27.23,26.99,27.235,27.485,27.13,27.171733333333332
322,26.97,27.46,27.17,27.34,27.18,27.42,27.96,27.38,27.2,27.1,27.23,26.99,27.235,27.485,27.13,27.181033333333332
323,26.97,27.46,27.17,27.34,27.18,27.42,27.96,27.38,27.2,27.1,27.23,26.99,27.235,27.485,27.13,27.190333333333328
324,26.97,27.46,27.17,27.34,27.18,27.42,27.96,27.38,27.2,27.1,27.23,26.99,27.235,27.485,27.13,27.19963333333333
325,26.97,27.46,27.17,27.34,27.18,27.42,27.96,27.38,27.2,27.1,27.23,26.99,27.235,27.485,27.13,27.20893333333333
326,26.97,27.46,27.17,27.34,27.18,27.42,27.96,27.38,27.2,27.1,27.23,26.99,27.235,27.485,27.13,27.218233333333327
327,26.97,27.46,27.17,27.34,27.18,27.42,27.96,27.38,27.2,27.1,27.23,26.99,27.235,27.485,27.13,27.22753333333333
328,26.66,27.35,27.05,27.58,26.97,27.12,27.43,26.63,26.99,27.09,27.31,26.5,27.16,27.0375,26.9725,27.22776666666666
329,26.66,27.35,27.05,27.58,26.97,27.12,27.43,26.63,26.99,27.09,27.31,26.5,27.16,27.0375,26.9725,27.227999999999994
330,26.66,27.35,27.05,27.58,26.97,27.12,27.43,26.63,26.99,27.09,27.31,26.5,27.16,27.0375,26.9725,27.22823333333333
331,26.66,27.35,27.05,27.58,26.97,27.12,27.43,26.63,26.99,27.09,27.31,26.5,27.16,27.0375,26.9725,27.228466666666662
332,26.66,27.35,27.05,27.58,26.97,27.12,27.43,26.63,26.99,27.09,27.31,26.5,27.16,27.0375,26.9725,27.2287
333,26.66,27.35,27.05,27.58,26.97,27.12,27.43,26.63,26.99,27.09,27.31,26.5,27.16,27.0375,26.9725,27.22893333333333
334,26.66,27.35,27.05,27.58,26.97,27.12,27.43,26.63,26.99,27.09,27.31,26.5,27.16,27.0375,26.9725,27.219866666666668
335,26.66,27.35,27.05,27.58,26.97,27.12,27.43,26.63,26.99,27.09,27.31,26.5,27.16,27.0375,26.9725,27.2108
336,26.66,27.35,27.05,27.58,26.97,27.12,27.43,26.63,26.99,27.09,27.31,26.5,27.16,27.0375,26.9725,27.201733333333333
337,26.66,27.35,27.05,27.58,26.97,27.12,27.43,26.63,26.99,27.09,27.31,26.5,27.16,27.0375,26.9725,27.192666666666664
338,26.66,27.35,27.05,27.58,26.97,27.12,27.43,26.63,26.99,27.09,27.31,26.5,27.16,27.0375,26.9725,27.1836
339,26.66,27.35,27.05,27.58,26.97,27.12,27.43,26.63,26.99,27.09,27.31,26.5,27.16,27.0375,26.9725,27.174533333333333
340,26.66,27.35,27.05,27.58,26.97,27.12,27.43,26.63,26.99,27.09,27.31,26.5,27.16,27.0375,26.9725,27.165466666666667
341,26.66,27.35,27.05,27.58,26.97,27.12,27.43,26.63,26.99,27.09,27.31,26.5,27.16,27.0375,26.9725,27.156399999999998
342,26.66,27.35,27.05,27.58,26.97,27.12,27.43,26.63,26.99,27.09,27.31,26.5,27.16,27.0375,26.9725,27.147333333333336
343,26.66,27.35,27.05,27.58,26.97,27.12,27.43,26.63,26.99,27.09,27.31,26.5,27.16,27.0375,26.9725,27.138266666666667
344,26.66,27.35,27.05,27.58,26.97,27.12,27.43,26.63,26.99,27.09,27.31,26.5,27.16,27.0375,26.9725,27.1292
345,26.66,27.35,27.05,27.58,26.97,27.12,27.43,26.63,26.99,27.09,27.31,26.5,27.16,27.0375,26.9725,27.12013333333333
346,26.66,27.35,27.05,27.58,26.97,27.12,27.43,26.63,26.99,27.09,27.31,26.5,27.16,27.0375,26.9725,27.111066666666666
347,27.14,27.56,27.39,27.97,26.6,27.42,27.23,26.27,27.0,27.01,26.81,27.46,27.515,26.88,27.07,27.105933333333333
348,27.14,27.56,27.39,27.97,26.6,27.42,27.23,26.27,27.0,27.01,26.81,27.46,27.515,26.88,27.07,27.1008
349,27.14,27.56,27.39,27.97,26.6,27.42,27.23,26.27,27.0,27.01,26.81,27.46,27.515,26.88,27.07,27.095666666666666
350,27.14,27.56,27.39,27.97,26.6,27.42,27.23,26.27,27.0,27.01,26.81,27.46,27.515,26.88,27.07,27.090533333333333
351,27.14,27.56,27.39,27.97,26.6,27.42,27.23,26.27,27.0,27.01,26.81,27.46,27.515,26.88,27.07,27.0854
352,27.14,27.56,27.39,27.97,26.6,27.42,27.23,26.27,27.0,27.01,26.81,27.46,27.515,26.88,27.07,27.080266666666667
353,27.14,27.56,27.39,27.97,26.6,27.42,27.23,26.27,27.0,27.01,26.81,27.46,27.515,26.88,27.07,27.0842
354,27.14,27.56,27.39,27.97,26.6,27.42,27.23,26.27,27.0,27.01,26.81,27.46,27.515,26.88,27.07,27.088133333333335
355,27.14,27.56,27.39,27.97,26.6,27.42,27.23,26.27,27.0,27.01,26.81,27.46,27.515,26.88,27.07,27.092066666666668
356,27.14,27.56,27.39,27.97,26.6,27.42,27.23,26.27,27.0,27.01,26.81,27.46,27.515,26.88,27.07,27.096000000000004
357,27.14,27.56,27.39,27.97,26.6,27.42,27.23,26.27,27.0,27.01,26.81,27.46,27.515,26.88,27.07,27.09993333333334
358,27.14,27.56,27.39,27.97,26.6,27.42,27.23,26.27,27.0,27.01,26.81,27.46,27.515,26.88,27.07,27.10386666666667
359,27.14,27.56,27.39,27.97,26.6,27.42,27.23,26.27,27.0,27.01,26.81,27.46,27.515,26.88,27.07,27.1078
360,27.14,27.56,27.39,27.97,26.6,27.42,27.23,26.27,27.0,27.01,26.81,27.46,27.515,26.88,27.07,27.111733333333337
361,27.14,27.56,27.39,27.97,26.6,27.42,27.23,26.27,27.0,27.01,26.81,27.46,27.515,26.88,27.07,27.115666666666666
362,27.14,27.56,27.39,27.97,26.6,27.42,27.23,26.27,27.0,27.01,26.81,27.46,27.515,26.88,27.07,27.119600000000002
363,27.14,27.56,27.39,27.97,26.6,27.42,27.23,26.27,27.0,27.01,26.81,27.46,27.515,26.88,27.07,27.123533333333334
364,27.14,27.56,27.39,27.97,26.6,27.42,27.23,26.27,27.0,27.01,26.81,27.46,27.515,26.88,27.07,27.12746666666667
365,27.14,27.56,27.39,27.97,26.6,27.42,27.23,26.27,27.0,27.01,26.81,27.46,27.515,26.88,27.07,27.131400000000003
366,27.15,27.27,27.5,27.48,26.89,27.05,27.24,26.78,27.01,26.74,27.33,26.88,27.35,26.99,26.99,27.133533333333336
367,27.15,27.27,27.5,27.48,26.89,27.05,27.24,26.78,27.01,26.74,27.33,26.88,27.35,26.99,26.99,27.13566666666667
368,27.15,27.27,27.5,27.48,26.89,27.05,27.24,26.78,27.01,26.74,27.33,26.88,27.35,26.99,26.99,27.137800000000002
369,27.15,27.27,27.5,27.48,26.89,27.05,27.24,26.78,27.01,26.74,27.33,26.88,27.35,26.99,26.99,27.13993333333333
370,27.15,27.27,27.5,27.48,26.89,27.05,27.24,26.78,27.01,26.74,27.33,26.88,27.35,26.99,26.99,27.142066666666665
371,27.15,27.27,27.5,27.48,26.89,27.05,27.24,26.78,27.01,26.74,27.33,26.88,27.35,26.99,26.99,27.1442
372,27.15,27.27,27.5,27.48,26.89,27.05,27.24,26.78,27.01,26.74,27.33,26.88,27.35,26.99,26.99,27.142400000000002
373,27.15,27.27,27.5,27.48,26.89,27.05,27.24,26.78,27.01,26.74,27.33,26.88,27.35,26.99,26.99,27.1406
374,27.15,27.27,27.5,27.48,26.89,27.05,27.24,26.78,27.01,26.74,27.33,26.88,27.35,26.99,26.99,27.1388
375,27.15,27.27,27.5,27.48,26.89,27.05,27.24,26.78,27.01,26.74,27.33,26.88,27.35,26.99,26.99,27.137000000000004
376,27.15,27.27,27.5,27.48,26.89,27.05,27.24,26.78,27.01,26.74,27.33,26.88,27.35,26.99,26.99,27.1352
377,27.15,27.27,27.5,27.48,26.89,27.05,27.24,26.78,27.01,26.74,27.33,26.88,27.35,26.99,26.99,27.1334
378,27.15,27.27,27.5,27.48,26.89,27.05,27.24,26.78,27.01,26.74,27.33,26.88,27.35,26.99,26.99,27.131600000000002
379,27.15,27.27,27.5,27.48,26.89,27.05,27.24,26.78,27.01,26.74,27.33,26.88,27.35,26.99,26.99,27.1298
380,27.15,27.27,27.5,27.48,26.89,27.05,27.24,26.78,27.01,26.74,27.33,26.88,27.35,26.99,26.99,27.128
381,27.15,27.27,27.5,27.48,26.89,27.05,27.24,26.78,27.01,26.74,27.33,26.88,27.35,26.99,26.99,27.126200000000004
382,27.15,27.27,27.5,27.48,26.89,27.05,27.24,26.78,27.01,26.74,27.33,26.88,27.35,26.99,26.99,27.1244
383,27.15,27.27,27.5,27.48,26.89,27.05,27.24,26.78,27.01,26.74,27.33,26.88,27.35,26.99,26.99,27.1226
384,27.15,27.27,27.5,27.48,26.89,27.05,27.24,26.78,27.01,26.74,27.33,26.88,27.35,26.99,26.99,27.1208
385,27.15,27.27,27.5,27.48,26.89,27.05,27.24,26.78,27.01,26.74,27.33,26.88,27.35,26.99,26.99,27.119
386,27.31,27.35,27.04,27.84,26.77,26.84,27.83,26.76,26.98,27.09,27.2,27.58,27.384999999999998,27.05,27.2125,27.12143333333333
387,27.31,27.35,27.04,27.84,26.77,26.84,27.83,26.76,26.98,27.09,27.2,27.58,27.384999999999998,27.05,27.2125,27.123866666666668
388,27.31,27.35,27.04,27.84,26.77,26.84,27.83,26.76,26.98,27.09,27.2,27.58,27.384999999999998,27.05,27.2125,27.126299999999997
389,27.31,27.35,27.04,27.84,26.77,26.84,27.83,26.76,26.98,27.09,27.2,27.58,27.384999999999998,27.05,27.2125,27.128733333333333
390,27.31,27.35,27.04,27.84,26.77,26.84,27.83,26.76,26.98,27.09,27.2,27.58,27.384999999999998,27.05,27.2125,27.13116666666666
391,27.31,27.35,27.04,27.84,26.77,26.84,27.83,26.76,26.98,27.09,27.2,27.58,27.384999999999998,27.05,27.2125,27.1354
392,27.31,27.35,27.04,27.84,26.77,26.84,27.83,26.76,26.98,27.09,27.2,27.58,27.384999999999998,27.05,27.2125,27.139633333333332
393,27.31,27.35,27.04,27.84,26.77,26.84,27.83,26.76,26.98,27.09,27.2,27.58,27.384999999999998,27.05,27.2125,27.143866666666668
394,27.31,27.35,27.04,27.84,26.77,26.84,27.83,26.76,26.98,27.09,27.2,27.58,27.384999999999998,27.05,27.2125,27.1481
395,27.31,27.35,27.04,27.84,26.77,26.84,27.83,26.76,26.98,27.09,27.2,27.58,27.384999999999998,27.05,27.2125,27.15233333333333
396,27.31,27.35,27.04,27.84,26.77,26.84,27.83,26.76,26.98,27.09,27.2,27.58,27.384999999999998,27.05,27.2125,27.156566666666667
397,27.31,27.35,27.04,27.84,26.77,26.84,27.83,26.76,26.98,27.09,27.2,27.58,27.384999999999998,27.05,27.2125,27.1608
398,27.31,27.35,27.04,27.84,26.77,26.84,27.83,26.76,26.98,27.09,27.2,27.58,27.384999999999998,27.05,27.2125,27.165033333333337
399,27.31,27.35,27.04,27.84,26.77,26.84,27.83,26.76,26.98,27.09,27.2,27.58,27.384999999999998,27.05,27.2125,27.16926666666667
400,27.31,27.35,27.04,27.84,26.77,26.84,27.83,26.76,26.98,27.09,27.2,27.58,27.384999999999998,27.05,27.2125,27.1735
401,27.31,27.35,27.04,27.84,26.77,26.84,27.83,26.76,26.98,27.09,27.2,27.58,27.384999999999998,27.05,27.2125,27.177733333333332
402,27.31,27.35,27.04,27.84,26.77,26.84,27.83,26.76,26.98,27.09,27.2,27.58,27.384999999999998,27.05,27.2125,27.181966666666668
403,27.31,27.35,27.04,27.84,26.77,26.84,27.83,26.76,26.98,27.09,27.2,27.58,27.384999999999998,27.05,27.2125,27.186200000000003
404,27.31,27.35,27.04,27.84,26.77,26.84,27.83,26.76,26.98,27.09,27.2,27.58,27.384999999999998,27.05,27.2125,27.190433333333335
405,26.96,27.76,26.96,27.34,26.98,27.61,26.51,26.89,27.01,26.73,27.02,27.23,27.255000000000003,26.997500000000002,26.997500000000002,27.18936666666667
406,26.96,27.76,26.96,27.34,26.98,27.61,26.51,26.89,27.01,26.73,27.02,27.23,27.255000000000003,26.997500000000002,26.997500000000002,27.188300000000005
407,26.96,27.76,26.96,27.34,26.98,27.61,26.51,26.89,27.01,26.73,27.02,27.23,27.255000000000003,26.997500000000002,26.997500000000002,27.18723333333334
408,26.96,27.76,26.96,27.34,26.98,27.61,26.51,26.89,27.01,26.73,27.02,27.23,27.255000000000003,26.997500000000002,26.997500000000002,27.18616666666667
409,26.96,27.76,26.96,27.34,26.98,27.61,26.51,26.89,27.01,26.73,27.02,27.23,27.255000000000003,26.997500000000002,26.997500000000002,27.185100000000002
410,26.96,27.76,26.96,27.34,26.98,27.61,26.51,26.89,27.01,26.73,27.02,27.23,27.255000000000003,26.997500000000002,26.997500000000002,27.184033333333335
411,26.96,27.76,26.96,27.34,26.98,27.61,26.51,26.89,27.01,26.73,27.02,27.23,27.255000000000003,26.997500000000002,26.997500000000002,27.178733333333334
412,26.96,27.76,26.96,27.34,26.98,27.61,26.51,26.89,27.01,26.73,27.02,27.23,27.255000000000003,26.997500000000002,26.997500000000002,27.173433333333335
413,26.96,27.76,26.96,27.34,26.98,27.61,26.51,26.89,27.01,26.73,27.02,27.23,27.255000000000003,26.997500000000002,26.997500000000002,27.168133333333333
414,26.96,27.76,26.96,27.34,26.98,27.61,26.51,26.89,27.01,26.73,27.02,27.23,27.255000000000003,26.997500000000002,26.997500000000002,27.16283333333333
415,26.96,27.76,26.96,27.34,26.98,27.61,26.51,26.89,27.01,26.73,27.02,27.23,27.255000000000003,26.997500000000002,26.997500000000002,27.157533333333337
416,26.96,27.76,26.96,27.34,26.98,27.61,26.51,26.89,27.01,26.73,27.02,27.23,27.255000000000003,26.997500000000002,26.997500000000002,27.152233333333335
417,26.96,27.76,26.96,27.34,26.98,27.61,26.51,26.89,27.01,26.73,27.02,27.23,27.255000000000003,26.997500000000002,26.997500000000002,27.146933333333333
418,26.96,27.76,26.96,27.34,26.98,27.61,26.51,26.89,27.01,26.73,27.02,27.23,27.255000000000003,26.997500000000002,26.997500000000002,27.141633333333335
419,26.96,27.76,26.96,27.34,26.98,27.61,26.51,26.89,27.01,26.73,27.02,27.23,27.255000000000003,26.997500000000002,26.997500000000002,27.136333333333333
420,26.96,27.76,26.96,27.34,26.98,27.61,26.51,26.89,27.01,26.73,27.02,27.23,27.255000000000003,26.997500000000002,26.997500000000002,27.13103333333333
421,26.96,27.76,26.96,27.34,26.98,27.61,26.51,26.89,27.01,26.73,27.02,27.23,27.255000000000003,26.997500000000002,26.997500000000002,27.125733333333333
422,26.96,27.76,26.96,27.34,26.98,27.61,26.51,26.89,27.01,26.73,27.02,27.23,27.255000000000003,26.997500000000002,26.997500000000002,27.120433333333335
423,26.96,27.76,26.96,27.34,26.98,27.61,26.51,26.89,27.01,26.73,27.02,27.23,27.255000000000003,26.997500000000002,26.997500000000002,27.115133333333333
424,26.96,27.76,26.96,27.34,26.98,27.61,26.51,26.89,27.01,26.73,27.02,27.23,27.255000000000003,26.997500000000002,26.997500000000002,27.10983333333333
425,26.95,27.56,27.39,27.85,26.88,26.75,27.44,26.4,26.82,26.92,27.42,27.23,27.4375,26.8675,27.0975,27.106566666666666
426,26.95,27.56,27.39,27.85,26.88,26.75,27.44,26.4,26.82,26.92,27.42,27.23,27.4375,26.8675,27.0975,27.1033
427,26.95,27.56,27.39,27.85,26.88,26.75,27.44,26.4,26.82,26.92,27.42,27.23,27.4375,26.8675,27.0975,27.100033333333336
428,26.95,27.56,27.39,27.85,26.88,26.75,27.44,26.4,26.82,26.92,27.42,27.23,27.4375,26.8675,27.0975,27.09676666666667
429,26.95,27.56,27.39,27.85,26.88,26.75,27.44,26.4,26.82,26.92,27.42,27.23,27.4375,26.8675,27.0975,27.093500000000002
430,26.95,27.56,27.39,27.85,26.88,26.75,27.44,26.4,26.82,26.92,27.42,27.23,27.4375,26.8675,27.0975,27.095533333333332
431,26.95,27.56,27.39,27.85,26.88,26.75,27.44,26.4,26.82,26.92,27.42,27.23,27.4375,26.8675,27.0975,27.097566666666673
432,26.95,27.56,27.39,27.85,26.88,26.75,27.44,26.4,26.82,26.92,27.42,27.23,27.4375,26.8675,27.0975,27.0996
433,26.95,27.56,27.39,27.85,26.88,26.75,27.44,26.4,26.82,26.92,27.42,27.23,27.4375,26.8675,27.0975,27.101633333333336
434,26.95,27.56,27.39,27.85,26.88,26.75,27.44,26.4,26.82,26.92,27.42,27.23,27.4375,26.8675,27.0975,27.10366666666667
435,26.95,27.56,27.39,27.85,26.88,26.75,27.44,26.4,26.82,26.92,27.42,27.23,27.4375,26.8675,27.0975,27.105700000000002
436,26.95,27.56,27.39,27.85,26.88,26.75,27.44,26.4,26.82,26.92,27.42,27.23,27.4375,26.8675,27.0975,27.107733333333336
437,26.95,27.56,27.39,27.85,26.88,26.75,27.44,26.4,26.82,26.92,27.42,27.23,27.4375,26.8675,27.0975,27.10976666666667
438,26.95,27.56,27.39,27.85,26.88,26.75,27.44,26.4,26.82,26.92,27.42,27.23,27.4375,26.8675,27.0975,27.111800000000002
439,26.95,27.56,27.39,27.85,26.88,26.75,27.44,26.4,26.82,26.92,27.42,27.23,27.4375,26.8675,27.0975,27.113833333333336
440,26.95,27.56,27.39,27.85,26.88,26.75,27.44,26.4,26.82,26.92,27.42,27.23,27.4375,26.8675,27.0975,27.11586666666667
441,26.95,27.56,27.39,27.85,26.88,26.75,27.44,26.4,26.82,26.92,27.42,27.23,27.4375,26.8675,27.0975,27.117900000000006
442,26.95,27.56,27.39,27.85,26.88,26.75,27.44,26.4,26.82,26.92,27.42,27.23,27.4375,26.8675,27.0975,27.11993333333334
443,26.95,27.56,27.39,27.85,26.88,26.75,27.44,26.4,26.82,26.92,27.42,27.23,27.4375,26.8675,27.0975,27.121966666666665
444,26.96,27.47,27.5,27.85,26.98,26.76,27.55,27.26,26.74,26.92,27.12,27.47,27.445,27.137500000000003,27.0625,27.127233333333336
445,26.96,27.47,27.5,27.85,26.98,26.76,27.55,27.26,26.74,26.92,27.12,27.47,27.445,27.137500000000003,27.0625,27.132500000000004
446,26.96,27.47,27.5,27.85,26.98,26.76,27.55,27.26,26.74,26.92,27.12,27.47,27.445,27.137500000000003,27.0625,27.13776666666667
447,26.96,27.47,27.5,27.85,26.98,26.76,27.55,27.26,26.74,26.92,27.12,27.47,27.445,27.137500000000003,27.0625,27.14303333333334
448,26.96,27.47,27.5,27.85,26.98,26.76,27.55,27.26,26.74,26.92,27.12,27.47,27.445,27.137500000000003,27.0625,27.148300000000003
449,26.96,27.47,27.5,27.85,26.98,26.76,27.55,27.26,26.74,26.92,27.12,27.47,27.445,27.137500000000003,27.0625,27.15356666666667
450,26.96,27.47,27.5,27.85,26.98,26.76,27.55,27.26,26.74,26.92,27.12,27.47,27.445,27.137500000000003,27.0625,27.156800000000008
451,26.96,27.47,27.5,27.85,26.98,26.76,27.55,27.26,26.74,26.92,27.12,27.47,27.445,27.137500000000003,27.0625,27.16003333333334
452,26.96,27.47,27.5,27.85,26.98,26.76,27.55,27.26,26.74,26.92,27.12,27.47,27.445,27.137500000000003,27.0625,27.163266666666672
453,26.96,27.47,27.5,27.85,26.98,26.76,27.55,27.26,26.74,26.92,27.12,27.47,27.445,27.137500000000003,27.0625,27.166500000000006
454,26.96,27.47,27.5,27.85,26.98,26.76,27.55,27.26,26.74,26.92,27.12,27.47,27.445,27.137500000000003,27.0625,27.169733333333337
455,26.96,27.47,27.5,27.85,26.98,26.76,27.55,27.26,26.74,26.92,27.12,27.47,27.445,27.137500000000003,27.0625,27.17296666666667
456,26.96,27.47,27.5,27.85,26.98,26.76,27.55,27.26,26.74,26.92,27.12,27.47,27.445,27.137500000000003,27.0625,27.176200000000005
457,26.96,27.47,27.5,27.85,26.98,26.76,27.55,27.26,26.74,26.92,27.12,27.47,27.445,27.137500000000003,27.0625,27.17943333333334
458,26.96,27.47,27.5,27.85,26.98,26.76,27.55,27.26,26.74,26.92,27.12,27.47,27.445,27.137500000000003,27.0625,27.18266666666667
459,26.96,27.47,27.5,27.85,26.98,26.76,27.55,27.26,26.74,26.92,27.12,27.47,27.445,27.137500000000003,27.0625,27.185900000000007
460,26.96,27.47,27.5,27.85,26.98,26.76,27.55,27.26,26.74,26.92,27.12,27.47,27.445,27.137500000000003,27.0625,27.189133333333338
461,26.96,27.47,27.5,27.85,26.98,26.76,27.55,27.26,26.74,26.92,27.12,27.47,27.445,27.137500000000003,27.0625,27.192366666666672
462,26.96,27.47,27.5,27.85,26.98,26.76,27.55,27.26,26.74,26.92,27.12,27.47,27.445,27.137500000000003,27.0625,27.19560000000001
463,26.96,27.47,27.5,27.85,26.98,26.76,27.55,27.26,26.74,26.92,27.12,27.47,27.445,27.137500000000003,27.0625,27.198833333333337
464,26.95,27.16,27.71,27.46,26.79,26.94,27.13,26.89,27.09,27.2,27.12,26.63,27.32,26.9375,27.009999999999998,27.197033333333337
465,26.95,27.16,27.71,27.46,26.79,26.94,27.13,26.89,27.09,27.2,27.12,26.63,27.32,26.9375,27.009999999999998,27.195233333333334
466,26.95,27.16,27.71,27.46,26.79,26.94,27.13,26.89,27.09,27.2,27.12,26.63,27.32,26.9375,27.009999999999998,27.19343333333334
467,26.95,27.16,27.71,27.46,26.79,26.94,27.13,26.89,27.09,27.2,27.12,26.63,27.32,26.9375,27.009999999999998,27.19163333333334
468,26.95,27.16,27.71,27.46,26.79,26.94,27.13,26.89,27.09,27.2,27.12,26.63,27.32,26.9375,27.009999999999998,27.189833333333336
469,26.95,27.16,27.71,27.46,26.79,26.94,27.13,26.89,27.09,27.2,27.12,26.63,27.32,26.9375,27.009999999999998,27.184800000000006
470,26.95,27.16,27.71,27.46,26.79,26.94,27.13,26.89,27.09,27.2,27.12,26.63,27.32,26.9375,27.009999999999998,27.17976666666667
471,26.95,27.16,27.71,27.46,26.79,26.94,27.13,26.89,27.09,27.2,27.12,26.63,27.32,26.9375,27.009999999999998,27.174733333333332
472,26.95,27.16,27.71,27.46,26.79,26.94,27.13,26.89,27.09,27.2,27.12,26.63,27.32,26.9375,27.009999999999998,27.169700000000002
473,26.95,27.16,27.71,27.46,26.79,26.94,27.13,26.89,27.09,27.2,27.12,26.63,27.32,26.9375,27.009999999999998,27.164666666666673
474,26.95,27.16,27.71,27.46,26.79,26.94,27.13,26.89,27.09,27.2,27.12,26.63,27.32,26.9375,27.009999999999998,27.159633333333336
475,26.95,27.16,27.71,27.46,26.79,26.94,27.13,26.89,27.09,27.2,27.12,26.63,27.32,26.9375,27.009999999999998,27.154600000000002
476,26.95,27.16,27.71,27.46,26.79,26.94,27.13,26.89,27.09,27.2,27.12,26.63,27.32,26.9375,27.009999999999998,27.14956666666667
477,26.95,27.16,27.71,27.46,26.79,26.94,27.13,26.89,27.09,27.2,27.12,26.63,27.32,26.9375,27.009999999999998,27.14453333333334
478,26.95,27.16,27.71,27.46,26.79,26.94,27.13,26.89,27.09,27.2,27.12,26.63,27.32,26.9375,27.009999999999998,27.1395
479,26.95,27.16,27.71,27.46,26.79,26.94,27.13,26.89,27.09,27.2,27.12,26.63,27.32,26.9375,27.009999999999998,27.13446666666667
480,26.95,27.16,27.71,27.46,26.79,26.94,27.13,26.89,27.09,27.2,27.12,26.63,27.32,26.9375,27.009999999999998,27.129433333333335
481,26.95,27.16,27.71,27.46,26.79,26.94,27.13,26.89,27.09,27.2,27.12,26.63,27.32,26.9375,27.009999999999998,27.124400000000005
482,26.95,27.16,27.71,27.46,26.79,26.94,27.13,26.89,27.09,27.2,27.12,26.63,27.32,26.9375,27.009999999999998,27.119366666666668
483,26.87,26.78,27.93,27.61,27.08,26.67,27.76,26.78,27.11,26.84,27.64,26.77,27.297500000000003,27.0725,27.09,27.1169
484,26.87,26.78,27.93,27.61,27.08,26.67,27.76,26.78,27.11,26.84,27.64,26.77,27.297500000000003,27.0725,27.09,27.114433333333338
485,26.87,26.78,27.93,27.61,27.08,26.67,27.76,26.78,27.11,26.84,27.64,26.77,27.297500000000003,27.0725,27.09,27.11196666666667
486,26.87,26.78,27.93,27.61,27.08,26.67,27.76,26.78,27.11,26.84,27.64,26.77,27.297500000000003,27.0725,27.09,27.109500000000004
487,26.87,26.78,27.93,27.61,27.08,26.67,27.76,26.78,27.11,26.84,27.64,26.77,27.297500000000003,27.0725,27.09,27.107033333333334
488,26.87,26.78,27.93,27.61,27.08,26.67,27.76,26.78,27.11,26.84,27.64,26.77,27.297500000000003,27.0725,27.09,27.10456666666667
489,26.87,26.78,27.93,27.61,27.08,26.67,27.76,26.78,27.11,26.84,27.64,26.77,27.297500000000003,27.0725,27.09,27.107133333333337
490,26.87,26.78,27.93,27.61,27.08,26.67,27.76,26.78,27.11,26.84,27.64,26.77,27.297500000000003,27.0725,27.09,27.109700000000004
491,26.87,26.78,27.93,27.61,27.08,26.67,27.76,26.78,27.11,26.84,27.64,26.77,27.297500000000003,27.0725,27.09,27.11226666666667
492,26.87,26.78,27.93,27.61,27.08,26.67,27.76,26.78,27.11,26.84,27.64,26.77,27.297500000000003,27.0725,27.09,27.114833333333337
493,26.87,26.78,27.93,27.61,27.08,26.67,27.76,26.78,27.11,26.84,27.64,26.77,27.297500000000003,27.0725,27.09,27.117400000000004
494,26.87,26.78,27.93,27.61,27.08,26.67,27.76,26.78,27.11,26.84,27.64,26.77,27.297500000000003,27.0725,27.09,27.11996666666667
495,26.87,26.78,27.93,27.61,27.08,26.67,27.76,26.78,27.11,26.84,27.64,26.77,27.297500000000003,27.0725,27.09,27.122533333333337
496,26.87,26.78,27.93,27.61,27.08,26.67,27.76,26.78,27.11,26.84,27.64,26.77,27.297500000000003,27.0725,27.09,27.125100000000003
497,26.87,26.78,27.93,27.61,27.08,26.67,27.76,26.78,27.11,26.84,27.64,26.77,27.297500000000003,27.0725,27.09,27.12766666666667
498,26.87,26.78,27.93,27.61,27.08,26.67,27.76,26.78,27.11,26.84,27.64,26.77,27.297500000000003,27.0725,27.09,27.130233333333337
499,26.87,26.78,27.93,27.61,27.08,26.67,27.76,26.78,27.11,26.84,27.64,26.77,27.297500000000003,27.0725,27.09,27.132800000000003
500,26.87,26.78,27.93,27.61,27.08,26.67,27.76,26.78,27.11,26.84,27.64,26.77,27.297500000000003,27.0725,27.09,27.13536666666667
501,26.87,26.78,27.93,27.61,27.08,26.67,27.76,26.78,27.11,26.84,27.64,26.77,27.297500000000003,27.0725,27.09,27.137933333333336
502,26.87,26.78,27.93,27.61,27.08,26.67,27.76,26.78,27.11,26.84,27.64,26.77,27.297500000000003,27.0725,27.09,27.140500000000003
503,27.12,27.64,27.37,27.32,26.86,27.49,27.42,26.5,27.25,27.55,26.99,27.21,27.362500000000004,27.0675,27.25,27.146000000000004
504,27.12,27.64,27.37,27.32,26.86,27.49,27.42,26.5,27.25,27.55,26.99,27.21,27.362500000000004,27.0675,27.25,27.151500000000006
505,27.12,27.64,27.37,27.32,26.86,27.49,27.42,26.5,27.25,27.55,26.99,27.21,27.362500000000004,27.0675,27.25,27.157000000000004
506,27.12,27.64,27.37,27.32,26.86,27.49,27.42,26.5,27.25,27.55,26.99,27.21,27.362500000000004,27.0675,27.25,27.162500000000005
507,27.12,27.64,27.37,27.32,26.86,27.49,27.42,26.5,27.25,27.55,26.99,27.21,27.362500000000004,27.0675,27.25,27.168000000000003
508,27.12,27.64,27.37,27.32,26.86,27.49,27.42,26.5,27.25,27.55,26.99,27.21,27.362500000000004,27.0675,27.25,27.170933333333338
509,27.12,27.64,27.37,27.32,26.86,27.49,27.42,26.5,27.25,27.55,26.99,27.21,27.362500000000004,27.0675,27.25,27.173866666666672
510,27.12,27.64,27.37,27.32,26.86,27.49,27.42,26.5,27.25,27.55,26.99,27.21,27.362500000000004,27.0675,27.25,27.176800000000004
511,27.12,27.64,27.37,27.32,26.86,27.49,27.42,26.5,27.25,27.55,26.99,27.21,27.362500000000004,27.0675,27.25,27.17973333333334
512,27.12,27.64,27.37,27.32,26.86,27.49,27.42,26.5,27.25,27.55,26.99,27.21,27.362500000000004,27.0675,27.25,27.182666666666673
513,27.12,27.64,27.37,27.32,26.86,27.49,27.42,26.5,27.25,27.55,26.99,27.21,27.362500000000004,27.0675,27.25,27.185600000000004
514,27.12,27.64,27.37,27.32,26.86,27.49,27.42,26.5,27.25,27.55,26.99,27.21,27.362500000000004,27.0675,27.25,27.18853333333334
515,27.12,27.64,27.37,27.32,26.86,27.49,27.42,26.5,27.25,27.55,26.99,27.21,27.362500000000004,27.0675,27.25,27.191466666666674
516,27.12,27.64,27.37,27.32,26.86,27.49,27.42,26.5,27.25,27.55,26.99,27.21,27.362500000000004,27.0675,27.25,27.194400000000005
517,27.12,27.64,27.37,27.32,26.86,27.49,27.42,26.5,27.25,27.55,26.99,27.21,27.362500000000004,27.0675,27.25,27.19733333333334
518,27.12,27.64,27.37,27.32,26.86,27.49,27.42,26.5,27.25,27.55,26.99,27.21,27.362500000000004,27.0675,27.25,27.200266666666675
519,27.12,27.64,27.37,27.32,26.86,27.49,27.42,26.5,27.25,27.55,26.99,27.21,27.362500000000004,27.0675,27.25,27.203200000000006
520,27.12,27.64,27.37,27.32,26.86,27.49,27.42,26.5,27.25,27.55,26.99,27.21,27.362500000000004,27.0675,27.25,27.206133333333337
521,27.12,27.64,27.37,27.32,26.86,27.49,27.42,26.5,27.25,27.55,26.99,27.21,27.362500000000004,27.0675,27.25,27.209066666666672
522,27.23,26.86,27.27,27.69,27.24,27.52,27.73,26.99,26.9,26.92,27.41,26.85,27.2625,27.369999999999997,27.020000000000003,27.21163333333334
523,27.23,26.86,27.27,27.69,27.24,27.52,27.73,26.99,26.9,26.92,27.41,26.85,27.2625,27.369999999999997,27.020000000000003,27.2142
524,27.23,26.86,27.27,27.69,27.24,27.52,27.73,26.99,26.9,26.92,27.41,26.85,27.2625,27.369999999999997,27.020000000000003,27.216766666666672
525,27.23,26.86,27.27,27.69,27.24,27.52,27.73,26.99,26.9,26.92,27.41,26.85,27.2625,27.369999999999997,27.020000000000003,27.219333333333335
526,27.23,26.86,27.27,27.69,27.24,27.52,27.73,26.99,26.9,26.92,27.41,26.85,27.2625,27.369999999999997,27.020000000000003,27.221900000000005
527,27.23,26.86,27.27,27.69,27.24,27.52,27.73,26.99,26.9,26.92,27.41,26.85,27.2625,27.369999999999997,27.020000000000003,27.224466666666668
528,27.23,26.86,27.27,27.69,27.24,27.52,27.73,26.99,26.9,26.92,27.41,26.85,27.2625,27.369999999999997,27.020000000000003,27.224100000000004
529,27.23,26.86,27.27,27.69,27.24,27.52,27.73,26.99,26.9,26.92,27.41,26.85,27.2625,27.369999999999997,27.020000000000003,27.22373333333334
530,27.23,26.86,27.27,27.69,27.24,27.52,27.73,26.99,26.9,26.92,27.41,26.85,27.2625,27.369999999999997,27.020000000000003,27.22336666666667
531,27.23,26.86,27.27,27.69,27.24,27.52,27.73,26.99,26.9,26.92,27.41,26.85,27.2625,27.369999999999997,27.020000000000003,27.223000000000003
532,27.23,26.86,27.27,27.69,27.24,27.52,27.73,26.99,26.9,26.92,27.41,26.85,27.2625,27.369999999999997,27.020000000000003,27.222633333333338
533,27.23,26.86,27.27,27.69,27.24,27.52,27.73,26.99,26.9,26.92,27.41,26.85,27.2625,27.369999999999997,27.020000000000003,27.22226666666667
534,27.23,26.86,27.27,27.69,27.24,27.52,27.73,26.99,26.9,26.92,27.41,26.85,27.2625,27.369999999999997,27.020000000000003,27.221900000000005
535,27.23,26.86,27.27,27.69,27.24,27.52,27.73,26.99,26.9,26.92,27.41,26.85,27.2625,27.369999999999997,27.020000000000003,27.221533333333337
536,27.23,26.86,27.27,27.69,27.24,27.52,27.73,26.99,26.9,26.92,27.41,26.85,27.2625,27.369999999999997,27.020000000000003,27.22116666666667
537,27.23,26.86,27.27,27.69,27.24,27.52,27.73,26.99,26.9,26.92,27.41,26.85,27.2625,27.369999999999997,27.020000000000003,27.2208
538,27.23,26.86,27.27,27.69,27.24,27.52,27.73,26.99,26.9,26.92,27.41,26.85,27.2625,27.369999999999997,27.020000000000003,27.220433333333336
539,27.23,26.86,27.27,27.69,27.24,27.52,27.73,26.99,26.9,26.92,27.41,26.85,27.2625,27.369999999999997,27.020000000000003,27.22006666666667
540,27.23,26.86,27.27,27.69,27.24,27.52,27.73,26.99,26.9,26.92,27.41,26.85,27.2625,27.369999999999997,27.020000000000003,27.219700000000003
541,26.97,27.66,27.5,27.95,26.91,27.14,27.35,26.5,26.94,26.55,27.74,26.49,27.52,26.975,26.93,27.2163
542,26.97,27.66,27.5,27.95,26.91,27.14,27.35,26.5,26.94,26.55,27.74,26.49,27.52,26.975,26.93,27.2129
543,26.97,27.66,27.5,27.95,26.91,27.14,27.35,26.5,26.94,26.55,27.74,26.49,27.52,26.975,26.93,27.209500000000002
544,26.97,27.66,27.5,27.95,26.91,27.14,27.35,26.5,26.94,26.55,27.74,26.49,27.52,26.975,26.93,27.206100000000003
545,26.97,27.66,27.5,27.95,26.91,27.14,27.35,26.5,26.94,26.55,27.74,26.49,27.52,26.975,26.93,27.2027
546,26.97,27.66,27.5,27.95,26.91,27.14,27.35,26.5,26.94,26.55,27.74,26.49,27.52,26.975,26.93,27.199300000000004
547,26.97,27.66,27.5,27.95,26.91,27.14,27.35,26.5,26.94,26.55,27.74,26.49,27.52,26.975,26.93,27.19626666666667
548,26.97,27.66,27.5,27.95,26.91,27.14,27.35,26.5,26.94,26.55,27.74,26.49,27.52,26.975,26.93,27.19323333333334
549,26.97,27.66,27.5,27.95,26.91,27.14,27.35,26.5,26.94,26.55,27.74,26.49,27.52,26.975,26.93,27.1902
550,26.97,27.66,27.5,27.95,26.91,27.14,27.35,26.5,26.94,26.55,27.74,26.49,27.52,26.975,26.93,27.187166666666663
551,26.97,27.66,27.5,27.95,26.91,27.14,27.35,26.5,26.94,26.55,27.74,26.49,27.52,26.975,26.93,27.184133333333328
552,26.97,27.66,27.5,27.95,26.91,27.14,27.35,26.5,26.94,26.55,27.74,26.49,27.52,26.975,26.93,27.181099999999997
553,26.97,27.66,27.5,27.95,26.91,27.14,27.35,26.5,26.94,26.55,27.74,26.49,27.52,26.975,26.93,27.178066666666663
554,26.97,27.66,27.5,27.95,26.91,27.14,27.35,26.5,26.94,26.55,27.74,26.49,27.52,26.975,26.93,27.17503333333333
555,26.97,27.66,27.5,27.95,26.91,27.14,27.35,26.5,26.94,26.55,27.74,26.49,27.52,26.975,26.93,27.171999999999997
556,26.97,27.66,27.5,27.95,26.91,27.14,27.35,26.5,26.94,26.55,27.74,26.49,27.52,26.975,26.93,27.168966666666666
557,26.97,27.66,27.5,27.95,26.91,27.14,27.35,26.5,26.94,26.55,27.74,26.49,27.52,26.975,26.93,27.16593333333333
558,26.97,27.66,27.5,27.95,26.91,27.14,27.35,26.5,26.94,26.55,27.74,26.49,27.52,26.975,26.93,27.1629
559,26.97,27.66,27.5,27.95,26.91,27.14,27.35,26.5,26.94,26.55,27.74,26.49,27.52,26.975,26.93,27.159866666666666
560,26.97,27.66,27.5,27.95,26.91,27.14,27.35,26.5,26.94,26.55,27.74,26.49,27.52,26.975,26.93,27.156833333333335
561,27.17,27.17,27.52,27.09,27.09,26.38,27.56,26.65,26.75,26.92,26.73,27.71,27.2375,26.92,27.027500000000003,27.150600000000004
562,27.17,27.17,27.52,27.09,27.09,26.38,27.56,26.65,26.75,26.92,26.73,27.71,27.2375,26.92,27.027500000000003,27.144366666666667
563,27.17,27.17,27.52,27.09,27.09,26.38,27.56,26.65,26.75,26.92,26.73,27.71,27.2375,26.92,27.027500000000003,27.138133333333336
564,27.17,27.17,27.52,27.09,27.09,26.38,27.56,26.65,26.75,26.92,26.73,27.71,27.2375,26.92,27.027500000000003,27.131900000000005
565,27.17,27.17,27.52,27.09,27.09,26.38,27.56,26.65,26.75,26.92,26.73,27.71,27.2375,26.92,27.027500000000003,27.125666666666667
566,27.17,27.17,27.52,27.09,27.09,26.38,27.56,26.65,26.75,26.92,26.73,27.71,27.2375,26.92,27.027500000000003,27.122466666666668
567,27.17,27.17,27.52,27.09,27.09,26.38,27.56,26.65,26.75,26.92,26.73,27.71,27.2375,26.92,27.027500000000003,27.11926666666667
568,27.17,27.17,27.52,27.09,27.09,26.38,27.56,26.65,26.75,26.92,26.73,27.71,27.2375,26.92,27.027500000000003,27.116066666666665
569,27.17,27.17,27.52,27.09,27.09,26.38,27.56,26.65,26.75,26.92,26.73,27.71,27.2375,26.92,27.027500000000003,27.11286666666667
570,27.17,27.17,27.52,27.09,27.09,26.38,27.56,26.65,26.75,26.92,26.73,27.71,27.2375,26.92,27.027500000000003,27.109666666666673
571,27.17,27.17,27.52,27.09,27.09,26.38,27.56,26.65,26.75,26.92,26.73,27.71,27.2375,26.92,27.027500000000003,27.106466666666666
572,27.17,27.17,27.52,27.09,27.09,26.38,27.56,26.65,26.75,26.92,26.73,27.71,27.2375,26.92,27.027500000000003,27.10326666666667
573,27.17,27.17,27.52,27.09,27.09,26.38,27.56,26.65,26.75,26.92,26.73,27.71,27.2375,26.92,27.027500000000003,27.10006666666667
574,27.17,27.17,27.52,27.09,27.09,26.38,27.56,26.65,26.75,26.92,26.73,27.71,27.2375,26.92,27.027500000000003,27.096866666666664
575,27.17,27.17,27.52,27.09,27.09,26.38,27.56,26.65,26.75,26.92,26.73,27.71,27.2375,26.92,27.027500000000003,27.093666666666667
576,27.17,27.17,27.52,27.09,27.09,26.38,27.56,26.65,26.75,26.92,26.73,27.71,27.2375,26.92,27.027500000000003,27.09046666666667
577,27.17,27.17,27.52,27.09,27.09,26.38,27.56,26.65,26.75,26.92,26.73,27.71,27.2375,26.92,27.027500000000003,27.087266666666665
578,27.17,27.17,27.52,27.09,27.09,26.38,27.56,26.65,26.75,26.92,26.73,27.71,27.2375,26.92,27.027500000000003,27.08406666666667
579,27.17,27.17,27.52,27.09,27.09,26.38,27.56,26.65,26.75,26.92,26.73,27.71,27.2375,26.92,27.027500000000003,27.08086666666667
580,28.02,26.78,27.09,27.38,26.81,26.47,27.46,26.31,27.39,26.55,27.24,26.78,27.3175,26.762500000000003,26.99,27.07613333333333
581,28.02,26.78,27.09,27.38,26.81,26.47,27.46,26.31,27.39,26.55,27.24,26.78,27.3175,26.762500000000003,26.99,27.071399999999997
582,28.02,26.78,27.09,27.38,26.81,26.47,27.46,26.31,27.39,26.55,27.24,26.78,27.3175,26.762500000000003,26.99,27.066666666666666
583,28.02,26.78,27.09,27.38,26.81,26.47,27.46,26.31,27.39,26.55,27.24,26.78,27.3175,26.762500000000003,26.99,27.061933333333332
584,28.02,26.78,27.09,27.38,26.81,26.47,27.46,26.31,27.39,26.55,27.24,26.78,27.3175,26.762500000000003,26.99,27.057199999999998
585,28.02,26.78,27.09,27.38,26.81,26.47,27.46,26.31,27.39,26.55,27.24,26.78,27.3175,26.762500000000003,26.99,27.052466666666664
586,28.02,26.78,27.09,27.38,26.81,26.47,27.46,26.31,27.39,26.55,27.24,26.78,27.3175,26.762500000000003,26.99,27.050933333333333
587,28.02,26.78,27.09,27.38,26.81,26.47,27.46,26.31,27.39,26.55,27.24,26.78,27.3175,26.762500000000003,26.99,27.049399999999995
588,28.02,26.78,27.09,27.38,26.81,26.47,27.46,26.31,27.39,26.55,27.24,26.78,27.3175,26.762500000000003,26.99,27.047866666666664
589,28.02,26.78,27.09,27.38,26.81,26.47,27.46,26.31,27.39,26.55,27.24,26.78,27.3175,26.762500000000003,26.99,27.046333333333333
590,28.02,26.78,27.09,27.38,26.81,26.47,27.46,26.31,27.39,26.55,27.24,26.78,27.3175,26.762500000000003,26.99,27.044799999999995
591,28.02,26.78,27.09,27.38,26.81,26.47,27.46,26.31,27.39,26.55,27.24,26.78,27.3175,26.762500000000003,26.99,27.043266666666664
592,28.02,26.78,27.09,27.38,26.81,26.47,27.46,26.31,27.39,26.55,27.24,26.78,27.3175,26.762500000000003,26.99,27.041733333333333
593,28.02,26.78,27.09,27.38,26.81,26.47,27.46,26.31,27.39,26.55,27.24,26.78,27.3175,26.762500000000003,26.99,27.040199999999995
594,28.02,26.78,27.09,27.38,26.81,26.47,27.46,26.31,27.39,26.55,27.24,26.78,27.3175,26.762500000000003,26.99,27.038666666666664
595,28.02,26.78,27.09,27.38,26.81,26.47,27.46,26.31,27.39,26.55,27.24,26.78,27.3175,26.762500000000003,26.99,27.03713333333333
596,28.02,26.78,27.09,27.38,26.81,26.47,27.46,26.31,27.39,26.55,27.24,26.78,27.3175,26.762500000000003,26.99,27.035599999999995
597,28.02,26.78,27.09,27.38,26.81,26.47,27.46,26.31,27.39,26.55,27.24,26.78,27.3175,26.762500000000003,26.99,27.034066666666664
598,28.02,26.78,27.09,27.38,26.81,26.47,27.46,26.31,27.39,26.55,27.24,26.78,27.3175,26.762500000000003,26.99,27.03253333333333
599,28.02,26.78,27.09,27.38,26.81,26.47,27.46,26.31,27.39,26.55,27.24,26.78,27.3175,26.762500000000003,26.99,27.030999999999995
