0,17.03,17.37,17.61,17.29,0.693,17.17,17.21,1.3806,17.700000762939453,17.600000381469727,16.0,15.399999618530273,14.399999618530273,24.265377763122157,15.0
1,17.0,16.95,17.39,17.16,2.0656,17.27,17.09,2.7527999999999997,17.700000762939453,17.600000381469727,16.0,15.399999618530273,14.399999618530273,24.26515081671199,15.0
2,16.93,16.96,17.09,17.09,3.4334999999999996,17.18,17.21,4.1213,17.700000762939453,17.600000381469727,15.899999618530273,15.399999618530273,14.399999618530273,24.362379434630757,15.0
3,17.24,16.96,17.19,17.2,4.8072,17.4,17.1,5.4972,17.700000762939453,17.600000381469727,15.899999618530273,15.399999618530273,14.399999618530273,24.26515081671199,15.0
4,17.13,16.65,17.3,17.29,6.1809,17.07,17.32,6.8687000000000005,17.700000762939453,17.600000381469727,15.899999618530273,15.399999618530273,14.399999618530273,24.26515081671199,15.0
5,17.44,16.97,17.2,17.19,7.556699999999999,17.18,16.89,8.2381,17.700000762939453,17.600000381469727,16.0,15.399999618530273,14.399999618530273,24.265377763122157,15.0
6,17.02,16.75,16.98,17.18,8.917399999999999,17.28,17.32,9.609399999999999,17.700000762939453,17.600000381469727,16.0,15.5,14.399999618530273,24.25767310519536,15.0
7,17.12,17.06,17.18,17.28,10.2958,17.28,16.77,10.976800000000003,17.700000762939453,17.600000381469727,16.0,15.399999618530273,14.399999618530273,24.362606459549767,15.0
8,17.02,17.17,17.3,17.07,11.662400000000002,17.39,17.21,12.354400000000004,17.700000762939453,17.600000381469727,15.899999618530273,15.399999618530273,14.399999618530273,24.36192538588754,15.0
9,17.12,17.06,17.29,17.38,13.042900000000001,17.38,17.21,13.734700000000002,17.700000762939453,17.600000381469727,16.0,15.5,14.399999618530273,24.36215241007668,15.0
10,17.12,17.17,17.19,17.38,14.423300000000001,17.38,17.32,15.117300000000002,17.700000762939453,17.600000381469727,16.0,15.399999618530273,14.399999618530273,24.36215241007668,15.0
11,17.13,16.75,17.09,17.08,15.797800000000002,17.39,17.21,16.4898,17.700000762939453,17.600000381469727,16.0,15.5,14.399999618530273,24.24883423618748,15.0
12,17.0,16.85,17.19,17.27,17.1729,17.05,17.1,17.1629,17.700000762939453,17.600000381469727,15.899999618530273,15.399999618530273,14.399999618530273,24.239995893574466,15.0
13,17.0,17.05,17.28,17.27,17.1613,17.05,17.19,17.1611,17.700000762939453,17.600000381469727,15.899999618530273,15.399999618530273,14.5,24.23954204228311,15.0
14,17.0,17.15,17.38,17.05,17.1597,17.04,17.19,17.163600000000002,17.700000762939453,17.600000381469727,16.0,15.399999618530273,14.399999618530273,24.248607302891163,15.0
15,16.9,17.04,17.17,17.27,17.1596,17.27,16.97,17.1585,17.700000762939453,17.600000381469727,16.0,15.399999618530273,14.399999618530273,24.256765344324,15.0
16,16.9,16.95,17.18,17.27,17.151500000000002,17.27,17.09,17.155,17.700000762939453,17.600000381469727,16.0,15.399999618530273,14.399999618530273,24.361698362063297,15.0
17,17.21,17.04,16.96,17.06,17.1499,17.15,16.98,17.1445,17.700000762939453,17.600000381469727,16.0,15.399999618530273,14.399999618530273,24.345381182599375,15.0
18,17.21,17.04,16.96,17.06,17.145799999999998,17.15,16.98,17.1491,17.700000762939453,17.600000381469727,16.0,15.399999618530273,14.399999618530273,24.345381182599375,15.0
19,17.31,16.73,17.06,17.36,17.1417,17.15,16.97,17.1377,17.700000762939453,17.600000381469727,16.0,15.399999618530273,14.5,24.248607302891163,15.0
20,17.11,17.25,17.38,16.86,17.1427,17.05,17.3,17.1441,17.700000762939453,17.600000381469727,16.0,15.399999618530273,14.399999618530273,24.24067667324722,15.0
21,16.89,17.25,17.38,16.95,17.1368,17.15,17.3,17.1373,17.700000762939453,17.600000381469727,16.0,15.399999618530273,14.399999618530273,24.33654230808788,15.0
22,17.1,17.15,17.07,17.16,17.130300000000002,17.04,17.19,17.1263,17.700000762939453,17.600000381469727,16.0,15.399999618530273,14.399999618530273,24.248607302891163,15.0
23,17.21,16.74,17.07,17.37,17.116200000000003,17.38,17.41,17.131500000000003,17.700000762939453,17.600000381469727,16.0,15.399999618530273,14.5,24.257446164430323,15.0
24,17.02,16.95,16.66,17.07,17.116500000000002,17.17,16.99,17.116600000000002,17.700000762939453,17.600000381469727,16.0,15.5,14.5,24.256538405018162,15.0
25,16.91,17.05,17.08,17.07,17.1147,17.16,17.09,17.1137,17.700000762939453,17.600000381469727,16.0,15.399999618530273,14.399999618530273,24.256992283994645,15.0
26,17.0,17.16,17.29,17.16,17.115,17.05,16.88,17.1078,17.700000762939453,17.600000381469727,16.0,15.399999618530273,14.399999618530273,24.256765344324,15.0
27,17.12,17.06,17.39,16.97,17.1086,17.17,17.31,17.1144,17.700000762939453,17.600000381469727,15.899999618530273,15.399999618530273,14.399999618530273,24.247926505190865,15.0
28,17.0,17.24,17.27,17.16,17.116300000000003,17.04,17.08,17.1157,17.700000762939453,17.600000381469727,16.0,15.399999618530273,14.399999618530273,24.34515417188944,15.0
29,17.2,17.05,17.18,17.26,17.1154,17.37,17.52,17.130499999999998,17.700000762939453,17.600000381469727,16.0,15.399999618530273,14.5,24.239995893574466,15.0
30,17.31,17.04,17.17,17.16,17.134700000000002,17.37,16.97,17.1388,17.700000762939453,17.600000381469727,16.0,15.5,14.399999618530273,24.248607302891163,15.0
31,17.2,16.95,17.07,17.36,17.142,17.37,17.3,17.1508,17.700000762939453,17.600000381469727,16.0,15.399999618530273,14.399999618530273,24.240222819767297,15.0
32,17.2,16.83,17.27,17.36,17.155,17.37,17.29,17.1622,17.700000762939453,17.600000381469727,16.0,15.399999618530273,14.399999618530273,24.23954204228311,15.0
33,17.01,16.94,17.17,17.06,17.157,17.27,17.3,17.163700000000002,17.700000762939453,17.600000381469727,16.0,15.5,14.399999618530273,24.248607302891163,15.0
34,17.01,17.14,17.27,17.17,17.1606,17.15,17.18,17.1624,17.700000762939453,17.600000381469727,16.0,15.399999618530273,14.399999618530273,24.240449746324852,15.0
35,17.01,17.14,17.27,17.17,17.1637,17.15,17.18,17.1664,17.700000762939453,17.600000381469727,16.0,15.399999618530273,14.399999618530273,24.34560819367416,15.0
36,17.21,16.95,17.07,17.27,17.1556,17.27,16.98,17.163600000000002,17.700000762939453,17.600000381469727,16.0,15.399999618530273,14.399999618530273,24.239768967746404,15.0
37,17.21,16.95,17.07,17.27,17.165399999999998,17.27,16.98,17.1693,17.700000762939453,17.600000381469727,16.0,15.399999618530273,14.5,24.239768967746404,15.0
38,17.21,16.84,16.96,17.06,17.165,17.48,17.19,17.1723,17.700000762939453,17.600000381469727,16.0,15.5,14.399999618530273,24.35353952993924,15.0
39,17.02,17.16,17.39,17.07,17.1801,17.39,17.1,17.1845,17.700000762939453,17.600000381469727,16.0,15.399999618530273,14.5,24.248607302891163,15.0
40,17.02,17.16,17.39,17.07,17.1813,17.39,17.1,17.1844,17.700000762939453,17.600000381469727,16.0,15.399999618530273,14.399999618530273,24.248607302891163,15.0
41,17.11,16.95,17.39,16.86,17.1851,16.94,17.09,17.178800000000003,17.700000762939453,17.600000381469727,16.0,15.399999618530273,14.399999618530273,24.248153437392833,15.0
42,17.22,16.63,17.28,17.49,17.167199999999998,17.49,17.2,17.1742,17.700000762939453,17.600000381469727,16.0,15.399999618530273,14.399999618530273,24.256992283994645,15.0
43,17.22,16.63,17.28,17.49,17.1736,17.49,17.2,17.181600000000003,17.700000762939453,17.600000381469727,16.0,15.399999618530273,14.399999618530273,24.256992283994645,15.0
44,17.0,16.74,17.07,17.27,17.168999999999997,17.27,17.09,17.1696,17.700000762939453,17.600000381469727,16.0,15.399999618530273,14.399999618530273,24.24883423618748,15.0
45,17.02,17.06,17.39,17.18,17.1629,17.16,17.2,17.168300000000002,17.700000762939453,17.600000381469727,16.0,15.399999618530273,14.399999618530273,24.248380369959616,15.0
46,17.02,17.06,17.39,17.18,17.163400000000003,17.16,17.2,17.1647,17.700000762939453,17.600000381469727,16.0,15.399999618530273,14.5,24.248380369959616,15.0
47,17.22,17.27,17.09,17.07,17.1646,17.38,17.31,17.1725,17.700000762939453,17.600000381469727,16.0,15.399999618530273,14.399999618530273,24.36192538588754,15.0
48,17.32,17.16,17.39,17.27,17.1773,17.38,17.31,17.1861,17.700000762939453,17.600000381469727,16.0,15.399999618530273,14.399999618530273,24.24883423618748,15.0
49,17.12,17.26,17.18,17.18,17.188499999999998,17.49,17.3,17.199299999999997,17.700000762939453,17.600000381469727,16.0,15.399999618530273,14.399999618530273,24.24883423618748,15.0
50,17.53,17.05,17.28,17.28,17.2057,16.83,17.09,17.2034,17.700000762939453,17.600000381469727,16.0,15.399999618530273,14.399999618530273,24.256311466077054,15.0
51,17.53,17.05,17.28,17.28,17.2014,16.83,17.09,17.1934,17.700000762939453,17.600000381469727,16.0,15.399999618530273,14.399999618530273,24.256311466077054,15.0
52,17.21,17.05,17.07,16.96,17.1865,17.16,17.3,17.1893,17.700000762939453,17.600000381469727,16.0,15.399999618530273,14.399999618530273,24.247926505190865,15.0
53,17.01,17.27,17.5,17.27,17.19,17.26,17.42,17.200499999999998,17.700000762939453,17.600000381469727,16.0,15.399999618530273,14.399999618530273,24.247926505190865,15.0
54,16.8,17.04,17.27,17.07,17.2017,17.71,17.08,17.2113,17.700000762939453,17.600000381469727,16.0,15.5,14.399999618530273,24.248607302891163,15.0
55,17.11,17.05,17.28,17.06,17.2025,17.05,17.09,17.199099999999998,17.700000762939453,17.600000381469727,16.0,15.5,14.399999618530273,24.2572192240301,15.0
56,17.01,16.95,17.39,17.07,17.1895,17.27,17.2,17.1981,17.700000762939453,17.600000381469727,16.0,15.399999618530273,14.5,24.248153437392833,15.0
57,17.01,16.94,17.28,17.17,17.194900000000004,17.05,17.09,17.191200000000002,17.700000762939453,17.600000381469727,16.0,15.399999618530273,14.399999618530273,24.35353952993924,15.0
58,17.24,16.96,17.3,17.3,17.192,17.4,17.1,17.195500000000003,17.700000762939453,17.600000381469727,16.0,15.399999618530273,14.399999618530273,24.353766547388563,15.0
59,17.11,16.84,17.07,17.27,17.1912,17.16,17.09,17.189700000000002,17.700000762939453,17.5,16.0,15.399999618530273,14.399999618530273,24.2572192240301,15.0
60,17.12,17.16,17.18,17.29,17.183400000000002,17.17,17.09,17.177200000000003,17.700000762939453,17.5,16.0,15.399999618530273,14.399999618530273,24.256992283994645,15.0
61,17.11,17.17,17.19,16.86,17.166700000000002,17.05,17.1,17.162300000000002,17.700000762939453,17.600000381469727,16.0,15.399999618530273,14.5,24.370538770708094,15.0
62,17.02,17.05,16.86,17.18,17.1476,16.94,17.19,17.1388,17.700000762939453,17.5,16.0,15.399999618530273,14.399999618530273,24.35353952993924,15.0
63,17.01,17.16,17.29,17.37,17.1487,17.26,17.2,17.1465,17.700000762939453,17.5,16.0,15.399999618530273,14.5,24.256538405018162,15.0
64,17.01,16.74,17.28,16.97,17.1481,17.16,17.2,17.1524,17.700000762939453,17.600000381469727,16.0,15.399999618530273,14.399999618530273,24.353085496135314,15.0
65,17.11,16.94,17.07,16.96,17.144000000000002,17.26,17.08,17.1403,17.700000762939453,17.600000381469727,16.0,15.399999618530273,14.399999618530273,24.248607302891163,15.0
66,16.91,16.84,17.28,17.18,17.128800000000002,17.17,17.3,17.136400000000002,17.700000762939453,17.5,16.0,15.399999618530273,14.399999618530273,24.345381182599375,15.0
67,17.32,17.28,17.4,17.27,17.133300000000002,16.94,17.32,17.133499999999998,17.700000762939453,17.5,16.0,15.399999618530273,14.399999618530273,24.344927161544447,15.0
68,17.42,16.85,17.29,17.27,17.139,17.48,17.42,17.152800000000003,17.700000762939453,17.5,16.0,15.399999618530273,14.399999618530273,24.248380369959616,15.0
69,17.0,17.04,17.17,17.26,17.148100000000003,17.15,17.3,17.153100000000002,17.700000762939453,17.5,16.0,15.399999618530273,14.5,24.35353952993924,15.0
70,17.2,17.25,17.28,17.05,17.1581,17.26,17.19,17.159100000000002,17.700000762939453,17.600000381469727,16.0,15.5,14.399999618530273,24.33654230808788,15.0
71,17.1,17.05,17.28,17.16,17.155,17.25,17.51,17.1673,17.700000762939453,17.5,16.0,15.399999618530273,14.399999618530273,24.247926505190865,15.0
72,16.89,16.84,17.07,17.15,17.1618,17.03,17.08,17.1565,17.700000762939453,17.5,16.0,15.399999618530273,14.399999618530273,24.248153437392833,15.0
73,17.0,16.95,17.5,17.26,17.1584,17.03,17.41,17.163899999999998,17.700000762939453,17.5,16.0,15.5,14.399999618530273,24.23954204228311,15.0
74,17.1,16.82,16.74,17.26,17.160100000000003,17.15,17.07,17.163400000000003,17.700000762939453,17.5,16.0,15.5,14.399999618530273,24.336996315664738,15.0
75,17.33,16.94,17.38,17.08,17.168100000000003,17.38,17.4,17.1754,17.700000762939453,17.5,16.0,15.399999618530273,14.399999618530273,24.34515417188944,15.0
76,17.21,17.16,17.29,17.27,17.175500000000003,17.26,17.2,17.184700000000003,17.700000762939453,17.600000381469727,16.0,15.399999618530273,14.399999618530273,24.240222819767297,15.0
77,16.89,17.04,17.27,17.06,17.180100000000003,17.04,17.08,17.1817,17.700000762939453,17.5,16.0,15.5,14.399999618530273,24.247926505190865,15.0
78,17.21,17.37,17.19,17.16,17.184200000000004,17.14,17.2,17.1889,17.700000762939453,17.600000381469727,16.0,15.5,14.399999618530273,24.239315117184585,15.0
79,17.41,16.73,16.96,17.05,17.181,17.37,16.97,17.1751,17.700000762939453,17.5,16.0,15.5,14.399999618530273,24.230931158949144,15.0
80,16.99,16.83,17.16,16.94,17.1691,17.03,17.07,17.1628,17.700000762939453,17.5,16.0,15.399999618530273,14.5,24.23138499603437,15.0
81,17.1,17.14,17.47,17.36,17.1555,17.03,17.18,17.155,17.700000762939453,17.5,16.0,15.399999618530273,14.5,24.239768967746404,15.0
82,17.44,16.84,17.08,17.5,17.1546,17.39,17.19,17.158400000000004,17.700000762939453,17.5,16.0,15.399999618530273,14.5,24.34515417188944,15.0
83,16.8,16.86,17.3,17.06,17.1496,16.82,17.42,17.148500000000002,17.700000762939453,17.5,16.0,15.399999618530273,14.5,24.248153437392833,15.0
84,17.12,17.15,17.38,17.28,17.1426,17.16,17.19,17.150100000000002,17.700000762939453,17.5,16.0,15.399999618530273,14.399999618530273,24.248380369959616,15.0
85,17.12,17.15,17.38,17.28,17.1572,17.16,17.19,17.157100000000003,17.700000762939453,17.5,16.0,15.399999618530273,14.399999618530273,24.248380369959616,15.0
86,17.1,17.06,17.4,17.26,17.156499999999998,17.26,17.1,17.1645,17.700000762939453,17.5,16.0,15.399999618530273,14.399999618530273,24.256538405018162,15.0
87,17.22,17.17,17.61,17.18,17.1719,17.6,17.32,17.183,17.700000762939453,17.5,16.0,15.399999618530273,14.5,24.361698362063297,15.0
88,17.32,16.97,17.09,17.49,17.1761,17.38,17.21,17.178600000000003,17.700000762939453,17.5,16.0,15.5,14.399999618530273,24.256765344324,15.0
89,16.81,17.15,17.38,17.18,17.1746,17.28,16.87,17.175,17.700000762939453,17.5,16.0,15.399999618530273,14.399999618530273,24.370311739778717,15.0
90,16.91,17.06,17.29,16.97,17.1749,17.06,16.99,17.166600000000003,17.700000762939453,17.5,16.0,15.5,14.399999618530273,24.256992283994645,15.0
91,17.44,16.95,17.08,17.29,17.1674,17.29,17.09,17.1735,17.700000762939453,17.5,16.0,15.5,14.399999618530273,24.361698362063297,15.0
92,17.23,17.18,17.21,17.29,17.175800000000002,17.39,17.44,17.1932,17.700000762939453,17.5,16.0,15.399999618530273,14.399999618530273,24.256311466077054,15.0
93,17.23,16.75,17.29,17.08,17.194699999999997,16.95,16.99,17.1828,17.700000762939453,17.5,16.0,15.399999618530273,14.399999618530273,24.26515081671199,15.0
94,17.22,16.85,17.08,17.08,17.1809,17.17,16.99,17.1755,17.700000762939453,17.5,16.0,15.399999618530273,14.5,24.353085496135314,15.0
95,17.02,17.06,17.29,17.59,17.1735,17.38,17.31,17.1871,17.700000762939453,17.5,16.0,15.399999618530273,14.5,24.36192538588754,15.0
96,17.12,16.97,17.3,17.18,17.188,17.05,17.21,17.183899999999998,17.700000762939453,17.5,16.0,15.5,14.399999618530273,24.370311739778717,15.0
97,17.23,17.38,17.51,17.39,17.192,17.39,17.32,17.1969,17.700000762939453,17.5,16.0,15.399999618530273,14.5,24.36192538588754,15.0
98,16.9,17.05,17.17,17.27,17.1938,17.16,16.87,17.1862,17.700000762939453,17.5,16.0,15.399999618530273,14.399999618530273,24.2572192240301,15.0
99,17.01,16.95,17.28,16.97,17.1811,17.05,17.31,17.176499999999997,17.700000762939453,17.5,16.0,15.399999618530273,14.399999618530273,24.361698362063297,15.0
100,17.23,17.17,17.3,17.19,17.167,17.39,17.42,17.1745,17.700000762939453,17.5,16.0,15.399999618530273,14.5,24.248153437392833,15.0
101,17.33,17.17,17.4,17.08,17.1725,17.6,17.43,17.1879,17.700000762939453,17.5,16.0,15.399999618530273,14.5,24.256538405018162,15.0
102,17.33,17.06,17.4,17.29,17.1957,17.18,17.21,17.2012,17.700000762939453,17.5,16.0,15.5,14.5,24.256992283994645,15.0
103,16.91,17.16,17.18,17.18,17.2045,17.06,16.99,17.1979,17.700000762939453,17.5,16.0,15.399999618530273,14.399999618530273,24.2572192240301,15.0
104,17.32,17.16,17.18,17.38,17.2007,17.38,16.99,17.199,17.700000762939453,17.5,16.0,15.5,14.399999618530273,24.2572192240301,15.0
105,16.91,16.95,17.18,17.18,17.184600000000003,17.06,17.09,17.184099999999997,17.700000762939453,17.600000381469727,16.0,15.399999618530273,14.399999618530273,24.256765344324,15.0
106,17.23,17.17,17.09,16.98,17.19,17.39,17.21,17.1997,17.700000762939453,17.5,16.0,15.399999618530273,14.5,24.344927161544447,15.0
107,17.32,17.17,17.09,17.48,17.2071,17.48,17.21,17.2113,17.700000762939453,17.5,16.0,15.5,14.5,24.35331251285481,15.0
108,17.34,16.96,17.29,17.3,17.206400000000002,17.29,17.2,17.210500000000003,17.700000762939453,17.5,16.0,15.5,14.5,24.378698591657145,15.0
109,17.34,16.96,17.29,17.3,17.2142,17.29,17.2,17.2089,17.700000762939453,17.5,16.0,15.399999618530273,14.5,24.378698591657145,15.0
110,17.43,17.08,17.42,17.39,17.2079,17.6,17.44,17.224800000000002,17.700000762939453,17.5,16.0,15.5,14.5,24.361698362063297,15.0
111,16.92,16.96,17.29,17.39,17.2298,17.28,17.2,17.2373,17.700000762939453,17.5,16.0,15.5,14.399999618530273,24.37008470921428,15.0
112,16.92,16.96,17.29,17.39,17.2357,17.28,17.2,17.2364,17.700000762939453,17.5,16.0,15.5,14.5,24.37008470921428,15.0
113,17.55,16.86,17.2,17.51,17.231399999999997,17.62,17.32,17.2404,17.700000762939453,17.5,16.0,15.399999618530273,14.5,24.370765802002406,15.0
114,17.24,16.97,17.2,17.19,17.2258,17.4,17.21,17.2272,17.700000762939453,17.5,16.0,15.399999618530273,14.5,24.256992283994645,15.0
115,17.24,16.97,17.2,17.19,17.2254,17.4,17.21,17.2333,17.700000762939453,17.5,16.0,15.399999618530273,14.5,24.256992283994645,15.0
116,17.23,16.97,17.3,17.29,17.2402,17.28,17.0,17.2354,17.700000762939453,17.5,16.0,15.399999618530273,14.399999618530273,24.361698362063297,15.0
117,17.12,16.85,17.08,17.18,17.2303,16.94,17.09,17.2287,17.700000762939453,17.5,16.0,15.5,14.5,24.36192538588754,15.0
118,17.12,16.85,17.08,17.18,17.227999999999998,16.94,17.09,17.2239,17.700000762939453,17.5,16.0,15.399999618530273,14.5,24.36192538588754,15.0
119,17.12,16.86,17.09,17.39,17.2165,17.27,17.32,17.2177,17.700000762939453,17.5,16.0,15.399999618530273,14.5,24.37008470921428,15.0
120,17.23,17.17,17.3,17.29,17.2138,17.28,17.21,17.2147,17.700000762939453,17.5,16.0,15.399999618530273,14.5,24.265377763122157,15.0
121,17.23,17.17,17.3,17.29,17.2148,17.28,17.21,17.215700000000002,17.700000762939453,17.5,16.0,15.399999618530273,14.5,24.26515081671199,15.0
122,17.13,17.07,17.09,17.19,17.210700000000003,17.4,17.1,17.2075,17.700000762939453,17.5,16.0,15.399999618530273,14.5,24.26515081671199,15.0
123,17.25,17.27,17.4,17.41,17.2,17.52,17.31,17.211000000000002,17.700000762939453,17.5,16.0,15.399999618530273,14.5,24.26515081671199,15.0
124,17.25,16.87,17.31,17.41,17.209799999999998,17.52,17.33,17.2212,17.700000762939453,17.5,16.0,15.399999618530273,14.5,24.265377763122157,15.0
125,17.02,16.85,16.88,17.08,17.209899999999998,17.29,17.1,17.2065,17.700000762939453,17.5,16.0,15.399999618530273,14.5,24.26560470989713,15.100000381469727
126,17.02,16.85,16.88,17.08,17.186,17.29,17.1,17.1878,17.700000762939453,17.5,16.0,15.399999618530273,14.5,24.26560470989713,15.100000381469727
127,17.23,16.95,17.39,16.98,17.1811,17.17,17.1,17.180500000000002,17.700000762939453,17.5,16.0,15.399999618530273,14.5,24.273990693832943,15.0
128,17.23,16.96,17.4,17.39,17.1781,17.29,16.99,17.1758,17.700000762939453,17.5,16.0,15.399999618530273,14.5,24.26560470989713,15.0
129,17.23,16.96,17.4,17.39,17.18,17.29,16.99,17.1833,17.700000762939453,17.5,16.0,15.399999618530273,14.5,24.26560470989713,15.0
130,17.24,17.19,17.22,17.3,17.1922,17.3,17.45,17.2049,17.700000762939453,17.5,16.0,15.399999618530273,14.5,24.273990693832943,15.100000381469727
131,17.33,17.06,17.09,17.49,17.214,17.28,17.1,17.217,17.700000762939453,17.5,16.0,15.399999618530273,14.5,24.273763740318067,15.100000381469727
132,17.33,17.06,17.09,17.49,17.2149,17.28,17.1,17.2126,17.700000762939453,17.5,16.0,15.399999618530273,14.5,24.378698591657145,15.100000381469727
133,17.22,17.26,17.39,17.38,17.2153,17.16,17.52,17.218999999999998,17.700000762939453,17.5,16.0,15.399999618530273,14.5,24.273536787167963,15.100000381469727
134,17.13,17.07,17.2,17.09,17.2141,17.18,17.11,17.215099999999996,17.700000762939453,17.5,16.0,15.399999618530273,14.5,24.37847155435209,15.100000381469727
135,17.13,17.07,17.2,17.09,17.209999999999997,17.18,17.11,17.202499999999997,17.700000762939453,17.5,16.0,15.399999618530273,14.5,24.37847155435209,15.100000381469727
136,17.32,16.76,17.3,17.07,17.1904,17.38,16.89,17.187399999999997,17.700000762939453,17.5,16.0,15.399999618530273,14.5,24.36192538588754,15.100000381469727
137,17.32,16.76,17.3,17.07,17.1749,17.38,16.89,17.182,17.700000762939453,17.5,16.0,15.399999618530273,14.5,24.36192538588754,15.100000381469727
138,17.12,17.16,17.19,17.48,17.1837,17.39,16.99,17.192999999999998,17.700000762939453,17.5,16.0,15.399999618530273,14.5,24.256311466077054,15.0
139,17.23,16.95,17.29,17.4,17.1939,17.18,17.2,17.195999999999998,17.700000762939453,17.5,16.0,15.399999618530273,14.5,24.265831657036873,15.0
140,17.23,16.95,17.29,17.4,17.199299999999997,17.18,17.2,17.1971,17.700000762939453,17.5,16.0,15.399999618530273,14.5,24.265831657036873,15.0
141,17.11,17.05,17.18,17.37,17.1986,17.38,17.2,17.2004,17.700000762939453,17.5,16.0,15.399999618530273,14.5,24.256538405018162,15.100000381469727
142,17.01,17.05,17.39,16.97,17.199,17.27,17.31,17.2011,17.700000762939453,17.5,16.0,15.399999618530273,14.5,24.264923870666593,15.100000381469727
143,17.01,17.17,17.19,17.28,17.1926,17.06,16.99,17.183899999999998,17.700000762939453,17.5,16.0,15.399999618530273,14.5,24.248380369959616,15.100000381469727
144,17.33,17.26,17.28,17.29,17.1879,17.28,17.3,17.189799999999998,17.700000762939453,17.5,16.0,15.5,14.5,24.256765344324,15.100000381469727
145,17.01,17.48,17.4,17.28,17.1939,17.06,17.53,17.1932,17.700000762939453,17.5,16.0,15.399999618530273,14.5,24.257446164430323,15.100000381469727
146,17.11,17.05,17.39,17.07,17.1858,17.27,16.98,17.1859,17.700000762939453,17.5,16.0,15.5,14.5,24.248380369959616,15.100000381469727
147,17.35,16.97,17.3,17.71,17.193399999999997,17.4,17.32,17.2029,17.700000762939453,17.5,16.0,15.399999618530273,14.5,24.248153437392833,15.100000381469727
148,17.42,17.16,17.6,17.27,17.211599999999997,17.16,17.52,17.2207,17.700000762939453,17.5,16.0,15.399999618530273,14.5,24.36192538588754,15.100000381469727
149,16.9,17.04,17.17,17.17,17.218099999999996,17.27,17.3,17.225,17.700000762939453,17.5,16.0,15.399999618530273,14.5,24.239768967746404,15.0
150,16.9,17.26,17.07,17.17,17.2236,17.27,17.3,17.2255,17.700000762939453,17.5,16.0,15.399999618530273,14.5,24.240222819767297,15.100000381469727
151,16.91,17.37,17.3,17.17,17.2254,17.27,17.1,17.2241,17.700000762939453,17.5,16.0,15.5,14.5,24.256765344324,15.100000381469727
152,17.21,17.05,17.28,17.07,17.2226,17.38,17.19,17.2253,17.700000762939453,17.5,16.0,15.399999618530273,14.5,24.248380369959616,15.100000381469727
153,17.21,17.25,17.38,17.07,17.2268,17.38,17.19,17.2311,17.700000762939453,17.5,16.0,15.5,14.5,24.24883423618748,15.100000381469727
154,17.21,17.05,17.18,17.58,17.229699999999998,17.48,17.51,17.2453,17.700000762939453,17.5,16.0,15.5,14.5,24.34515417188944,15.100000381469727
155,17.2,17.04,17.17,17.26,17.2404,17.26,16.97,17.2385,17.700000762939453,17.5,16.0,15.399999618530273,14.5,24.248607302891163,15.100000381469727
156,17.2,16.73,17.38,17.26,17.243199999999998,17.26,16.97,17.2362,17.700000762939453,17.5,16.0,15.5,14.5,24.248380369959616,15.100000381469727
157,17.2,17.25,17.28,17.15,17.233400000000003,17.37,17.51,17.2393,17.700000762939453,17.5,16.0,15.399999618530273,14.5,24.34515417188944,15.0
158,17.2,17.25,17.28,17.15,17.2363,17.37,17.51,17.2477,17.700000762939453,17.5,16.0,15.399999618530273,14.5,24.34515417188944,15.100000381469727
159,17.1,17.26,17.49,17.16,17.2528,17.48,17.52,17.2595,17.700000762939453,17.5,16.0,15.399999618530273,14.5,24.239995893574466,15.100000381469727
160,17.0,17.24,17.37,17.16,17.2528,17.26,17.18,17.2471,17.700000762939453,17.5,16.0,15.399999618530273,14.5,24.344927161544447,15.100000381469727
161,16.99,17.13,17.36,17.15,17.2398,17.25,16.96,17.241200000000003,17.700000762939453,17.5,16.0,15.399999618530273,14.5,24.23183883457863,15.100000381469727
162,16.88,16.82,17.26,17.04,17.2298,17.14,16.96,17.2278,17.700000762939453,17.5,16.0,15.5,14.5,24.231611915124137,15.100000381469727
163,16.87,17.13,17.05,17.14,17.2183,17.13,17.18,17.217,17.700000762939453,17.5,16.0,15.399999618530273,14.5,24.32838494930812,15.100000381469727
164,17.52,17.34,17.37,17.47,17.2266,17.37,17.28,17.2335,17.700000762939453,17.5,16.0,15.5,14.5,24.23138499603437,15.100000381469727
165,17.2,17.03,17.26,17.36,17.2306,17.14,17.07,17.225700000000003,17.700000762939453,17.5,16.0,15.5,14.5,24.23138499603437,15.100000381469727
166,16.88,17.03,17.37,17.15,17.218600000000002,17.14,16.86,17.2084,17.700000762939453,17.5,16.0,15.399999618530273,14.5,24.239995893574466,15.100000381469727
167,17.09,17.04,17.27,17.36,17.1962,17.25,17.19,17.1983,17.700000762939453,17.5,16.0,15.399999618530273,14.5,24.231611915124137,15.100000381469727
168,17.3,16.93,17.27,17.46,17.203300000000002,17.58,17.18,17.2128,17.700000762939453,17.5,16.0,15.399999618530273,14.5,24.231611915124137,15.0
169,16.99,16.93,17.16,17.15,17.2105,17.47,17.29,17.2169,17.700000762939453,17.5,16.0,15.5,14.5,24.231611915124137,15.0
170,16.99,16.84,17.17,17.05,17.1998,17.15,17.08,17.1956,17.700000762939453,17.5,16.0,15.399999618530273,14.5,24.239768967746404,15.0
171,17.41,17.25,17.17,17.37,17.19,17.37,17.3,17.193299999999997,17.700000762939453,17.5,16.0,15.399999618530273,14.600000381469727,24.240222819767297,15.0
172,17.09,17.04,17.48,17.35,17.1829,17.03,17.18,17.1794,17.700000762939453,17.5,16.0,15.399999618530273,14.5,24.23183883457863,15.0
173,16.9,17.46,17.38,16.96,17.177599999999998,17.25,17.19,17.180100000000003,17.700000762939453,17.5,16.0,15.399999618530273,14.5,24.231611915124137,15.0
174,17.09,17.03,17.26,17.45,17.1842,17.14,17.17,17.1904,17.700000762939453,17.5,16.0,15.5,14.5,24.232065754397933,15.0
175,16.88,17.13,17.37,16.94,17.1916,16.91,17.18,17.1915,17.700000762939453,17.5,16.0,15.5,14.5,24.240222819767297,15.0
176,17.31,16.83,17.37,17.26,17.192999999999998,17.37,17.29,17.1892,17.700000762939453,17.5,16.0,15.399999618530273,14.5,24.24067667324722,15.0
177,17.09,17.24,17.57,17.15,17.1867,17.58,17.18,17.1934,17.700000762939453,17.5,16.0,15.5,14.5,24.231611915124137,15.0
178,17.1,17.03,17.26,17.16,17.194699999999997,17.26,17.28,17.2012,17.700000762939453,17.5,16.0,15.5,14.5,24.336996315664738,15.0
179,17.1,17.26,17.18,17.36,17.2102,17.37,17.3,17.215999999999998,17.700000762939453,17.5,16.0,15.5,14.5,24.231611915124137,15.0
180,17.09,17.14,17.06,17.25,17.2126,17.25,17.19,17.211799999999997,17.700000762939453,17.5,16.0,15.5,14.5,24.23138499603437,15.0
181,16.98,17.24,17.26,17.14,17.202800000000003,17.45,17.39,17.2173,17.700000762939453,17.5,16.0,15.5,14.5,24.231158077309374,15.0
182,17.61,17.05,17.28,17.47,17.2162,17.47,17.3,17.2311,17.700000762939453,17.5,16.0,15.399999618530273,14.5,24.223001522212535,15.0
183,16.98,16.92,17.36,17.04,17.2295,17.02,17.17,17.2213,17.700000762939453,17.5,16.0,15.5,14.5,24.22277461022541,15.0
184,17.18,17.02,17.25,16.93,17.2117,17.24,17.17,17.2103,17.700000762939453,17.5,16.0,15.399999618530273,14.5,24.223228434564383,15.0
185,16.99,17.02,16.94,17.15,17.207099999999997,17.25,17.39,17.2129,17.700000762939453,17.5,16.0,15.399999618530273,14.600000381469727,24.223228434564383,15.0
186,16.98,17.13,17.26,16.93,17.207099999999997,17.02,17.28,17.2048,17.700000762939453,17.5,16.0,15.5,14.5,24.23138499603437,15.0
187,16.99,17.03,17.16,17.35,17.203899999999997,17.25,17.39,17.2135,17.700000762939453,17.5,16.0,15.399999618530273,14.5,24.223001522212535,15.0
188,17.08,16.92,17.15,17.24,17.215600000000002,17.24,17.06,17.2139,17.700000762939453,17.5,16.0,15.399999618530273,14.5,24.223228434564383,15.0
189,17.08,17.02,17.25,17.24,17.2066,17.35,16.95,17.2021,17.700000762939453,17.5,16.0,15.399999618530273,14.5,24.223228434564383,15.0
190,17.39,17.22,17.14,17.14,17.195800000000002,17.13,16.94,17.1917,17.700000762939453,17.5,16.0,15.399999618530273,14.5,24.23954204228311,15.0
191,17.19,16.94,17.38,17.35,17.1895,17.57,17.3,17.1979,17.700000762939453,17.5,16.0,15.5,14.5,24.223682260362303,15.0
192,17.19,17.13,17.26,17.14,17.1917,17.24,16.85,17.1881,17.700000762939453,17.5,16.0,15.5,14.5,24.23183883457863,15.0
193,17.29,17.24,17.27,17.25,17.1898,17.24,17.39,17.196199999999997,17.700000762939453,17.5,16.0,15.399999618530273,14.600000381469727,24.223001522212535,15.0
194,17.18,17.02,17.25,17.14,17.185299999999998,17.13,17.06,17.175,17.700000762939453,17.5,16.0,15.399999618530273,14.5,24.22277461022541,15.0
195,17.19,17.23,17.46,17.35,17.1719,17.35,17.49,17.1857,17.700000762939453,17.5,16.0,15.5,14.5,24.214618546236434,15.0
196,17.07,17.11,17.45,17.13,17.1895,17.34,17.37,17.199900000000003,17.700000762939453,17.5,16.0,15.399999618530273,14.5,24.223909173808416,15.0
197,17.09,17.23,17.46,17.35,17.203000000000003,17.36,16.95,17.208199999999998,17.700000762939453,17.5,16.0,15.5,14.5,24.22345534728096,15.0
198,17.18,16.92,17.15,17.24,17.2003,17.02,17.06,17.198900000000002,17.700000762939453,17.5,16.0,15.399999618530273,14.600000381469727,24.24883423618748,15.0
199,16.99,17.14,17.27,17.26,17.1995,17.26,17.29,17.2052,17.700000762939453,17.5,16.0,15.399999618530273,14.5,24.231611915124137,15.0
200,16.99,17.13,17.47,16.94,17.197699999999998,17.03,17.28,17.2,17.700000762939453,17.5,16.0,15.399999618530273,14.5,24.223909173808416,15.0
201,17.19,17.23,17.36,17.45,17.206300000000002,17.13,17.17,17.2064,17.700000762939453,17.5,16.0,15.5,14.5,24.223001522212535,15.0
202,17.09,16.93,17.47,17.46,17.2099,17.03,17.39,17.2094,17.700000762939453,17.5,16.0,15.399999618530273,14.5,24.223909173808416,15.0
203,17.3,17.12,17.46,17.15,17.2183,17.25,17.49,17.2245,17.700000762939453,17.5,16.0,15.399999618530273,14.5,24.240449746324852,15.0
204,17.2,17.04,17.16,17.05,17.2116,17.26,17.4,17.2176,17.700000762939453,17.5,16.0,15.399999618530273,14.5,24.232065754397933,15.0
205,17.2,16.93,17.26,17.15,17.2212,17.36,17.07,17.219299999999997,17.700000762939453,17.5,16.0,15.399999618530273,14.5,24.223682260362303,15.0
206,17.1,16.92,17.25,17.16,17.211,17.37,17.06,17.2137,17.700000762939453,17.5,16.0,15.399999618530273,14.5,24.232065754397933,15.0
207,16.99,17.54,17.26,17.25,17.220299999999998,16.92,17.17,17.2098,17.700000762939453,17.5,16.0,15.399999618530273,14.5,24.223909173808416,15.0
208,17.08,16.92,17.15,17.14,17.195899999999998,17.13,17.49,17.200699999999998,17.700000762939453,17.5,16.0,15.399999618530273,14.5,24.223228434564383,15.0
209,17.09,17.22,17.24,17.35,17.195500000000003,17.14,17.48,17.1966,17.700000762939453,17.5,16.0,15.399999618530273,14.5,24.223228434564383,15.0
210,17.09,17.02,17.25,17.46,17.1986,17.36,17.17,17.2043,17.700000762939453,17.5,16.0,15.399999618530273,14.5,24.232065754397933,15.0
211,17.3,17.03,17.36,17.36,17.2132,17.25,17.18,17.215199999999996,17.700000762939453,17.5,16.0,15.399999618530273,14.5,24.23183883457863,15.0
212,16.98,17.02,17.35,17.14,17.2091,17.35,17.27,17.2162,17.700000762939453,17.5,16.0,15.399999618530273,14.5,24.21484545185079,15.0
213,17.29,16.92,17.15,17.35,17.217100000000002,17.35,17.39,17.2196,17.700000762939453,17.5,16.0,15.399999618530273,14.5,24.240449746324852,15.0
214,16.69,17.04,17.06,17.26,17.2141,17.26,17.4,17.2178,17.700000762939453,17.5,16.0,15.5,14.5,24.232065754397933,15.0
215,17.3,17.14,17.27,17.36,17.2201,17.14,17.29,17.2184,17.700000762939453,17.5,16.0,15.399999618530273,14.5,24.232065754397933,15.0
216,17.2,17.03,17.27,17.46,17.2132,17.26,16.97,17.2133,17.700000762939453,17.5,16.0,15.5,14.5,24.223682260362303,15.0
217,17.07,17.12,17.14,17.03,17.203699999999998,17.34,17.38,17.212699999999998,17.700000762939453,17.5,16.0,15.399999618530273,14.5,24.232292674581917,15.0
218,17.19,17.23,17.36,17.25,17.2144,17.25,17.39,17.222900000000003,17.700000762939453,17.5,16.0,15.399999618530273,14.5,24.22345534728096,15.0
219,17.39,17.12,17.25,16.93,17.2212,16.91,17.06,17.2102,17.700000762939453,17.5,16.0,15.399999618530273,14.600000381469727,24.215299264173677,15.0
220,17.28,17.11,17.35,17.34,17.2192,17.12,17.37,17.226100000000002,17.700000762939453,17.5,16.0,15.399999618530273,14.600000381469727,24.215299264173677,15.0
221,17.18,17.02,17.04,17.14,17.2175,17.02,17.06,17.2101,17.700000762939453,17.5,16.0,15.399999618530273,14.5,24.22345534728096,15.0
222,17.18,17.01,17.24,17.03,17.2023,17.23,17.05,17.199699999999996,17.700000762939453,17.600000381469727,16.0,15.399999618530273,14.5,24.223228434564383,15.0
223,16.98,17.13,17.26,17.45,17.1973,17.14,17.07,17.191,17.700000762939453,17.600000381469727,16.0,15.399999618530273,14.5,24.223228434564383,15.0
224,17.07,17.01,17.04,17.24,17.186,17.45,16.84,17.1869,17.700000762939453,17.5,16.0,15.399999618530273,14.5,24.22345534728096,15.0
225,17.09,17.44,17.47,17.05,17.185,17.14,17.5,17.1907,17.700000762939453,17.600000381469727,16.0,15.5,14.5,24.214618546236434,15.0
226,17.28,17.22,17.35,17.24,17.1868,17.24,17.27,17.1965,17.700000762939453,17.5,16.0,15.399999618530273,14.5,24.223228434564383,15.0
227,17.19,17.13,17.57,17.25,17.1947,17.24,17.17,17.1922,17.700000762939453,17.5,16.0,15.399999618530273,14.5,24.223228434564383,15.0
228,16.98,16.91,17.14,17.14,17.1853,17.35,17.16,17.1859,17.700000762939453,17.5,16.0,15.5,14.5,24.223682260362303,15.0
229,17.07,17.02,17.25,17.13,17.186,16.91,17.06,17.1818,17.700000762939453,17.600000381469727,16.0,15.5,14.5,24.22345534728096,15.0
230,17.28,17.11,17.34,17.13,17.176,17.01,17.15,17.168899999999997,17.700000762939453,17.5,16.0,15.399999618530273,14.5,24.23138499603437,15.0
231,17.39,17.22,17.35,17.44,17.1701,17.57,17.49,17.1844,17.700000762939453,17.5,16.0,15.399999618530273,14.5,24.214618546236434,15.0
232,17.08,16.91,17.25,17.04,17.1878,17.35,16.95,17.183,17.700000762939453,17.5,16.0,15.399999618530273,14.5,24.214618546236434,15.0
233,17.18,17.12,17.66,17.24,17.1852,17.13,17.38,17.191599999999998,17.700000762939453,17.600000381469727,16.0,15.399999618530273,14.5,24.21484545185079,15.0
234,16.66,17.01,17.35,16.82,17.188399999999998,17.01,16.94,17.1828,17.700000762939453,17.600000381469727,16.0,15.5,14.5,24.21484545185079,15.0
235,17.28,17.12,17.56,17.34,17.1902,17.24,16.95,17.1858,17.700000762939453,17.5,16.0,15.5,14.600000381469727,24.21484545185079,15.0
236,17.18,17.01,17.45,17.13,17.1893,17.01,17.37,17.1933,17.700000762939453,17.5,16.0,15.5,14.5,24.21484545185079,15.0
237,17.18,16.82,17.36,17.14,17.1925,17.35,17.06,17.190199999999997,17.700000762939453,17.5,16.0,15.399999618530273,14.5,24.223682260362303,15.0
238,17.18,16.91,17.35,17.14,17.1832,17.35,17.16,17.1825,17.700000762939453,17.5,16.0,15.399999618530273,14.5,24.223001522212535,15.0
239,16.87,17.12,17.14,17.13,17.1749,17.02,17.05,17.1649,17.700000762939453,17.5,16.0,15.399999618530273,14.5,24.239995893574466,15.0
240,17.3,17.13,17.47,17.35,17.1692,17.25,17.18,17.176099999999998,17.700000762939453,17.5,16.0,15.399999618530273,14.5,24.215072357829868,15.0
241,17.3,17.13,17.47,17.35,17.1784,17.25,17.18,17.182299999999998,17.700000762939453,17.5,16.0,15.399999618530273,14.5,24.215072357829868,15.0
242,16.98,16.91,17.14,17.24,17.1856,17.24,17.05,17.182799999999997,17.700000762939453,17.5,16.0,15.399999618530273,14.5,24.223228434564383,15.0
243,17.18,17.02,17.25,17.24,17.186500000000002,17.13,17.27,17.1805,17.700000762939453,17.5,16.0,15.5,14.5,24.223228434564383,15.0
244,17.18,17.02,17.25,17.24,17.1662,17.13,17.27,17.1714,17.700000762939453,17.5,16.0,15.399999618530273,14.5,24.223228434564383,15.0
245,16.78,17.13,17.26,17.15,17.168599999999998,17.14,17.17,17.162799999999997,17.700000762939453,17.5,16.0,15.399999618530273,14.5,24.22345534728096,15.0
246,17.09,17.24,17.58,17.15,17.1632,17.47,17.29,17.18,17.700000762939453,17.5,16.0,15.399999618530273,14.5,24.223909173808416,15.0
247,17.09,17.24,17.58,17.15,17.191599999999998,17.47,17.29,17.1938,17.700000762939453,17.5,16.0,15.399999618530273,14.5,24.223909173808416,15.0
248,17.18,16.8,17.35,17.03,17.1936,17.34,17.16,17.1959,17.700000762939453,17.600000381469727,16.0,15.5,14.5,24.231611915124137,15.0
249,17.19,16.92,17.05,17.24,17.1923,17.13,17.28,17.1955,17.700000762939453,17.5,16.0,15.5,14.5,24.223228434564383,15.0
250,17.18,17.02,17.15,17.24,17.1932,17.24,17.06,17.1934,17.700000762939453,17.5,16.0,15.5,14.5,24.20691676578768,15.0
251,17.28,17.12,17.45,17.03,17.192000000000004,17.34,17.38,17.2038,17.700000762939453,17.5,16.0,15.399999618530273,14.5,24.205782271401436,15.0
252,17.29,16.91,17.46,17.45,17.2135,17.68,17.06,17.215799999999998,17.700000762939453,17.600000381469727,16.0,15.399999618530273,14.5,24.22345534728096,15.0
253,17.19,17.13,17.26,17.14,17.2144,17.57,17.06,17.2145,17.700000762939453,17.5,16.0,15.399999618530273,14.5,24.223001522212535,15.0
254,17.18,17.02,17.15,17.34,17.2128,17.56,17.16,17.2245,17.600000381469727,17.5,16.0,15.5,14.5,24.214164736101942,15.0
255,17.07,17.01,17.35,17.24,17.2254,17.12,17.16,17.2241,17.700000762939453,17.5,16.0,15.399999618530273,14.5,24.215072357829868,15.0
256,17.28,17.12,17.24,17.44,17.2269,17.45,17.27,17.2344,17.700000762939453,17.600000381469727,16.0,15.399999618530273,14.5,24.223682260362303,15.0
257,16.98,17.23,17.46,17.25,17.235599999999998,17.14,17.06,17.2364,17.700000762939453,17.600000381469727,16.0,15.5,14.5,24.22345534728096,15.0
258,17.3,17.24,17.57,17.25,17.2438,17.25,17.28,17.2438,17.700000762939453,17.5,16.0,15.5,14.5,24.215072357829868,15.0
259,17.07,16.81,17.14,17.03,17.229100000000003,17.23,17.05,17.2241,17.700000762939453,17.5,16.0,15.399999618530273,14.5,24.22345534728096,15.0
260,17.19,16.8,17.34,17.45,17.2167,17.35,17.15,17.2231,17.700000762939453,17.5,16.0,15.399999618530273,14.5,24.206689866180987,15.0
261,17.06,16.81,17.46,17.33,17.2197,17.0,17.17,17.2191,17.700000762939453,17.5,16.0,15.5,14.5,24.205782271401436,15.0
262,17.16,17.2,17.33,16.91,17.2169,17.21,17.14,17.218,17.700000762939453,17.5,16.0,15.5,14.5,24.1976271958683,15.0
263,17.17,17.31,17.54,17.23,17.2245,17.33,17.14,17.2251,17.700000762939453,17.600000381469727,16.0,15.399999618530273,14.5,24.215072357829868,15.0
264,17.28,17.21,17.34,17.13,17.220299999999998,17.45,17.37,17.2256,17.700000762939453,17.5,16.0,15.5,14.5,24.21484545185079,15.0
265,17.17,17.21,17.44,17.43,17.2233,17.23,17.58,17.2323,17.700000762939453,17.5,16.0,15.399999618530273,14.5,24.197400304457204,15.0
266,16.97,17.2,17.33,17.24,17.227099999999997,17.02,17.14,17.223399999999998,17.600000381469727,17.600000381469727,16.0,15.399999618530273,14.5,24.214618546236434,15.0
267,17.17,17.11,17.24,17.13,17.215500000000002,17.12,17.15,17.214199999999998,17.700000762939453,17.600000381469727,16.0,15.399999618530273,14.5,24.206009169549223,15.0
268,17.58,17.0,17.34,17.33,17.2211,17.34,17.15,17.2201,17.600000381469727,17.5,16.0,15.399999618530273,14.5,24.206009169549223,15.0
269,17.07,17.11,17.03,17.43,17.212100000000003,17.11,17.26,17.2103,17.700000762939453,17.5,16.0,15.399999618530273,14.5,24.1976271958683,15.0
270,17.07,17.1,17.02,17.02,17.2084,17.01,17.14,17.1978,17.700000762939453,17.5,16.0,15.399999618530273,14.5,24.19808097978471,15.0
271,16.95,17.11,17.24,16.91,17.1893,16.99,17.26,17.1938,17.700000762939453,17.5,16.0,15.399999618530273,14.5,24.1976271958683,15.0
272,17.07,16.9,17.03,17.12,17.1894,17.12,17.26,17.1892,17.700000762939453,17.5,16.0,15.399999618530273,14.5,24.206689866180987,15.0
273,17.07,16.8,17.34,17.12,17.1825,17.12,17.04,17.179100000000002,17.600000381469727,17.600000381469727,16.0,15.399999618530273,14.5,24.206236068061738,15.0
274,16.96,17.0,17.54,17.12,17.1819,17.11,17.15,17.1811,17.600000381469727,17.600000381469727,16.0,15.5,14.5,24.19808097978471,15.0
275,17.16,16.89,17.12,16.91,17.174899999999997,17.33,17.03,17.1696,17.600000381469727,17.5,16.0,15.399999618530273,14.5,24.19808097978471,15.0
276,17.38,17.1,17.33,17.43,17.1726,17.12,17.25,17.1704,17.600000381469727,17.5,16.0,15.399999618530273,14.5,24.19808097978471,15.0
277,17.16,16.78,17.02,17.11,17.1547,17.43,17.03,17.1514,17.600000381469727,17.5,16.0,15.399999618530273,14.5,24.1985347651599,15.0
278,17.06,16.9,17.23,17.23,17.139400000000002,17.44,17.04,17.1416,17.600000381469727,17.5,16.0,15.399999618530273,14.5,24.206236068061738,15.0
279,17.05,16.9,17.03,17.11,17.1393,17.21,17.04,17.1378,17.600000381469727,17.5,16.0,15.5,14.5,24.1976271958683,15.0
280,17.26,17.0,17.33,17.11,17.139400000000002,16.99,17.14,17.1295,17.600000381469727,17.5,16.0,15.399999618530273,14.5,24.1976271958683,15.0
281,17.26,17.0,17.33,17.11,17.1267,16.99,17.14,17.122899999999998,17.600000381469727,17.5,16.0,15.399999618530273,14.5,24.19808097978471,15.0
282,17.27,17.0,17.54,17.22,17.125799999999998,17.22,17.36,17.1353,17.600000381469727,17.5,16.0,15.399999618530273,14.5,24.206689866180987,15.0
283,16.97,17.0,17.54,17.14,17.1388,17.35,17.36,17.1509,17.600000381469727,17.5,16.0,15.399999618530273,14.5,24.206689866180987,15.0
284,16.86,16.9,17.34,17.02,17.147100000000002,17.45,17.37,17.162300000000002,17.600000381469727,17.5,16.0,15.399999618530273,14.5,24.197854087644163,15.0
285,17.07,17.11,17.04,17.02,17.1571,17.44,16.94,17.1614,17.600000381469727,17.5,16.0,15.5,14.5,24.19808097978471,15.0
286,17.07,16.8,17.03,17.02,17.157400000000003,17.44,17.04,17.160800000000002,17.600000381469727,17.5,16.0,15.399999618530273,14.5,24.19808097978471,15.0
287,17.27,16.9,17.14,17.02,17.158900000000003,17.34,16.83,17.1615,17.600000381469727,17.5,16.0,15.399999618530273,14.5,24.19808097978471,15.0
288,16.86,16.8,17.24,17.23,17.1556,17.12,17.15,17.148600000000002,17.600000381469727,17.5,16.0,15.399999618530273,14.5,24.197854087644163,15.0
289,17.07,16.8,17.03,17.02,17.140400000000003,17.44,17.04,17.1493,17.600000381469727,17.5,16.0,15.399999618530273,14.5,24.19808097978471,15.0
290,17.27,16.8,17.24,17.02,17.1434,17.34,17.26,17.151200000000003,17.600000381469727,17.5,16.0,15.399999618530273,14.5,24.197854087644163,15.0
291,17.07,17.11,17.04,17.02,17.144000000000002,17.44,16.94,17.1507,17.600000381469727,17.5,16.0,15.399999618530273,14.5,24.19808097978471,15.0
292,16.97,17.0,17.54,17.14,17.1522,17.35,17.36,17.1594,17.600000381469727,17.5,16.0,15.399999618530273,14.5,24.206689866180987,15.0
293,17.07,17.11,17.04,17.02,17.159200000000002,17.44,16.94,17.1598,17.600000381469727,17.5,16.0,15.5,14.5,24.19808097978471,15.0
294,17.16,16.89,17.23,17.22,17.1622,17.0,17.25,17.1569,17.600000381469727,17.5,16.0,15.5,14.5,24.20691676578768,15.0
295,16.86,16.9,17.34,17.02,17.1465,17.45,17.37,17.1564,17.600000381469727,17.5,16.0,15.399999618530273,14.5,24.197854087644163,15.0
296,16.94,17.1,17.33,17.3,17.148900000000005,16.98,17.36,17.1545,17.600000381469727,17.5,16.0,15.5,14.5,24.189472604939333,15.0
297,17.05,17.09,17.22,17.31,17.1448,17.43,17.02,17.151400000000002,17.600000381469727,17.5,16.0,15.399999618530273,14.5,24.189699490343564,15.0
298,17.05,17.09,17.22,17.31,17.1505,17.43,17.02,17.160300000000003,17.600000381469727,17.5,16.0,15.399999618530273,14.5,24.189699490343564,15.0
299,17.05,17.1,17.12,17.21,17.155500000000004,17.31,17.35,17.165399999999998,17.600000381469727,17.5,16.0,15.399999618530273,14.5,24.19876165839458,15.0
300,17.26,16.68,16.92,17.32,17.163800000000002,17.54,17.03,17.1739,17.600000381469727,17.5,16.0,15.5,14.5,24.19808097978471,15.0
301,17.26,16.68,16.92,17.32,17.1703,17.54,17.03,17.1825,17.600000381469727,17.5,16.0,15.399999618530273,14.5,24.19808097978471,15.0
302,17.16,17.1,17.12,17.43,17.181,17.66,17.25,17.1959,17.600000381469727,17.5,16.0,15.399999618530273,14.5,24.19808097978471,15.0
303,16.95,17.2,17.33,17.21,17.190800000000003,17.21,17.25,17.1976,17.600000381469727,17.5,16.0,15.5,14.5,24.18924571989978,15.0
304,16.95,17.2,17.33,17.21,17.1969,17.21,17.25,17.1996,17.600000381469727,17.5,16.0,15.399999618530273,14.5,24.18924571989978,15.0
305,16.93,16.98,16.9,17.2,17.1855,17.09,17.02,17.185299999999998,17.600000381469727,17.5,16.0,15.399999618530273,14.5,24.181318498571216,15.0
306,17.16,16.99,17.22,17.22,17.1836,17.0,17.35,17.1856,17.600000381469727,17.5,16.0,15.399999618530273,14.399999618530273,24.189926376112524,15.0
307,17.16,16.99,17.22,17.22,17.1865,17.0,17.35,17.1923,17.600000381469727,17.5,16.0,15.5,14.399999618530273,24.189926376112524,15.0
308,16.93,16.66,16.89,17.39,17.1746,17.2,17.02,17.1723,17.600000381469727,17.5,16.0,15.399999618530273,14.5,24.197854087644163,15.0
309,17.05,16.99,17.32,17.0,17.1691,17.21,17.24,17.171400000000002,17.600000381469727,17.5,16.0,15.5,14.5,24.18154537760424,15.0
310,17.05,16.99,17.32,17.0,17.166,17.21,17.24,17.1683,17.600000381469727,17.5,16.0,15.5,14.399999618530273,24.18154537760424,15.0
311,17.15,17.18,17.41,17.21,17.1688,17.43,17.23,17.1772,17.600000381469727,17.5,16.0,15.399999618530273,14.5,24.18924571989978,15.0
312,17.36,16.99,17.01,17.21,17.1697,17.21,17.24,17.1769,17.600000381469727,17.5,16.0,15.399999618530273,14.5,24.190153262246167,15.0
313,17.36,16.99,17.53,17.21,17.176399999999997,17.21,17.35,17.1858,17.600000381469727,17.5,16.0,15.5,14.399999618530273,24.189699490343564,15.0
314,17.25,17.09,17.22,17.1,17.181,17.2,17.02,17.1773,17.600000381469727,17.5,16.0,15.399999618530273,14.5,24.18154537760424,15.0
315,17.26,17.0,17.44,17.32,17.1693,17.33,17.04,17.1698,17.600000381469727,17.5,16.0,15.399999618530273,14.5,24.19808097978471,15.0
316,17.26,17.0,17.44,17.32,17.1708,17.33,17.04,17.171300000000002,17.600000381469727,17.5,16.0,15.5,14.5,24.19808097978471,15.0
317,17.16,17.1,17.33,17.21,17.1701,17.21,17.14,17.177,17.600000381469727,17.5,16.0,15.399999618530273,14.5,24.1985347651599,15.0
318,17.36,16.98,17.22,17.11,17.1815,17.43,17.45,17.1932,17.600000381469727,17.5,16.0,15.399999618530273,14.399999618530273,24.197854087644163,15.0
319,17.36,17.1,17.12,17.11,17.1931,17.43,17.14,17.198600000000003,17.600000381469727,17.5,16.0,15.5,14.5,24.197854087644163,15.0
320,17.16,16.89,17.33,17.11,17.1965,17.32,17.25,17.2092,17.600000381469727,17.5,16.0,15.5,14.399999618530273,24.19830787228994,15.0
321,17.25,17.19,17.22,17.1,17.2124,17.2,17.45,17.2218,17.600000381469727,17.5,16.0,15.399999618530273,14.5,24.084943896661887,15.0
322,16.73,16.89,17.22,17.2,17.2132,17.08,17.25,17.2162,17.600000381469727,17.5,16.0,15.399999618530273,14.399999618530273,24.181091619902872,15.0
323,16.73,16.98,17.31,17.2,17.209400000000002,17.08,17.23,17.206100000000003,17.600000381469727,17.5,16.0,15.399999618530273,14.5,24.181091619902872,15.0
324,17.06,17.1,17.34,17.43,17.2022,17.44,17.04,17.206100000000003,17.600000381469727,17.5,16.0,15.5,14.5,24.197854087644163,15.0
325,17.16,17.11,17.45,17.12,17.2055,17.0,17.05,17.1956,17.600000381469727,17.5,16.0,15.399999618530273,14.5,24.1976271958683,15.0
326,17.16,17.11,17.45,17.12,17.1928,17.0,17.05,17.187199999999997,17.600000381469727,17.5,16.0,15.399999618530273,14.399999618530273,24.1976271958683,15.0
327,17.27,16.98,17.11,17.23,17.188699999999997,17.23,17.35,17.1901,17.600000381469727,17.5,16.0,15.5,14.399999618530273,24.20646296693898,15.0
328,17.27,16.98,17.11,17.23,17.188599999999997,17.23,17.35,17.19,17.600000381469727,17.5,16.0,15.399999618530273,14.5,24.197854087644163,15.0
329,17.26,17.09,17.01,17.42,17.1904,17.32,17.13,17.1914,17.600000381469727,17.5,16.0,15.5,14.5,24.181318498571216,15.0
330,17.26,16.88,17.52,17.21,17.1931,16.88,17.23,17.1886,17.600000381469727,17.5,16.0,15.399999618530273,14.5,24.181999136764382,15.0
331,17.13,16.88,17.21,16.88,17.172,17.19,17.34,17.175700000000003,17.600000381469727,17.5,16.0,15.399999618530273,14.5,24.173164876720925,15.0
332,17.13,17.07,17.3,17.29,17.1722,17.19,17.0,17.171100000000003,17.600000381469727,17.5,16.0,15.399999618530273,14.5,24.172484260922396,15.0
333,16.96,16.98,17.31,17.12,17.163400000000003,17.22,17.12,17.1626,17.600000381469727,17.5,16.0,15.399999618530273,14.399999618530273,24.181091619902872,15.0
334,16.94,16.98,17.21,17.1,17.1519,17.2,17.13,17.1581,17.600000381469727,17.5,16.0,15.399999618530273,14.5,24.19830787228994,15.0
335,17.26,16.98,17.32,17.12,17.1583,17.33,17.45,17.1717,17.600000381469727,17.5,16.0,15.399999618530273,14.399999618530273,24.181318498571216,15.0
336,16.93,17.39,17.32,17.2,17.1739,17.09,17.45,17.1754,17.600000381469727,17.5,16.0,15.399999618530273,14.5,24.189926376112524,15.0
337,17.16,17.1,17.12,17.22,17.171799999999998,17.11,17.14,17.168400000000002,17.600000381469727,17.5,16.0,15.399999618530273,14.5,24.181091619902872,15.0
338,17.25,17.1,17.12,17.41,17.176199999999998,17.31,17.14,17.176800000000004,17.600000381469727,17.5,16.0,15.5,14.5,24.172711132490583,15.0
339,17.44,16.97,17.3,17.19,17.1848,17.52,17.33,17.1959,17.600000381469727,17.5,16.0,15.5,14.5,24.076110186473006,15.0
340,17.44,16.97,17.3,17.19,17.1933,17.52,17.33,17.204400000000003,17.600000381469727,17.5,16.0,15.399999618530273,14.5,24.076110186473006,15.0
341,16.96,17.29,17.21,17.22,17.1996,17.44,17.34,17.2074,17.600000381469727,17.5,16.0,15.5,14.5,24.189699490343564,15.0
342,17.25,17.29,17.31,17.2,17.2089,17.31,17.45,17.2154,17.600000381469727,17.5,16.0,15.5,14.399999618530273,24.181091619902872,15.0
343,16.93,17.28,17.41,17.4,17.223399999999998,17.41,17.01,17.2308,17.600000381469727,17.5,16.0,15.5,14.399999618530273,24.164558007855785,15.0
344,16.93,17.28,17.41,17.4,17.2304,17.41,17.01,17.2309,17.600000381469727,17.5,16.0,15.399999618530273,14.399999618530273,24.164558007855785,15.0
345,17.34,16.87,17.31,17.29,17.2352,17.19,17.01,17.235500000000002,17.600000381469727,17.5,16.0,15.399999618530273,14.399999618530273,24.172711132490583,15.0
346,17.14,17.28,17.51,17.4,17.242,17.41,17.33,17.2545,17.600000381469727,17.5,16.0,15.399999618530273,14.5,24.172711132490583,15.0
347,17.14,17.18,17.1,17.4,17.2561,17.41,17.23,17.262099999999997,17.600000381469727,17.5,16.0,15.399999618530273,14.399999618530273,24.172257389718933,15.0
348,17.24,17.07,17.2,17.29,17.2545,17.41,17.22,17.2587,17.600000381469727,17.5,16.0,15.399999618530273,14.399999618530273,24.17293800442341,15.0
349,17.24,17.38,17.2,17.19,17.258,17.52,17.22,17.2668,17.600000381469727,17.5,16.0,15.399999618530273,14.399999618530273,24.172484260922396,15.0
350,17.24,16.97,17.1,17.19,17.2668,17.52,17.23,17.272999999999996,17.600000381469727,17.5,16.0,15.399999618530273,14.399999618530273,24.173164876720925,15.0
351,17.13,17.28,17.3,17.09,17.272,17.3,17.33,17.2756,17.600000381469727,17.5,16.0,15.399999618530273,14.399999618530273,24.172257389718933,15.0
352,17.24,16.97,17.2,17.3,17.265700000000002,17.41,17.01,17.265099999999997,17.600000381469727,17.5,16.0,15.399999618530273,14.399999618530273,24.155724792262586,15.0
353,17.24,16.97,17.2,17.3,17.2552,17.41,17.01,17.2568,17.600000381469727,17.5,16.0,15.5,14.5,24.155724792262586,15.0
354,17.14,17.07,17.3,17.09,17.2472,16.97,17.0,17.2361,17.600000381469727,17.5,16.0,15.399999618530273,14.5,24.164331142658046,15.0
355,17.12,16.97,17.51,17.07,17.2276,17.18,17.0,17.220999999999997,17.600000381469727,17.5,16.0,15.5,14.5,24.163877413356577,15.0
356,17.12,16.97,17.51,17.07,17.2193,17.18,17.0,17.212699999999998,17.600000381469727,17.5,16.0,15.399999618530273,14.399999618530273,24.163877413356577,15.0
357,16.92,17.17,17.09,17.19,17.208,17.07,17.22,17.205699999999997,17.600000381469727,17.5,16.0,15.399999618530273,14.5,24.164558007855785,15.0
358,17.02,16.86,17.09,16.77,17.199099999999998,17.18,17.11,17.191599999999998,17.600000381469727,17.5,16.0,15.399999618530273,14.5,24.173164876720925,15.0
359,17.02,16.86,17.09,16.77,17.1742,17.18,17.11,17.171799999999998,17.600000381469727,17.5,16.0,15.399999618530273,14.399999618530273,24.173164876720925,15.0
360,16.93,17.18,17.2,16.99,17.162,17.19,17.33,17.164399999999997,17.600000381469727,17.5,16.0,15.399999618530273,14.399999618530273,24.181999136764382,15.0
361,17.05,16.99,17.42,17.51,17.1615,16.99,17.46,17.1604,17.600000381469727,17.5,16.0,15.5,14.399999618530273,24.172711132490583,15.0
362,17.34,17.09,17.32,17.39,17.157,17.74,17.24,17.171599999999998,17.600000381469727,17.5,16.0,15.5,14.5,24.181091619902872,15.0
363,17.14,16.98,17.11,17.09,17.159799999999997,17.3,17.23,17.162399999999998,17.600000381469727,17.5,16.0,15.399999618530273,14.399999618530273,24.172711132490583,15.0
364,17.04,16.88,17.12,17.3,17.1532,16.98,16.92,17.144099999999998,17.600000381469727,17.5,16.0,15.399999618530273,14.399999618530273,24.083809892430082,15.0
365,17.05,16.88,17.12,17.11,17.1373,17.21,16.92,17.1328,17.600000381469727,17.5,16.0,15.399999618530273,14.399999618530273,24.083809892430082,15.0
366,17.25,16.98,17.0,17.41,17.1308,17.43,17.02,17.1338,17.600000381469727,17.5,16.0,15.5,14.399999618530273,24.067730576775467,15.0
367,16.92,17.06,17.08,17.29,17.1379,17.08,17.0,17.1328,17.600000381469727,17.5,16.0,15.5,14.399999618530273,24.17293800442341,15.0
368,17.35,16.99,17.11,17.31,17.1368,17.42,17.13,17.141099999999998,17.600000381469727,17.5,16.0,15.399999618530273,14.5,24.17293800442341,15.0
369,17.04,16.99,17.11,17.1,17.1399,17.2,17.13,17.1428,17.600000381469727,17.5,16.0,15.399999618530273,14.399999618530273,24.189926376112524,15.0
370,17.03,16.97,17.21,17.08,17.139899999999997,17.19,17.12,17.148699999999998,17.600000381469727,17.5,16.0,15.5,14.5,24.18154537760424,15.0
371,17.14,16.88,17.11,17.3,17.1472,17.09,17.02,17.152,17.600000381469727,17.5,16.0,15.399999618530273,14.399999618530273,24.18154537760424,15.0
372,17.15,16.88,17.11,17.1,17.1486,17.42,17.02,17.1544,17.600000381469727,17.5,16.0,15.399999618530273,14.399999618530273,24.189926376112524,15.0
373,17.05,17.18,17.21,17.11,17.1495,17.43,16.91,17.1466,17.600000381469727,17.5,16.0,15.399999618530273,14.399999618530273,24.190153262246167,15.0
374,17.05,17.18,17.21,17.11,17.1431,17.43,16.91,17.1385,17.600000381469727,17.5,16.0,15.399999618530273,14.399999618530273,24.190153262246167,15.0
375,17.05,17.09,17.32,17.21,17.125600000000002,17.1,17.46,17.1336,17.600000381469727,17.5,16.0,15.399999618530273,14.399999618530273,24.09332451528483,15.0
376,17.15,16.88,17.32,17.42,17.1307,17.32,17.03,17.1343,17.600000381469727,17.5,16.0,15.399999618530273,14.399999618530273,24.18924571989978,15.0
377,17.24,16.98,17.11,17.19,17.1415,17.09,17.13,17.1443,17.600000381469727,17.5,16.0,15.399999618530273,14.399999618530273,24.190380148744495,15.0
378,17.05,17.09,17.32,17.21,17.148400000000002,17.1,17.46,17.1532,17.600000381469727,17.5,16.0,15.399999618530273,14.5,24.09332451528483,15.0
379,16.94,16.98,17.1,17.1,17.1454,17.31,17.34,17.1549,17.600000381469727,17.5,16.0,15.399999618530273,14.399999618530273,24.18063786366028,15.0
380,17.14,17.18,17.52,17.2,17.1637,17.42,17.55,17.1755,17.600000381469727,17.5,16.0,15.399999618530273,14.399999618530273,24.181318498571216,15.0
381,17.04,17.18,17.52,17.2,17.1739,17.31,17.55,17.188699999999997,17.600000381469727,17.5,16.0,15.399999618530273,14.399999618530273,24.181318498571216,15.0
382,17.15,17.08,17.32,17.0,17.1876,17.31,17.13,17.1935,17.600000381469727,17.5,16.0,15.399999618530273,14.399999618530273,24.189926376112524,15.0
383,17.15,17.08,17.32,17.0,17.1928,17.31,17.13,17.1973,17.600000381469727,17.5,16.0,15.5,14.5,24.189926376112524,15.0
384,16.93,17.2,17.32,17.2,17.201600000000003,17.09,17.46,17.2102,17.600000381469727,17.5,16.0,15.399999618530273,14.5,24.189699490343564,15.0
385,17.14,16.98,17.31,17.41,17.209799999999998,17.31,17.23,17.2151,17.600000381469727,17.5,16.0,15.399999618530273,14.399999618530273,24.190153262246167,15.0
386,17.14,17.08,17.21,17.41,17.2167,17.31,17.12,17.2198,17.600000381469727,17.5,16.0,15.399999618530273,14.399999618530273,24.188565066969318,15.0
387,17.14,16.97,16.89,17.09,17.2139,17.41,17.33,17.222,17.600000381469727,17.5,16.0,15.5,14.399999618530273,24.18177225700195,15.0
388,17.36,16.89,17.02,17.22,17.2157,17.32,17.25,17.2194,17.600000381469727,17.5,16.0,15.399999618530273,14.399999618530273,24.189926376112524,15.0
389,17.25,17.3,17.22,17.41,17.2242,17.53,17.03,17.2302,17.600000381469727,17.5,16.0,15.399999618530273,14.399999618530273,24.18177225700195,15.0
390,17.24,17.09,17.21,17.3,17.234199999999998,17.09,17.24,17.2341,17.600000381469727,17.5,16.0,15.5,14.399999618530273,24.189699490343564,15.0
391,17.36,16.88,17.11,17.32,17.2296,17.21,16.92,17.231,17.600000381469727,17.5,16.0,15.5,14.399999618530273,24.181318498571216,15.0
392,17.04,17.18,17.31,17.3,17.2263,17.31,17.02,17.2225,17.600000381469727,17.5,16.0,15.399999618530273,14.5,24.18177225700195,15.0
393,17.04,17.18,17.31,17.3,17.211399999999998,17.31,17.02,17.2086,17.600000381469727,17.5,16.0,15.399999618530273,14.5,24.18177225700195,15.0
394,17.03,16.76,17.1,17.19,17.1922,17.31,17.33,17.1995,17.600000381469727,17.5,16.0,15.399999618530273,14.399999618530273,24.172484260922396,15.0
395,17.26,17.07,17.1,17.21,17.1971,17.21,17.33,17.202399999999997,17.600000381469727,17.5,16.0,15.5,14.399999618530273,24.189699490343564,15.0
396,17.25,16.99,17.01,17.1,17.1971,17.09,17.14,17.1952,17.600000381469727,17.5,16.0,15.399999618530273,14.399999618530273,24.18924571989978,15.0
397,16.84,17.09,17.32,17.31,17.1898,17.1,17.35,17.1904,17.600000381469727,17.5,16.0,15.399999618530273,14.399999618530273,24.19876165839458,15.0
398,16.84,17.09,17.32,17.31,17.1852,17.1,17.35,17.1858,17.600000381469727,17.5,16.0,15.399999618530273,14.399999618530273,24.19876165839458,15.0
399,17.15,16.68,17.12,17.11,17.1778,17.1,17.14,17.1817,17.600000381469727,17.5,16.0,15.5,14.399999618530273,24.18154537760424,15.0
400,17.25,16.98,17.32,17.31,17.1755,17.42,17.34,17.1858,17.600000381469727,17.5,16.0,15.399999618530273,14.399999618530273,24.181318498571216,15.0
401,16.83,17.08,17.31,17.1,17.177599999999998,17.09,17.34,17.174400000000002,17.600000381469727,17.5,16.0,15.5,14.399999618530273,24.18154537760424,15.0
402,17.05,17.19,17.42,17.21,17.1719,17.1,17.13,17.168100000000003,17.600000381469727,17.5,16.0,15.5,14.399999618530273,24.190153262246167,15.0
403,17.05,17.19,17.42,17.21,17.1702,17.1,17.13,17.168100000000003,17.600000381469727,17.5,16.0,15.399999618530273,14.399999618530273,24.197854087644163,15.0
404,17.06,17.09,17.21,17.12,17.1703,17.66,17.45,17.184200000000004,17.600000381469727,17.5,16.0,15.399999618530273,14.399999618530273,24.092870899027194,15.0
405,17.06,17.09,17.21,17.12,17.1824,17.66,17.45,17.196300000000004,17.600000381469727,17.5,16.0,15.5,14.399999618530273,24.092870899027194,15.0
406,17.05,17.08,17.11,17.1,17.1931,17.09,17.23,17.198700000000002,17.600000381469727,17.5,16.0,15.399999618530273,14.399999618530273,24.190153262246167,15.0
407,17.05,17.08,17.1,17.31,17.191300000000002,17.2,17.01,17.189100000000003,17.600000381469727,17.5,16.0,15.399999618530273,14.399999618530273,24.189699490343564,15.0
408,17.05,17.08,17.1,17.31,17.183699999999998,17.2,17.01,17.1844,17.600000381469727,17.5,16.0,15.5,14.399999618530273,24.189699490343564,15.0
409,17.16,17.19,17.43,17.01,17.1877,17.32,17.24,17.1933,17.600000381469727,17.5,16.0,15.399999618530273,14.399999618530273,24.189472604939333,15.0
410,17.16,17.0,17.23,17.32,17.191399999999998,17.22,17.25,17.1952,17.600000381469727,17.5,16.0,15.5,14.399999618530273,24.190153262246167,15.0
411,17.16,17.0,17.23,17.32,17.1933,17.22,17.25,17.2021,17.600000381469727,17.5,16.0,15.399999618530273,14.5,24.189699490343564,15.0
412,17.05,17.09,17.43,17.11,17.2041,17.1,17.13,17.200100000000003,17.600000381469727,17.5,16.0,15.399999618530273,14.399999618530273,24.189472604939333,15.0
413,17.25,17.08,17.11,17.0,17.1893,17.31,17.23,17.1969,17.600000381469727,17.5,16.0,15.399999618530273,14.5,24.2948524769771,15.0
414,17.25,17.08,17.11,17.0,17.1927,17.31,17.23,17.1948,17.600000381469727,17.5,16.0,15.5,14.399999618530273,24.2948524769771,15.0
415,16.95,16.88,17.01,16.9,17.1876,17.32,17.02,17.1857,17.600000381469727,17.5,16.0,15.5,14.399999618530273,24.2948524769771,15.0
416,17.27,17.21,17.34,17.12,17.1905,17.33,17.25,17.197300000000002,17.600000381469727,17.5,16.0,15.399999618530273,14.399999618530273,24.19830787228994,15.0
417,17.27,17.21,17.34,17.12,17.1845,17.33,17.25,17.191300000000002,17.600000381469727,17.5,16.0,15.399999618530273,14.399999618530273,24.19830787228994,15.0
418,17.16,17.2,17.22,17.21,17.177,17.1,17.35,17.1826,17.600000381469727,17.5,16.0,15.399999618530273,14.399999618530273,24.197854087644163,15.0
419,16.84,17.4,17.22,17.31,17.183899999999998,17.32,17.24,17.1897,17.600000381469727,17.5,16.0,15.399999618530273,14.5,24.189472604939333,15.0
420,16.84,17.4,17.22,17.31,17.1932,17.32,17.24,17.199,17.600000381469727,17.5,16.0,15.5,14.399999618530273,24.189472604939333,15.0
421,16.96,17.0,17.34,17.12,17.199,17.33,17.15,17.2007,17.600000381469727,17.5,16.0,15.399999618530273,14.5,24.189699490343564,15.0
422,16.95,17.1,17.23,17.01,17.1924,16.88,17.03,17.1835,17.600000381469727,17.5,16.0,15.5,14.399999618530273,24.189926376112524,15.0
423,17.15,16.88,17.11,17.31,17.178600000000003,17.31,17.13,17.180300000000003,17.600000381469727,17.5,16.0,15.5,14.399999618530273,24.189699490343564,15.0
424,16.94,16.88,17.11,17.41,17.174300000000002,17.21,17.13,17.174300000000002,17.600000381469727,17.5,16.0,15.399999618530273,14.399999618530273,24.19808097978471,15.0
425,17.35,16.98,17.21,17.1,17.1761,16.99,17.13,17.1741,17.600000381469727,17.5,16.0,15.399999618530273,14.399999618530273,24.189699490343564,15.0
426,17.36,17.09,17.22,17.31,17.173099999999998,17.1,17.24,17.175500000000003,17.600000381469727,17.5,16.0,15.399999618530273,14.399999618530273,24.189472604939333,15.0
427,17.25,17.09,17.22,16.9,17.1693,17.21,17.24,17.1809,17.600000381469727,17.5,16.0,15.399999618530273,14.399999618530273,24.197854087644163,15.0
428,17.26,16.9,17.13,17.21,17.179100000000002,17.1,17.05,17.172700000000003,17.600000381469727,17.5,16.0,15.5,14.399999618530273,24.19830787228994,15.0
429,17.05,16.68,17.02,17.11,17.1597,16.99,17.03,17.1507,17.600000381469727,17.5,16.0,15.399999618530273,14.399999618530273,24.189926376112524,15.0
430,17.06,16.68,17.02,17.32,17.1399,17.21,17.03,17.136799999999997,17.600000381469727,17.5,16.0,15.399999618530273,14.399999618530273,24.189926376112524,15.0
431,17.15,17.2,17.22,17.21,17.1356,17.1,17.24,17.1347,17.600000381469727,17.5,16.0,15.399999618530273,14.399999618530273,24.189472604939333,15.0
432,17.15,17.2,17.22,17.21,17.1313,17.1,17.24,17.130399999999998,17.600000381469727,17.5,16.0,15.399999618530273,14.399999618530273,24.189472604939333,15.0
433,16.95,16.78,16.91,17.11,17.1167,17.1,17.03,17.115099999999998,17.600000381469727,17.5,16.0,15.399999618530273,14.399999618530273,24.1985347651599,15.0
434,16.95,17.2,17.23,17.12,17.1105,17.11,17.36,17.117,17.600000381469727,17.5,16.0,15.399999618530273,14.399999618530273,24.19830787228994,15.0
435,17.06,17.2,17.23,17.22,17.1259,17.32,17.36,17.135,17.600000381469727,17.5,16.0,15.399999618530273,14.5,24.206689866180987,15.0
436,17.06,17.1,17.13,17.22,17.1313,17.33,17.26,17.1397,17.600000381469727,17.5,16.0,15.399999618530273,14.399999618530273,24.19830787228994,15.0
437,17.06,17.0,17.02,17.01,17.133799999999997,17.33,17.04,17.134800000000002,17.600000381469727,17.5,16.0,15.399999618530273,14.399999618530273,24.19808097978471,15.0
438,17.06,17.0,17.02,17.22,17.1354,17.43,17.04,17.135,17.600000381469727,17.5,16.0,15.399999618530273,14.399999618530273,24.20646296693898,15.0
439,17.58,17.01,17.24,17.12,17.137700000000002,17.44,17.48,17.1515,17.600000381469727,17.5,16.0,15.399999618530273,14.5,24.206689866180987,15.0
440,16.96,17.1,17.02,17.12,17.1445,17.33,17.36,17.153299999999998,17.600000381469727,17.5,16.0,15.399999618530273,14.399999618530273,24.19808097978471,15.0
441,17.06,17.1,17.23,17.22,17.156400000000005,17.22,17.25,17.1672,17.600000381469727,17.5,16.0,15.399999618530273,14.399999618530273,24.101478816655234,15.0
442,16.84,16.79,17.02,16.9,17.162300000000002,16.99,16.93,17.1599,17.600000381469727,17.5,16.0,15.5,14.399999618530273,24.206689866180987,15.0
443,17.06,16.9,17.23,17.22,17.159200000000002,17.22,17.36,17.163,17.600000381469727,17.5,16.0,15.399999618530273,14.399999618530273,24.206009169549223,15.0
444,16.64,17.2,17.22,17.11,17.157899999999998,16.88,17.14,17.1505,17.600000381469727,17.5,16.0,15.399999618530273,14.399999618530273,24.206689866180987,15.0
445,17.07,16.79,17.03,17.43,17.146900000000002,17.11,17.36,17.1588,17.600000381469727,17.5,16.0,15.399999618530273,14.399999618530273,24.206689866180987,15.0
446,17.17,17.1,17.12,17.03,17.1604,17.45,16.72,17.1588,17.600000381469727,17.5,16.0,15.5,14.399999618530273,24.21484545185079,15.0
447,17.06,17.21,17.23,17.23,17.1567,17.22,17.15,17.157,17.600000381469727,17.5,16.0,15.399999618530273,14.399999618530273,24.19830787228994,15.0
448,17.06,17.21,17.23,17.23,17.1507,17.22,17.15,17.153,17.600000381469727,17.5,16.0,15.399999618530273,14.399999618530273,24.19830787228994,15.0
449,16.95,16.89,17.12,16.91,17.139899999999997,17.11,17.46,17.1504,17.600000381469727,17.5,16.0,15.399999618530273,14.399999618530273,24.20691676578768,15.0
450,16.86,17.09,17.33,16.91,17.1449,17.01,16.93,17.140700000000002,17.600000381469727,17.5,16.0,15.5,14.399999618530273,24.109633602756134,15.0
451,16.75,17.01,17.14,17.12,17.131500000000003,17.01,17.05,17.1232,17.600000381469727,17.5,16.0,15.5,14.399999618530273,24.109633602756134,15.0
452,17.27,16.9,17.14,17.33,17.1112,17.33,17.26,17.121000000000002,17.600000381469727,17.5,16.0,15.399999618530273,14.399999618530273,24.215299264173677,15.0
453,17.17,16.99,17.22,17.53,17.1163,17.33,17.03,17.1174,17.600000381469727,17.5,16.0,15.5,14.399999618530273,24.206689866180987,15.0
454,16.96,17.31,17.34,17.22,17.116299999999995,17.22,17.04,17.125999999999998,17.600000381469727,17.5,16.0,15.399999618530273,14.399999618530273,24.1976271958683,15.0
455,16.96,17.31,17.34,17.22,17.135899999999996,17.22,17.04,17.136999999999997,17.600000381469727,17.5,16.0,15.399999618530273,14.399999618530273,24.19808097978471,15.0
456,16.96,17.11,17.13,17.02,17.1276,17.22,17.15,17.1333,17.600000381469727,17.5,16.0,15.399999618530273,14.399999618530273,24.1985347651599,15.0
457,17.37,17.21,17.34,17.42,17.1463,17.22,17.15,17.1505,17.600000381469727,17.5,16.0,15.5,14.399999618530273,24.206689866180987,15.0
458,17.07,17.11,16.93,17.43,17.1465,17.45,17.37,17.1587,17.600000381469727,17.5,16.0,15.399999618530273,14.399999618530273,24.1985347651599,15.0
459,17.17,16.89,17.43,17.33,17.1635,17.11,17.03,17.159,17.600000381469727,17.5,16.0,15.399999618530273,14.399999618530273,24.101932447114066,15.0
460,17.05,17.11,17.03,17.21,17.1556,17.22,17.37,17.1601,17.600000381469727,17.5,16.0,15.399999618530273,14.399999618530273,24.1985347651599,15.0
461,17.27,17.21,17.13,17.23,17.161099999999998,16.89,17.15,17.163199999999996,17.600000381469727,17.5,16.0,15.5,14.399999618530273,24.197854087644163,15.0
462,17.16,17.0,16.92,17.22,17.154799999999998,17.32,17.36,17.1665,17.600000381469727,17.5,16.0,15.399999618530273,14.399999618530273,24.206689866180987,15.0
463,16.96,17.11,17.03,16.92,17.1679,16.89,17.04,17.1663,17.600000381469727,17.5,16.0,15.399999618530273,14.399999618530273,24.19808097978471,15.0
464,17.05,17.09,17.43,17.21,17.1729,17.32,17.14,17.175700000000003,17.600000381469727,17.5,16.0,15.5,14.399999618530273,24.19808097978471,15.0
465,17.26,16.79,17.54,17.12,17.171,17.0,17.25,17.166900000000002,17.600000381469727,17.5,16.0,15.5,14.5,24.1985347651599,15.0
466,16.95,17.1,17.43,17.01,17.1646,16.99,17.25,17.1611,17.600000381469727,17.5,16.0,15.399999618530273,14.399999618530273,24.19808097978471,15.0
467,17.46,16.99,17.11,17.11,17.1626,17.21,17.35,17.1655,17.600000381469727,17.5,16.0,15.399999618530273,14.399999618530273,24.197854087644163,15.0
468,16.85,17.31,17.33,17.22,17.1674,17.22,17.46,17.1788,17.600000381469727,17.5,16.0,15.399999618530273,14.399999618530273,24.19830787228994,15.0
469,17.06,17.0,17.12,17.22,17.1754,17.55,17.14,17.1758,17.600000381469727,17.5,16.0,15.399999618530273,14.399999618530273,24.1985347651599,15.0
470,17.16,16.79,17.13,17.02,17.1694,17.11,17.14,17.169,17.600000381469727,17.5,16.0,15.399999618530273,14.399999618530273,24.1985347651599,15.0
471,16.96,17.11,17.44,17.23,17.16,17.0,17.26,17.157,17.600000381469727,17.5,16.0,15.5,14.399999618530273,24.189926376112524,15.0
472,16.96,17.11,17.44,17.23,17.1616,17.0,17.26,17.1628,17.600000381469727,17.5,16.0,15.399999618530273,14.399999618530273,24.189472604939333,15.0
473,16.95,17.0,17.44,17.32,17.1581,17.44,17.36,17.1657,17.600000381469727,17.5,16.0,15.5,14.399999618530273,24.189926376112524,15.0
474,17.16,16.89,17.23,17.12,17.168900000000004,17.22,17.14,17.1731,17.600000381469727,17.5,16.0,15.399999618530273,14.399999618530273,24.19808097978471,15.0
475,17.37,17.1,17.33,17.12,17.1687,17.22,17.04,17.1737,17.600000381469727,17.5,16.0,15.399999618530273,14.399999618530273,24.1985347651599,15.0
476,17.16,17.2,17.23,17.52,17.1862,17.21,17.25,17.187600000000003,17.600000381469727,17.5,16.0,15.399999618530273,14.399999618530273,24.09241728422787,15.0
477,17.36,16.98,17.1,17.11,17.1839,17.32,16.69,17.177,17.600000381469727,17.5,16.0,15.399999618530273,14.5,24.0842634930291,15.0
478,17.24,17.09,17.43,16.99,17.1795,16.98,17.03,17.1748,17.600000381469727,17.5,16.0,15.399999618530273,14.399999618530273,24.18177225700195,15.0
479,17.16,16.9,17.34,17.32,17.177200000000003,17.55,17.04,17.1823,17.600000381469727,17.5,16.0,15.5,14.399999618530273,24.083583092677365,15.0
480,17.25,17.09,17.22,17.2,17.178700000000003,17.21,17.14,17.178600000000003,17.600000381469727,17.5,16.0,15.399999618530273,14.399999618530273,24.189472604939333,15.0
481,17.05,16.88,17.01,17.31,17.1675,16.99,16.92,17.1617,17.600000381469727,17.5,16.0,15.399999618530273,14.5,24.07633698094873,15.0
482,17.25,17.19,17.32,17.31,17.1586,17.42,17.34,17.1728,17.600000381469727,17.5,16.0,15.5,14.399999618530273,24.18154537760424,15.0
483,17.25,17.19,17.32,17.31,17.1785,17.42,17.34,17.186300000000003,17.600000381469727,17.5,16.0,15.399999618530273,14.399999618530273,24.18154537760424,15.0
484,16.63,16.89,17.12,17.0,17.177500000000002,17.21,17.36,17.1815,17.600000381469727,17.5,16.0,15.399999618530273,14.399999618530273,24.189699490343564,15.0
485,17.14,16.98,17.21,16.99,17.1795,17.09,17.02,17.1746,17.600000381469727,17.5,16.0,15.399999618530273,14.399999618530273,24.190153262246167,15.0
486,17.14,16.98,17.21,16.99,17.1618,17.09,17.02,17.16,17.600000381469727,17.5,16.0,15.5,14.399999618530273,24.190153262246167,15.0
487,17.15,17.4,17.53,17.21,17.1657,17.31,17.35,17.1697,17.600000381469727,17.5,16.0,15.5,14.399999618530273,24.190153262246167,15.0
488,17.05,16.78,17.22,17.1,17.166,17.21,17.13,17.1617,17.600000381469727,17.5,16.0,15.5,14.5,24.19808097978471,15.0
489,17.05,16.78,17.22,17.1,17.154,17.21,17.13,17.1553,17.600000381469727,17.5,16.0,15.399999618530273,14.399999618530273,24.19808097978471,15.0
490,16.95,17.1,17.12,17.22,17.159000000000002,16.99,17.46,17.160500000000003,17.600000381469727,17.5,16.0,15.399999618530273,14.399999618530273,24.19876165839458,15.0
491,17.06,17.0,17.33,17.53,17.169500000000003,17.33,17.14,17.1717,17.600000381469727,17.5,16.0,15.399999618530273,14.399999618530273,24.197854087644163,15.0
492,16.94,17.0,17.33,17.2,17.1646,17.09,17.14,17.1616,17.600000381469727,17.5,16.0,15.5,14.399999618530273,24.197854087644163,15.0
493,17.16,17.1,17.12,17.12,17.1596,17.11,17.14,17.1621,17.600000381469727,17.5,16.0,15.399999618530273,14.399999618530273,24.1976271958683,15.0
494,17.27,17.1,17.12,17.33,17.1721,17.22,17.14,17.1686,17.600000381469727,17.5,16.0,15.399999618530273,14.399999618530273,24.19808097978471,15.0
495,17.15,16.99,17.01,17.11,17.156,16.99,16.92,17.1435,17.600000381469727,17.5,16.0,15.399999618530273,14.399999618530273,24.206689866180987,15.0
496,17.17,16.99,17.01,17.33,17.1333,17.33,16.92,17.1419,17.600000381469727,17.5,16.0,15.399999618530273,14.399999618530273,24.189926376112524,15.0
497,16.85,17.2,17.33,17.22,17.136499999999998,16.99,17.03,17.133699999999997,17.600000381469727,17.5,16.0,15.399999618530273,14.399999618530273,24.206689866180987,15.0
498,17.27,17.11,17.24,17.33,17.141000000000002,17.45,17.15,17.1498,17.600000381469727,17.5,16.0,15.5,14.399999618530273,24.215299264173677,15.0
499,17.07,17.11,17.24,17.23,17.1541,17.45,17.15,17.1532,17.600000381469727,17.5,16.0,15.399999618530273,14.399999618530273,24.20691676578768,15.0
500,16.97,17.12,17.24,17.34,17.1467,16.9,17.16,17.1464,17.600000381469727,17.5,16.0,15.399999618530273,14.399999618530273,24.1985347651599,15.0
501,17.07,16.81,17.14,17.13,17.1411,17.23,17.48,17.1538,17.600000381469727,17.5,16.0,15.399999618530273,14.399999618530273,24.215072357829868,15.0
502,17.28,16.81,17.14,17.24,17.1517,17.13,17.48,17.16,17.600000381469727,17.5,16.0,15.399999618530273,14.399999618530273,24.215072357829868,15.0
503,17.17,17.11,17.13,17.13,17.156399999999998,17.23,17.26,17.157,17.600000381469727,17.5,16.0,15.399999618530273,14.399999618530273,24.223682260362303,15.0
504,16.97,17.01,17.34,17.44,17.1552,17.12,17.26,17.1581,17.600000381469727,17.5,16.0,15.5,14.399999618530273,24.21484545185079,15.0
505,16.97,16.91,17.25,17.13,17.1561,17.34,17.16,17.161099999999998,17.600000381469727,17.5,16.0,15.5,14.399999618530273,24.215072357829868,15.0
506,17.08,17.01,17.25,17.13,17.160800000000002,17.24,17.27,17.1628,17.600000381469727,17.5,16.0,15.399999618530273,14.399999618530273,24.20646296693898,15.0
507,17.08,17.01,17.25,17.13,17.1603,17.24,17.27,17.1679,17.600000381469727,17.5,16.0,15.5,14.399999618530273,24.20646296693898,15.0
508,16.77,17.12,17.14,17.14,17.171400000000002,17.13,17.27,17.174400000000002,17.600000381469727,17.5,16.0,15.399999618530273,14.399999618530273,24.20646296693898,15.0
509,17.06,17.21,17.13,17.12,17.1746,17.22,17.15,17.176000000000002,17.600000381469727,17.5,16.0,15.5,14.399999618530273,24.206236068061738,15.0
510,17.06,17.0,17.12,17.12,17.178600000000003,17.22,17.25,17.1785,17.600000381469727,17.5,16.0,15.399999618530273,14.399999618530273,24.206236068061738,15.0
511,16.96,16.8,17.13,17.02,17.1656,17.0,16.93,17.1577,17.600000381469727,17.5,16.0,15.5,14.399999618530273,24.207143665759098,15.0
512,17.06,16.9,17.23,17.12,17.1488,17.22,17.15,17.1495,17.600000381469727,17.5,16.0,15.399999618530273,14.399999618530273,24.19808097978471,15.0
513,17.06,16.9,17.23,17.12,17.1514,17.22,17.15,17.1573,17.600000381469727,17.5,16.0,15.399999618530273,14.399999618530273,24.19808097978471,15.0
514,17.05,17.09,17.32,17.0,17.1477,16.98,17.35,17.149600000000003,17.600000381469727,17.5,16.0,15.5,14.399999618530273,24.19830787228994,15.0
515,17.15,17.09,17.01,17.21,17.142,17.21,17.24,17.145599999999998,17.600000381469727,17.5,16.0,15.399999618530273,14.399999618530273,24.19830787228994,15.0
516,17.15,17.09,17.01,17.21,17.140400000000003,17.21,17.24,17.1418,17.600000381469727,17.5,16.0,15.399999618530273,14.399999618530273,24.19830787228994,15.0
517,17.05,17.01,17.34,17.11,17.139300000000002,17.21,17.15,17.143900000000002,17.600000381469727,17.5,16.0,15.399999618530273,14.399999618530273,24.20646296693898,15.0
518,17.06,16.89,17.23,17.12,17.1369,17.22,17.03,17.137199999999996,17.600000381469727,17.5,16.0,15.399999618530273,14.5,24.19808097978471,15.0
519,17.06,16.89,17.23,17.12,17.13,17.22,17.03,17.1303,17.600000381469727,17.5,16.0,15.5,14.399999618530273,24.19808097978471,15.0
520,16.74,17.0,17.13,17.21,17.1209,17.11,17.47,17.1308,17.600000381469727,17.5,16.0,15.5,14.399999618530273,24.189699490343564,15.0
521,17.06,16.89,17.22,17.32,17.1277,17.22,17.03,17.1275,17.600000381469727,17.5,16.0,15.399999618530273,14.399999618530273,24.189472604939333,15.0
522,17.15,17.0,17.33,17.0,17.124899999999997,17.21,17.46,17.135299999999997,17.600000381469727,17.5,16.0,15.399999618530273,14.399999618530273,24.189926376112524,15.0
523,16.95,17.2,17.12,17.41,17.1327,17.21,17.14,17.1406,17.600000381469727,17.5,16.0,15.5,14.399999618530273,24.189699490343564,15.0
524,17.15,17.09,17.11,16.9,17.144499999999997,17.21,17.13,17.1482,17.600000381469727,17.5,16.0,15.399999618530273,14.399999618530273,24.189699490343564,15.0
525,17.36,16.78,17.11,17.21,17.1454,17.32,17.02,17.1491,17.600000381469727,17.5,16.0,15.5,14.399999618530273,24.189699490343564,15.0
526,16.84,17.19,17.32,17.1,17.1462,17.09,16.92,17.1418,17.600000381469727,17.5,16.0,15.399999618530273,14.399999618530273,24.181091619902872,15.0
527,16.94,17.09,17.33,17.0,17.1388,16.99,17.35,17.141000000000002,17.600000381469727,17.5,16.0,15.5,14.5,24.189926376112524,15.0
528,16.94,17.09,17.33,17.0,17.135599999999997,16.99,17.35,17.1378,17.600000381469727,17.5,16.0,15.399999618530273,14.399999618530273,24.189926376112524,15.0
529,17.26,17.18,17.31,17.42,17.140500000000003,17.21,17.02,17.14,17.600000381469727,17.5,16.0,15.399999618530273,14.399999618530273,24.189926376112524,15.0
530,17.06,16.99,17.01,17.02,17.133599999999998,17.55,17.13,17.144199999999998,17.600000381469727,17.5,16.0,15.399999618530273,14.5,24.09332451528483,15.0
531,17.06,16.99,17.01,17.02,17.14,17.55,17.13,17.1506,17.600000381469727,17.5,16.0,15.399999618530273,14.399999618530273,24.197854087644163,15.0
532,17.06,16.89,17.23,17.01,17.1475,17.22,17.14,17.1539,17.600000381469727,17.5,16.0,15.399999618530273,14.399999618530273,24.189472604939333,15.0
533,17.06,16.89,17.23,17.01,17.1442,17.22,17.14,17.1465,17.600000381469727,17.5,16.0,15.5,14.399999618530273,24.189472604939333,15.0
534,17.05,17.29,17.53,17.11,17.151300000000003,17.43,17.24,17.1599,17.600000381469727,17.5,16.0,15.399999618530273,14.399999618530273,24.092644091445255,15.0
535,17.04,16.98,17.32,17.0,17.1499,17.09,17.02,17.1453,17.600000381469727,17.5,16.0,15.399999618530273,14.399999618530273,24.092644091445255,15.0
536,17.04,16.98,17.32,17.0,17.1417,17.09,17.02,17.1414,17.600000381469727,17.5,16.0,15.399999618530273,14.399999618530273,24.092644091445255,15.0
537,17.15,16.88,17.22,17.01,17.1372,16.99,17.24,17.137200000000004,17.600000381469727,17.5,16.0,15.399999618530273,14.399999618530273,24.084943896661887,15.0
538,17.24,16.98,17.32,17.3,17.1388,16.98,17.24,17.1387,17.600000381469727,17.5,16.0,15.399999618530273,14.5,24.085170698601946,15.0
539,17.26,17.21,17.23,17.21,17.1476,17.44,17.26,17.158,17.600000381469727,17.5,16.0,15.399999618530273,14.399999618530273,24.085170698601946,15.0
540,17.15,17.21,17.23,17.11,17.1582,17.65,17.26,17.1728,17.600000381469727,17.5,16.0,15.5,14.399999618530273,24.09332451528483,15.0
541,17.16,17.1,17.23,17.32,17.1741,17.33,17.14,17.1718,17.600000381469727,17.5,15.899999618530273,15.5,14.399999618530273,24.1985347651599,15.0
542,17.16,17.1,17.23,17.32,17.175299999999996,17.33,17.14,17.1839,17.600000381469727,17.5,16.0,15.399999618530273,14.399999618530273,24.1985347651599,15.0
543,17.27,17.0,17.23,17.33,17.1786,17.22,17.36,17.1894,17.600000381469727,17.5,16.0,15.5,14.399999618530273,24.1985347651599,15.0
544,17.17,17.0,17.23,17.33,17.1831,16.89,17.15,17.182,17.600000381469727,17.5,16.0,15.399999618530273,14.5,24.093097706973737,15.0
545,17.17,17.0,17.23,17.33,17.182100000000002,16.89,17.15,17.180999999999997,17.600000381469727,17.5,16.0,15.399999618530273,14.5,24.093097706973737,15.0
546,17.16,17.2,17.22,17.11,17.1807,17.21,17.35,17.182100000000002,17.600000381469727,17.5,16.0,15.399999618530273,14.399999618530273,24.189926376112524,15.0
547,17.16,17.1,17.23,17.32,17.1768,17.22,17.04,17.1786,17.600000381469727,17.5,16.0,15.399999618530273,14.399999618530273,24.084490293875486,15.0
548,17.16,17.1,17.23,17.32,17.1845,17.22,17.04,17.186300000000003,17.600000381469727,17.5,15.899999618530273,15.399999618530273,14.5,24.084490293875486,15.0
549,17.16,17.09,17.53,17.32,17.195099999999996,17.22,17.35,17.2039,17.600000381469727,17.5,16.0,15.399999618530273,14.399999618530273,24.189926376112524,15.0
550,17.36,17.1,17.33,17.42,17.2114,17.32,17.25,17.2144,17.600000381469727,17.5,16.0,15.399999618530273,14.399999618530273,24.1985347651599,15.0
551,17.36,17.1,17.33,17.42,17.2221,17.32,17.25,17.2244,17.600000381469727,17.5,16.0,15.399999618530273,14.5,24.1985347651599,15.0
552,16.84,16.88,17.22,17.41,17.2139,17.21,17.13,17.213700000000003,17.600000381469727,17.5,16.0,15.399999618530273,14.5,24.190153262246167,15.0
553,17.16,16.98,17.11,17.22,17.2002,17.1,16.7,17.1881,17.600000381469727,17.5,16.0,15.399999618530273,14.399999618530273,24.197854087644163,15.0
554,17.16,16.98,17.11,17.22,17.1834,17.1,16.7,17.1713,17.600000381469727,17.5,15.899999618530273,15.399999618530273,14.399999618530273,24.197854087644163,15.0
555,17.26,17.1,17.02,17.21,17.1678,17.32,16.92,17.164300000000004,17.600000381469727,17.5,16.0,15.399999618530273,14.5,24.181999136764382,15.0
556,17.15,16.99,17.22,17.11,17.1574,16.99,17.03,17.1505,17.600000381469727,17.5,15.899999618530273,15.399999618530273,14.399999618530273,24.189472604939333,15.0
557,17.15,16.99,17.22,17.11,17.1544,16.99,17.03,17.1475,17.600000381469727,17.5,15.899999618530273,15.399999618530273,14.399999618530273,24.189472604939333,15.0
558,17.04,16.87,17.21,17.1,17.1489,17.31,17.23,17.1528,17.600000381469727,17.5,16.0,15.399999618530273,14.399999618530273,24.189472604939333,15.0
559,17.16,16.89,17.33,17.22,17.147599999999997,17.43,17.25,17.1531,17.600000381469727,17.5,16.0,15.399999618530273,14.399999618530273,24.197400304457204,15.0
560,17.06,17.0,16.92,17.33,17.151,17.33,17.36,17.1567,17.600000381469727,17.5,15.899999618530273,15.399999618530273,14.399999618530273,24.189926376112524,15.0
561,17.14,16.77,17.0,17.3,17.1536,17.09,17.12,17.146800000000002,17.600000381469727,17.5,15.899999618530273,15.399999618530273,14.399999618530273,24.19808097978471,15.0
562,17.36,16.89,17.13,17.21,17.141299999999998,17.1,17.14,17.134,17.600000381469727,17.5,16.0,15.399999618530273,14.399999618530273,24.1985347651599,15.0
563,16.95,17.31,17.23,17.11,17.128600000000002,17.32,17.25,17.1279,17.600000381469727,17.5,15.899999618530273,15.399999618530273,14.399999618530273,24.190380148744495,15.0
564,17.26,17.41,17.23,17.62,17.131700000000002,17.32,17.14,17.137400000000003,17.600000381469727,17.5,15.899999618530273,15.399999618530273,14.399999618530273,24.197854087644163,15.0
565,16.94,17.2,17.44,17.1,17.137400000000003,17.2,17.36,17.1439,17.600000381469727,17.5,15.899999618530273,15.399999618530273,14.5,24.189472604939333,15.0
566,17.26,17.09,17.33,17.01,17.1548,17.1,17.14,17.1549,17.600000381469727,17.5,16.0,15.399999618530273,14.399999618530273,24.189472604939333,15.0
567,17.26,17.0,17.12,17.22,17.1649,17.11,16.82,17.1576,17.600000381469727,17.5,16.0,15.5,14.399999618530273,24.10170563170235,15.0
568,16.95,16.78,16.91,17.11,17.1503,17.22,17.03,17.1506,17.600000381469727,17.5,16.0,15.399999618530273,14.399999618530273,24.190153262246167,15.0
569,17.25,17.0,17.23,17.21,17.1571,16.88,17.14,17.1528,17.600000381469727,17.5,16.0,15.5,14.399999618530273,24.19830787228994,15.0
570,17.15,17.1,17.12,17.1,17.1571,17.43,17.25,17.168499999999998,17.600000381469727,17.5,15.899999618530273,15.399999618530273,14.399999618530273,24.190153262246167,15.0
571,17.15,17.1,17.12,17.1,17.1624,17.43,17.25,17.169999999999998,17.600000381469727,17.5,15.899999618530273,15.399999618530273,14.399999618530273,24.190153262246167,15.0
572,17.02,16.77,17.21,16.88,17.1552,17.19,16.8,17.1519,17.600000381469727,17.5,16.0,15.399999618530273,14.399999618530273,24.181318498571216,15.0
573,17.04,16.87,17.1,17.3,17.141199999999998,17.42,17.12,17.1499,17.600000381469727,17.5,16.0,15.399999618530273,14.399999618530273,24.190153262246167,15.0
574,17.15,16.98,17.31,17.21,17.152200000000004,17.31,17.34,17.1593,17.600000381469727,17.5,15.899999618530273,15.399999618530273,14.399999618530273,24.181318498571216,15.0
575,17.22,17.08,17.11,17.18,17.1604,17.18,16.91,17.156200000000002,17.600000381469727,17.5,15.899999618530273,15.399999618530273,14.399999618530273,24.181999136764382,15.0
576,17.22,17.08,17.11,17.18,17.1507,17.18,16.91,17.137300000000003,17.600000381469727,17.5,15.899999618530273,15.399999618530273,14.399999618530273,24.181999136764382,15.0
577,17.25,16.98,17.0,17.31,17.133499999999998,17.31,17.13,17.1355,17.600000381469727,17.5,15.899999618530273,15.399999618530273,14.399999618530273,24.190833922835324,15.0
578,17.26,17.09,17.42,17.11,17.133100000000002,17.43,17.35,17.1418,17.600000381469727,17.5,16.0,15.399999618530273,14.399999618530273,24.190380148744495,15.0
579,17.26,17.09,17.42,17.11,17.1458,17.43,17.35,17.1554,17.600000381469727,17.5,16.0,15.399999618530273,14.399999618530273,24.190380148744495,15.0
580,17.16,17.3,17.11,17.43,17.166800000000002,17.11,17.56,17.1827,17.600000381469727,17.5,15.899999618530273,15.399999618530273,14.399999618530273,24.09355132396053,15.0
581,16.85,17.2,17.23,17.21,17.1826,16.99,17.04,17.1763,17.600000381469727,17.5,15.899999618530273,15.399999618530273,14.399999618530273,24.085170698601946,15.0
582,17.55,16.87,17.11,17.2,17.183200000000003,17.43,17.13,17.1897,17.600000381469727,17.5,15.899999618530273,15.399999618530273,14.5,24.19944234028694,15.0
583,17.06,16.79,17.23,16.91,17.176000000000002,17.22,17.15,17.178700000000003,17.600000381469727,17.5,16.0,15.5,14.399999618530273,24.092644091445255,15.0
584,17.15,17.11,17.23,17.32,17.1732,17.32,17.04,17.1816,17.600000381469727,17.5,16.0,15.399999618530273,14.399999618530273,24.19876165839458,15.0
585,17.16,17.2,17.43,17.42,17.1939,17.32,17.24,17.201999999999998,17.600000381469727,17.5,15.899999618530273,15.399999618530273,14.399999618530273,24.19876165839458,15.0
586,17.06,17.0,17.23,17.12,17.195300000000003,17.22,16.82,17.1896,17.600000381469727,17.5,16.0,15.399999618530273,14.399999618530273,24.190380148744495,15.0
587,17.26,16.99,17.43,17.31,17.1865,17.43,17.46,17.1984,17.600000381469727,17.5,16.0,15.5,14.399999618530273,24.189926376112524,15.0
588,17.26,16.89,17.02,17.31,17.2014,17.54,17.03,17.206900000000005,17.600000381469727,17.5,16.0,15.399999618530273,14.399999618530273,24.19876165839458,15.0
589,17.25,17.09,17.12,17.21,17.2118,17.1,17.24,17.2132,17.600000381469727,17.5,16.0,15.399999618530273,14.5,24.189926376112524,15.0
590,17.05,16.98,17.53,17.31,17.2131,17.32,17.13,17.2133,17.600000381469727,17.5,16.0,15.5,14.399999618530273,24.190380148744495,15.0
591,17.04,17.09,17.32,17.1,17.2032,16.98,17.45,17.203,17.600000381469727,17.5,16.0,15.399999618530273,14.399999618530273,24.190380148744495,15.0
592,17.25,17.19,17.43,17.31,17.1992,17.54,17.46,17.2092,17.600000381469727,17.5,16.0,15.399999618530273,14.399999618530273,24.190607035607545,15.0
593,17.25,16.78,17.42,17.0,17.2003,17.42,17.24,17.2086,17.600000381469727,17.5,16.0,15.399999618530273,14.399999618530273,24.181999136764382,15.0
594,17.04,17.18,17.42,17.3,17.2174,17.31,17.45,17.2253,17.600000381469727,17.5,16.0,15.399999618530273,14.399999618530273,24.190607035607545,15.0
595,16.93,17.18,17.31,17.1,17.2193,17.31,17.23,17.2302,17.600000381469727,17.5,15.899999618530273,15.399999618530273,14.399999618530273,24.18177225700195,15.0
596,17.15,17.28,17.41,17.21,17.2333,17.43,17.23,17.2384,17.600000381469727,17.5,16.0,15.399999618530273,14.399999618530273,24.18177225700195,15.0
597,16.83,16.87,17.11,17.2,17.231299999999997,16.98,17.55,17.2298,17.600000381469727,17.5,16.0,15.399999618530273,14.399999618530273,24.181999136764382,15.0
598,17.46,16.98,17.0,17.21,17.2251,17.2,17.23,17.229599999999998,17.600000381469727,17.5,16.0,15.399999618530273,14.399999618530273,24.181091619902872,15.0
599,17.14,17.39,17.31,17.2,17.2392,17.2,17.23,17.237899999999996,17.600000381469727,17.5,16.0,15.399999618530273,14.399999618530273,24.18177225700195,15.0
