1,22.55,20.82,20.33,21.26,22.37,20.4,21.17,20.78,23.42,20.21,20.63,20.55,21.240000000000002,21.18,21.2025,21.2075
2,22.55,21.15,20.22,20.46,21.35,20.08,20.44,20.68,22.86,20.1,20.32,20.88,21.095,20.637500000000003,21.04,20.924166666666668
3,22.67,21.27,20.54,20.47,22.59,20.62,20.12,20.14,22.75,20.85,21.13,20.35,21.237499999999997,20.8675,21.270000000000003,21.125
4,23.24,20.14,20.74,20.91,22.57,20.19,19.68,21.0,23.4,20.21,20.61,20.13,21.257499999999997,20.86,21.0875,21.06833333333333
5,21.94,20.01,20.4,20.79,22.78,20.07,20.4,20.98,22.94,19.45,20.08,20.0,20.785,21.0575,20.6175,20.82
6,22.2,20.14,20.55,20.69,22.93,20.19,20.86,20.89,23.2,20.73,20.12,19.91,20.895,21.2175,20.99,21.034166666666664
7,22.43,20.48,20.21,21.25,21.8,20.19,20.02,20.45,22.63,20.52,20.22,20.23,21.0925,20.615000000000002,20.9,20.86916666666667
8,22.54,20.36,20.31,20.35,22.13,19.87,20.1,20.24,22.85,20.42,20.3,20.23,20.89,20.585,20.950000000000003,20.808333333333334
9,21.88,20.29,20.25,20.5,22.51,20.12,20.47,19.73,23.12,20.13,19.95,20.16,20.73,20.7075,20.84,20.75916666666667
10,22.56,20.26,20.0,20.02,22.81,20.2,20.43,21.01,22.97,20.11,20.11,19.92,20.71,21.1125,20.7775,20.86666666666667
11,22.08,20.48,19.99,20.7,22.14,19.77,19.8,20.68,22.19,20.11,20.41,20.77,20.8125,20.597499999999997,20.869999999999997,20.759999999999998
12,21.85,20.49,20.44,20.59,22.37,20.31,20.34,20.25,23.09,20.33,20.13,20.46,20.8425,20.8175,21.002499999999998,20.8875
13,22.46,20.61,20.56,20.26,22.49,19.88,20.34,20.47,22.88,19.9,19.92,20.36,20.9725,20.794999999999998,20.765,20.844166666666666
14,22.8,20.5,20.78,20.6,22.72,20.42,20.46,20.26,23.65,20.43,20.75,20.25,21.17,20.965,21.27,21.135
15,22.09,19.25,20.22,20.14,22.26,19.88,20.65,19.71,22.76,19.79,20.22,19.81,20.425,20.625,20.645,20.564999999999998
16,21.87,20.51,20.25,19.93,21.72,20.33,19.94,20.49,22.11,19.71,20.15,20.48,20.64,20.619999999999997,20.6125,20.624166666666667
17,21.86,20.38,20.11,20.59,21.69,20.21,20.33,20.15,22.98,19.69,20.01,20.14,20.735,20.595,20.705000000000002,20.67833333333333
18,22.21,20.15,20.44,20.25,22.15,19.78,20.24,20.47,22.98,19.8,20.23,20.68,20.7625,20.66,20.9225,20.781666666666666
19,22.44,19.91,20.1,20.35,22.81,19.75,20.53,19.47,23.3,20.3,20.51,19.8,20.700000000000003,20.64,20.9775,20.7725
20,21.98,20.37,20.0,19.91,22.48,20.62,20.33,20.79,23.09,19.89,20.22,20.03,20.565,21.055,20.8075,20.80916666666667
21,22.45,20.39,19.9,20.26,22.27,20.0,20.03,20.38,23.21,19.92,19.61,20.26,20.75,20.669999999999998,20.75,20.723333333333333
22,22.08,20.37,20.22,20.69,22.36,19.55,20.23,20.57,23.41,20.74,19.6,20.67,20.84,20.677500000000002,21.105,20.874166666666667
23,22.19,20.14,19.76,20.58,22.24,19.76,19.58,20.02,23.51,19.78,19.68,19.7,20.6675,20.4,20.6675,20.578333333333333
24,22.31,20.37,19.99,20.13,22.13,19.98,19.79,20.35,23.41,20.0,19.38,20.45,20.7,20.5625,20.81,20.690833333333334
25,22.08,19.69,20.33,19.9,22.36,19.44,20.02,20.24,23.08,19.99,19.81,19.7,20.5,20.514999999999997,20.645,20.55333333333333
26,21.95,19.45,19.65,19.77,22.01,19.86,19.78,19.25,22.95,19.67,19.78,19.58,20.205,20.225,20.495,20.308333333333334
27,21.5,19.82,19.68,20.36,21.58,20.42,20.03,20.04,22.76,19.69,19.92,20.14,20.34,20.5175,20.6275,20.495
28,21.95,20.02,19.87,20.34,22.12,19.64,20.0,19.8,22.4,19.77,19.68,19.25,20.545,20.39,20.275,20.403333333333332
29,22.79,20.03,20.55,20.47,22.25,20.19,19.71,19.92,22.42,19.89,20.53,20.13,20.96,20.5175,20.7425,20.74
30,23.14,19.58,20.22,19.9,22.37,19.87,20.76,20.67,23.2,19.68,20.43,19.91,20.71,20.9175,20.805,20.81083333333333
31,22.66,19.23,20.21,20.0,22.35,20.28,19.48,20.01,23.18,20.08,19.69,19.68,20.525,20.53,20.6575,20.570833333333333
32,22.88,19.9,19.65,20.11,22.68,20.07,20.42,20.55,23.28,19.67,19.79,20.43,20.634999999999998,20.93,20.7925,20.785833333333333
33,22.67,20.14,20.11,20.01,22.36,20.5,20.02,19.91,23.08,19.67,19.6,20.02,20.7325,20.697499999999998,20.5925,20.674166666666668
34,23.24,19.57,20.31,20.23,22.13,19.65,19.79,19.58,22.96,19.88,19.69,20.23,20.837500000000002,20.2875,20.69,20.605
35,21.96,20.25,20.2,20.69,21.9,19.76,19.89,20.35,23.07,19.78,19.99,19.91,20.775,20.475,20.6875,20.645833333333332
36,21.97,20.61,19.9,20.26,21.92,19.36,19.71,19.94,23.31,19.71,19.4,20.05,20.685,20.2325,20.6175,20.511666666666667
37,22.54,20.69,19.22,20.0,22.46,20.08,19.8,19.69,23.07,19.99,19.49,19.37,20.6125,20.5075,20.48,20.533333333333335
38,22.88,20.02,20.09,19.88,22.23,19.96,19.68,20.34,23.06,19.56,19.69,19.9,20.717499999999998,20.5525,20.552500000000002,20.607499999999998
39,23.35,20.03,19.77,20.46,22.91,19.77,19.37,20.14,23.29,20.0,19.59,19.7,20.902500000000003,20.5475,20.645,20.698333333333334
40,22.08,20.14,19.66,20.01,22.13,19.55,19.69,20.03,22.63,20.11,19.17,19.7,20.4725,20.35,20.4025,20.408333333333335
41,22.09,20.26,20.54,20.02,22.03,19.87,20.02,20.25,22.64,20.21,19.91,20.35,20.7275,20.5425,20.777500000000003,20.6825
42,21.85,20.59,19.45,20.69,22.36,20.19,20.01,20.24,23.08,19.57,19.59,19.59,20.645,20.7,20.4575,20.60083333333333
43,22.65,19.67,19.86,19.76,21.89,19.2,19.46,19.89,22.61,19.12,19.47,19.35,20.485,20.11,20.137500000000003,20.24416666666667
44,21.83,19.79,19.76,20.34,21.67,19.75,19.89,20.12,22.4,20.2,19.47,20.01,20.43,20.3575,20.52,20.435833333333335
45,22.44,20.04,19.79,20.02,22.14,19.56,20.23,20.47,23.2,19.9,19.4,19.93,20.5725,20.6,20.607499999999998,20.593333333333334
46,22.3,19.68,20.1,19.78,21.56,19.65,19.9,20.02,23.07,19.67,19.59,19.48,20.465000000000003,20.2825,20.4525,20.400000000000002
47,22.2,20.14,19.45,20.47,21.57,19.55,19.37,19.7,22.97,19.04,19.59,20.13,20.565,20.047500000000003,20.432499999999997,20.348333333333333
48,22.54,19.8,20.21,20.12,22.47,19.54,20.01,19.8,23.07,19.45,20.01,19.79,20.6675,20.455,20.58,20.5675
49,22.05,19.21,19.42,19.98,21.54,19.41,19.03,19.67,23.16,20.07,19.15,19.99,20.165000000000003,19.9125,20.5925,20.223333333333333
50,22.2,19.46,19.88,20.68,22.02,19.43,20.32,19.8,22.74,19.56,19.17,19.15,20.555,20.392500000000002,20.155,20.367500000000003
51,23.13,19.92,20.21,19.78,22.36,20.19,20.43,19.81,22.52,19.25,20.11,19.59,20.759999999999998,20.697499999999998,20.3675,20.60833333333333
52,21.83,19.68,19.87,20.11,22.23,19.32,19.78,19.24,23.06,19.55,20.3,19.68,20.3725,20.1425,20.6475,20.3875
53,22.33,20.38,19.68,20.48,22.04,19.88,19.28,20.36,22.76,19.58,19.4,19.92,20.717499999999998,20.39,20.415,20.5075
54,22.09,19.58,20.11,20.36,22.48,19.44,20.22,20.24,22.42,19.89,19.9,19.59,20.535,20.595,20.45,20.526666666666667
55,21.97,19.82,19.56,19.8,22.14,19.88,19.91,19.6,22.08,19.8,19.91,19.93,20.287499999999998,20.3825,20.43,20.366666666666667
56,22.21,19.82,19.57,20.48,21.47,19.46,19.28,20.58,23.75,20.44,19.39,20.25,20.52,20.197499999999998,20.9575,20.558333333333334
57,22.43,20.15,20.0,20.47,22.81,20.2,19.71,20.36,22.53,20.11,19.71,20.03,20.7625,20.77,20.595,20.709166666666665
58,22.21,20.05,20.12,20.25,22.15,19.99,20.45,19.82,22.98,20.33,19.82,19.61,20.657500000000002,20.6025,20.685000000000002,20.648333333333337
59,22.44,20.93,21.19,20.81,22.59,20.3,19.71,20.03,22.98,19.58,20.02,20.46,21.3425,20.6575,20.759999999999998,20.919999999999998
60,21.61,20.37,20.43,20.47,21.91,20.3,20.44,20.35,22.64,20.32,19.81,19.81,20.72,20.75,20.645,20.705
61,22.09,20.49,20.54,20.03,22.03,20.1,20.33,20.58,22.76,20.22,20.32,19.82,20.7875,20.759999999999998,20.78,20.775833333333335
62,22.21,20.16,19.79,20.37,22.71,20.31,19.82,20.36,22.98,20.01,19.92,20.14,20.6325,20.799999999999997,20.762500000000003,20.731666666666666
63,22.69,21.07,20.36,20.39,21.72,20.33,20.15,20.92,22.67,20.56,20.15,19.95,21.1275,20.78,20.8325,20.91333333333333
64,22.76,20.69,19.43,20.45,22.12,20.07,20.0,20.33,22.95,20.19,19.79,20.11,20.8325,20.63,20.759999999999998,20.74083333333333
65,22.43,20.59,20.32,20.58,22.69,20.2,20.01,20.68,22.63,20.53,20.11,20.46,20.979999999999997,20.895000000000003,20.932499999999997,20.93583333333333
66,21.37,20.92,20.55,20.46,22.14,20.29,20.55,20.13,23.08,20.51,20.13,20.65,20.825000000000003,20.7775,21.0925,20.898333333333337
67,21.48,20.12,20.29,20.22,22.34,19.95,19.45,20.32,22.28,20.07,19.56,19.99,20.5275,20.515,20.474999999999998,20.50583333333333
68,22.57,19.95,20.78,20.49,22.72,20.75,20.15,19.95,22.99,20.24,20.24,19.94,20.947499999999998,20.8925,20.8525,20.897499999999997
69,22.42,20.02,20.11,20.45,22.24,19.85,20.12,20.23,22.74,19.98,20.02,19.68,20.75,20.610000000000003,20.604999999999997,20.654999999999998
70,22.79,20.04,20.55,20.59,23.15,20.41,19.82,19.92,23.2,20.21,20.64,20.56,20.9925,20.825000000000003,21.1525,20.99
71,22.42,20.24,19.99,20.23,22.02,19.64,20.74,20.01,22.29,20.4,20.52,20.43,20.72,20.6025,20.909999999999997,20.744166666666665
72,22.3,20.02,20.41,21.13,22.23,20.39,19.57,20.12,22.62,20.09,20.09,20.65,20.965,20.5775,20.862499999999997,20.801666666666666
73,22.32,21.15,20.64,20.69,22.58,20.3,19.9,20.03,22.86,21.26,20.0,19.49,21.2,20.7025,20.9025,20.935000000000002
74,22.79,20.25,20.64,20.92,22.92,19.97,19.9,20.13,22.64,20.31,20.31,20.66,21.15,20.73,20.98,20.953333333333333
75,22.66,20.7,20.32,20.46,22.14,20.29,20.33,20.24,22.64,19.88,20.53,19.91,21.035,20.75,20.74,20.841666666666665
76,21.81,20.44,20.29,21.33,22.22,20.04,19.77,20.52,23.16,20.48,20.6,20.4,20.9675,20.6375,21.160000000000004,20.92166666666667
77,22.32,20.81,20.43,20.58,22.14,20.4,20.74,20.24,23.08,20.2,20.82,20.34,21.034999999999997,20.88,21.11,21.00833333333333
78,21.75,20.61,20.56,20.71,21.93,20.63,20.56,20.58,22.55,20.64,20.14,20.57,20.9075,20.925,20.975,20.93583333333333
79,22.07,20.14,20.31,20.46,22.13,20.62,20.52,20.24,23.29,20.52,20.81,20.45,20.744999999999997,20.877499999999998,21.267500000000002,20.963333333333335
80,22.67,20.49,20.22,20.81,22.25,20.63,20.23,21.01,22.64,20.22,20.02,20.57,21.0475,21.03,20.862499999999997,20.98
81,23.14,20.61,20.77,20.71,22.93,20.21,20.55,20.37,23.64,20.65,20.64,20.47,21.307499999999997,21.015,21.35,21.224166666666665
82,22.32,20.48,20.54,20.47,22.36,20.61,20.33,19.81,23.41,20.31,21.03,20.02,20.9525,20.7775,21.1925,20.974166666666665
83,22.42,20.69,20.63,20.57,22.46,20.29,20.1,20.78,22.96,20.41,20.09,20.23,21.0775,20.9075,20.922500000000003,20.969166666666666
84,22.67,20.37,20.53,20.02,22.36,20.31,20.22,20.14,22.97,21.06,20.21,20.78,20.8975,20.7575,21.255000000000003,20.970000000000002
85,22.08,21.26,19.88,20.58,22.47,20.83,20.11,20.79,22.63,20.32,20.21,20.45,20.95,21.049999999999997,20.9025,20.9675
86,22.66,20.82,20.65,20.92,22.47,20.73,20.23,20.79,22.97,20.21,20.53,20.77,21.2625,21.055,21.12,21.145833333333332
87,22.69,20.49,20.45,21.27,22.83,21.05,20.88,20.69,22.77,20.22,20.86,20.03,21.224999999999998,21.362499999999997,20.97,21.18583333333333
88,22.54,20.7,20.2,20.8,22.01,20.51,20.42,20.67,23.62,20.1,20.51,20.02,21.06,20.902500000000003,21.0625,21.008333333333336
89,22.32,20.71,20.44,20.48,22.36,20.53,20.23,20.69,22.86,20.33,20.22,21.1,20.9875,20.9525,21.127499999999998,21.022499999999997
90,22.77,20.24,20.08,20.79,22.9,20.49,20.41,21.19,23.61,20.39,20.39,20.21,20.97,21.2475,21.15,21.1225
91,22.1,21.06,21.2,21.05,22.38,20.53,20.24,20.48,23.21,20.33,20.74,20.47,21.3525,20.9075,21.1875,21.149166666666666
92,21.61,20.59,20.1,20.69,21.58,20.29,19.69,20.46,22.64,20.52,20.42,20.02,20.747500000000002,20.505000000000003,20.9,20.7175
93,22.77,20.81,20.32,21.02,22.46,20.18,20.43,20.34,22.96,20.73,20.41,20.76,21.23,20.8525,21.215,21.099166666666665
94,22.66,20.36,20.65,20.8,22.58,20.49,20.85,20.66,23.63,20.08,20.32,20.43,21.1175,21.145,21.115000000000002,21.125833333333336
95,22.45,20.83,20.55,21.04,22.48,20.31,20.55,20.47,22.31,20.43,20.73,20.25,21.2175,20.9525,20.93,21.033333333333335
96,23.47,20.81,20.2,20.35,22.12,20.61,20.52,20.45,23.51,20.31,20.09,20.66,21.207500000000003,20.925,21.1425,21.09166666666667
97,22.2,20.48,20.32,20.92,22.25,19.87,20.32,20.35,23.19,20.2,20.21,20.02,20.98,20.6975,20.905,20.860833333333336
98,22.43,21.03,20.2,21.02,22.58,20.18,20.31,20.67,22.85,20.2,20.5,20.44,21.169999999999998,20.935,20.9975,21.034166666666664
99,22.06,20.11,20.4,20.55,22.22,20.05,20.61,20.1,23.05,19.96,20.39,20.42,20.78,20.744999999999997,20.955000000000002,20.826666666666668
100,21.96,20.36,20.33,20.35,21.91,19.97,20.44,20.67,22.53,20.09,20.32,20.12,20.75,20.7475,20.765,20.754166666666666
101,22.32,20.72,20.98,20.82,22.48,20.63,20.66,20.58,22.76,20.43,21.25,20.57,21.21,21.0875,21.252499999999998,21.183333333333334
102,23.24,20.14,20.21,20.8,22.8,20.3,19.8,19.91,23.52,20.42,20.52,20.34,21.0975,20.7025,21.2,21.0
103,22.06,20.8,20.41,20.9,22.45,20.5,20.0,20.45,22.95,20.51,21.12,20.65,21.042499999999997,20.85,21.307499999999997,21.066666666666666
104,22.17,20.35,20.18,20.67,22.55,20.07,20.39,20.23,22.94,19.88,20.38,20.65,20.8425,20.810000000000002,20.9625,20.871666666666666
105,22.55,20.58,20.11,20.01,21.91,20.29,19.91,20.13,23.19,20.51,20.11,20.23,20.8125,20.56,21.01,20.79416666666667
106,22.08,20.94,20.66,20.37,22.59,20.1,20.44,20.47,22.75,20.22,20.12,19.93,21.0125,20.9,20.755000000000003,20.889166666666664
107,22.53,20.0,20.52,20.33,22.0,20.37,20.73,20.54,23.17,19.97,20.3,20.85,20.845,20.910000000000004,21.072499999999998,20.9425
108,22.21,20.84,20.22,20.49,21.58,20.44,20.12,20.92,22.64,20.87,20.01,20.27,20.939999999999998,20.765,20.9475,20.88416666666667
109,21.84,20.7,20.21,20.35,22.47,20.19,20.43,20.24,22.86,19.89,20.73,19.91,20.775,20.8325,20.8475,20.81833333333333
110,23.14,19.92,20.44,20.24,22.25,20.08,20.86,20.99,22.97,19.99,20.74,20.23,20.935,21.044999999999998,20.982499999999998,20.987499999999997
111,22.3,20.13,20.3,21.13,21.89,20.6,19.78,20.55,23.17,20.3,19.88,20.65,20.965,20.705000000000002,21.0,20.89
112,22.33,20.15,19.9,20.81,21.81,20.3,19.7,20.14,22.65,20.21,20.12,20.03,20.7975,20.4875,20.7525,20.679166666666664
113,22.9,20.04,20.33,21.26,22.81,20.2,20.23,20.9,22.97,20.01,20.74,20.35,21.1325,21.034999999999997,21.0175,21.061666666666664
114,22.3,20.47,20.1,20.46,22.24,20.08,19.69,20.02,22.29,20.2,20.11,20.34,20.8325,20.507499999999997,20.735,20.691666666666666
115,22.2,20.15,20.75,19.79,22.36,20.51,20.12,20.13,22.53,19.78,20.11,20.13,20.722499999999997,20.78,20.6375,20.713333333333335
116,22.21,20.38,20.44,20.37,21.7,19.99,20.55,20.15,23.2,20.54,20.44,20.04,20.85,20.597499999999997,21.055,20.834166666666665
117,22.3,20.13,20.42,20.11,22.24,19.53,19.9,19.46,22.96,20.19,20.21,20.11,20.740000000000002,20.2825,20.8675,20.63
118,22.67,20.26,20.11,20.13,22.03,20.3,20.22,19.92,23.3,19.78,20.31,19.7,20.7925,20.6175,20.7725,20.7275
119,23.13,20.15,20.33,20.47,22.48,20.41,20.44,19.82,23.19,20.43,20.12,20.35,21.02,20.7875,21.0225,20.943333333333335
120,22.55,20.36,20.11,20.8,22.02,20.07,20.02,20.23,22.86,20.41,19.81,20.01,20.955,20.585,20.7725,20.770833333333332
121,22.56,19.92,20.01,20.7,22.26,19.55,20.45,20.03,23.53,19.89,19.82,20.13,20.797500000000003,20.5725,20.8425,20.7375
122,21.83,19.89,19.53,19.99,21.67,19.09,19.45,20.21,22.5,19.22,19.35,19.56,20.31,20.105000000000004,20.1575,20.190833333333334
123,22.44,20.37,20.21,20.92,21.46,19.77,19.59,20.03,22.97,20.11,19.8,19.82,20.985,20.212500000000002,20.674999999999997,20.624166666666667
124,22.43,19.46,20.32,20.01,23.03,19.54,19.81,20.13,22.3,19.99,20.63,19.69,20.555,20.627499999999998,20.6525,20.611666666666665
125,22.42,20.03,20.21,19.78,22.13,19.98,19.7,20.35,23.07,20.21,20.11,19.91,20.61,20.54,20.825,20.65833333333333
126,22.32,19.92,20.43,19.56,22.37,19.98,19.91,19.81,22.97,19.68,19.7,20.24,20.5575,20.517500000000002,20.647499999999997,20.574166666666667
127,22.2,19.7,19.89,20.47,21.8,19.98,20.23,20.25,22.97,20.32,20.32,20.24,20.564999999999998,20.565,20.9625,20.697499999999998
128,22.22,19.84,19.91,20.16,22.05,19.47,19.94,20.38,23.32,19.07,19.83,20.27,20.5325,20.459999999999997,20.6225,20.53833333333333
129,22.09,20.15,20.22,19.8,22.59,19.88,19.81,19.82,22.98,20.54,20.23,19.82,20.564999999999998,20.525,20.8925,20.660833333333333
130,22.08,19.47,20.43,19.9,22.14,19.98,19.81,19.92,23.19,20.0,20.12,19.05,20.47,20.462500000000002,20.59,20.507500000000004
131,22.23,19.95,20.03,19.93,22.17,20.0,19.41,19.62,22.22,19.81,20.03,19.72,20.535,20.3,20.445,20.426666666666666
132,21.99,20.63,20.03,20.39,22.39,19.7,19.94,20.39,22.44,20.68,19.84,20.49,20.759999999999998,20.605,20.8625,20.742499999999996
133,22.09,20.37,20.12,20.47,22.04,19.87,19.71,19.38,22.76,19.36,19.82,19.92,20.7625,20.25,20.465000000000003,20.492500000000003
134,22.31,19.34,19.77,20.12,22.35,18.89,19.9,20.34,22.85,19.45,19.58,20.22,20.385,20.37,20.525,20.426666666666666
135,22.78,19.91,20.1,19.89,22.58,19.86,20.01,19.8,23.18,19.56,20.11,20.01,20.67,20.5625,20.715,20.64916666666667
136,22.67,19.8,19.89,20.01,22.58,19.43,19.69,20.23,23.41,19.45,19.49,19.9,20.5925,20.4825,20.5625,20.545833333333334
137,22.21,19.37,20.45,19.8,22.15,19.89,19.82,19.94,22.87,19.91,20.24,19.72,20.4575,20.45,20.685,20.530833333333334
138,22.43,20.36,20.54,19.66,21.79,19.64,20.22,19.58,22.74,19.77,19.49,19.47,20.7475,20.307499999999997,20.3675,20.474166666666665
139,22.2,20.26,19.79,20.47,22.48,20.2,19.92,20.03,22.86,20.32,19.61,20.25,20.68,20.6575,20.759999999999998,20.699166666666667
140,22.46,19.83,19.36,20.71,22.16,19.67,20.14,20.15,23.32,19.7,19.72,19.29,20.59,20.53,20.5075,20.5425
141,22.44,20.03,20.01,19.79,21.81,20.4,20.02,20.13,23.09,20.1,19.51,20.13,20.567500000000003,20.589999999999996,20.7075,20.621666666666666
142,21.97,20.14,19.56,19.9,21.91,19.55,19.48,19.48,22.3,20.2,19.39,19.05,20.3925,20.105,20.235,20.24416666666667
143,22.1,20.28,19.69,20.15,22.05,19.79,19.72,19.72,22.55,19.49,19.51,19.72,20.555,20.32,20.3175,20.397499999999997
144,22.32,20.25,19.89,20.24,22.25,19.76,20.01,19.7,22.52,20.2,19.9,19.37,20.675,20.430000000000003,20.4975,20.534166666666668
145,22.2,19.58,19.67,19.68,22.14,19.66,19.91,20.14,22.97,19.04,20.11,19.49,20.2825,20.4625,20.4025,20.382499999999997
146,22.43,19.81,20.11,19.9,22.36,20.51,20.34,19.91,23.19,19.99,20.33,19.37,20.5625,20.78,20.72,20.6875
147,22.54,19.12,19.55,20.35,21.79,18.9,19.79,19.8,22.85,19.46,19.48,20.12,20.39,20.07,20.477500000000003,20.3125
148,21.84,20.25,19.55,20.23,21.79,19.65,20.21,20.77,22.29,20.41,19.79,19.47,20.4675,20.605,20.490000000000002,20.520833333333336
149,22.21,20.27,19.36,20.6,22.15,20.32,20.14,20.05,22.87,20.02,20.13,19.72,20.61,20.665,20.685,20.653333333333332
150,22.09,20.26,20.01,19.91,22.03,19.77,20.45,20.25,22.64,20.1,19.82,19.49,20.5675,20.625,20.5125,20.56833333333333
151,22.54,19.24,19.89,20.12,22.81,19.87,20.23,19.59,22.74,19.79,19.81,19.7,20.4475,20.625,20.51,20.527500000000003
152,22.79,19.93,20.0,20.36,22.14,19.98,20.12,20.14,22.86,20.11,19.81,19.81,20.77,20.595000000000002,20.6475,20.670833333333334
153,22.68,19.93,19.35,20.59,22.71,19.77,20.34,20.04,22.76,19.9,19.71,19.92,20.6375,20.715000000000003,20.572499999999998,20.64166666666667
154,21.6,20.14,19.67,20.35,22.13,19.76,20.43,19.59,22.85,20.31,20.01,19.16,20.44,20.4775,20.5825,20.5
155,22.7,19.84,19.92,20.84,22.39,20.34,19.72,20.28,23.22,20.67,19.83,20.17,20.825,20.6825,20.9725,20.826666666666668
156,22.31,19.57,19.99,20.12,22.02,19.97,20.32,19.8,23.07,20.09,19.59,19.9,20.4975,20.5275,20.6625,20.5625
157,22.91,19.82,20.43,19.8,22.37,20.09,20.22,20.47,23.08,20.11,19.7,19.06,20.740000000000002,20.7875,20.4875,20.671666666666667
158,22.46,20.72,20.03,20.14,21.94,20.53,19.94,20.15,23.0,20.01,20.04,19.61,20.8375,20.64,20.665,20.714166666666667
159,22.68,20.03,20.44,20.58,21.92,19.87,20.24,20.24,23.31,20.0,20.03,20.23,20.9325,20.5675,20.892500000000002,20.7975
160,21.84,20.03,20.2,20.36,22.57,20.4,19.58,19.48,23.07,19.89,19.68,20.02,20.6075,20.5075,20.665,20.593333333333334
161,22.56,19.68,20.54,19.66,21.69,19.64,20.12,19.57,22.86,19.45,20.21,20.0,20.61,20.255000000000003,20.630000000000003,20.498333333333335
162,22.42,20.6,20.31,20.71,22.69,20.31,20.0,20.25,23.4,20.22,20.09,20.35,21.009999999999998,20.8125,21.015,20.945833333333333
163,22.58,20.35,20.78,20.45,22.5,19.64,20.45,20.44,23.1,19.66,20.44,19.9,21.04,20.7575,20.775,20.857499999999998
164,22.32,20.14,20.21,20.35,22.47,19.86,20.11,19.59,22.86,20.52,20.41,19.8,20.755000000000003,20.5075,20.897499999999997,20.72
165,22.54,20.6,20.75,20.25,22.13,20.63,20.01,20.25,23.07,20.53,20.21,20.35,21.035,20.755,21.04,20.94333333333333
166,22.2,20.02,20.54,19.78,22.25,19.87,20.34,19.69,22.86,20.52,20.43,19.8,20.634999999999998,20.5375,20.9025,20.691666666666666
167,22.64,20.14,20.41,20.12,22.45,20.3,20.42,19.91,23.17,20.0,20.3,20.45,20.8275,20.77,20.98,20.859166666666667
168,22.32,20.49,20.43,20.36,22.36,19.88,20.11,20.68,22.75,20.0,20.31,20.35,20.9,20.7575,20.8525,20.836666666666666
169,22.54,20.82,20.54,20.47,22.13,20.2,20.12,20.47,22.97,20.64,20.42,20.14,21.0925,20.73,21.0425,20.955000000000002
170,22.31,20.14,20.1,20.81,22.36,20.61,20.01,20.57,23.19,19.99,20.0,20.55,20.84,20.887500000000003,20.9325,20.88666666666667
171,22.67,20.71,20.87,20.47,23.04,20.09,20.97,20.68,22.98,20.64,20.23,20.03,21.18,21.195,20.970000000000002,21.115
172,22.44,20.14,20.77,20.58,22.26,20.19,20.14,19.59,22.76,19.89,20.23,19.81,20.982499999999998,20.545,20.672500000000003,20.733333333333334
173,23.12,20.25,20.74,20.01,23.02,20.71,20.73,20.45,23.4,19.99,20.71,20.01,21.03,21.227500000000003,21.0275,21.095000000000002
174,21.85,20.37,20.1,21.14,22.03,20.4,20.12,20.13,22.64,20.31,20.52,20.34,20.865000000000002,20.669999999999998,20.9525,20.829166666666666
175,22.53,21.26,20.52,21.15,22.34,20.51,19.78,20.35,23.39,20.95,20.19,20.35,21.365000000000002,20.745,21.22,21.11
176,22.31,20.82,20.42,20.7,22.36,20.19,20.11,20.24,23.3,19.89,20.2,20.34,21.0625,20.724999999999998,20.9325,20.906666666666666
177,22.54,20.8,20.63,20.9,23.13,20.7,20.42,20.77,23.18,20.08,20.61,20.0,21.2175,21.255,20.9675,21.146666666666665
178,22.66,20.6,20.75,20.93,22.69,20.73,20.43,21.54,23.18,20.11,20.62,20.89,21.235,21.3475,21.2,21.260833333333334
179,21.95,20.81,19.67,21.03,22.35,20.4,20.22,20.35,22.63,20.52,19.91,20.24,20.865000000000002,20.83,20.825,20.84
180,23.0,20.58,20.19,20.23,22.12,20.5,19.99,20.45,23.17,20.3,20.29,20.12,21.0,20.765,20.97,20.911666666666665
181,23.12,20.24,20.32,21.01,22.13,20.39,20.74,20.77,23.29,20.51,20.83,20.22,21.1725,21.007499999999997,21.2125,21.13083333333333
182,22.3,20.69,20.42,20.56,22.79,20.18,20.84,20.88,23.62,20.41,20.41,20.54,20.9925,21.1725,21.244999999999997,21.136666666666667
183,22.53,20.94,20.2,20.59,22.91,20.42,20.32,20.15,23.73,20.54,20.31,20.36,21.065,20.95,21.235,21.083333333333332
184,22.75,20.6,20.31,21.26,22.67,20.95,20.53,20.9,23.39,20.12,20.72,20.67,21.23,21.262500000000003,21.225,21.23916666666667
185,22.56,20.7,20.75,20.8,22.36,21.03,19.79,20.45,23.08,21.03,20.1,20.44,21.202499999999997,20.9075,21.1625,21.090833333333332
186,22.2,20.37,20.86,21.15,22.59,20.19,19.8,20.03,23.08,20.63,20.62,20.45,21.145,20.6525,21.195,20.9975
187,22.43,20.58,20.1,20.34,22.13,20.7,20.21,20.23,22.85,20.4,20.72,20.43,20.8625,20.8175,21.1,20.926666666666666
188,23.02,20.38,20.54,20.82,23.48,20.74,20.44,21.01,23.74,20.86,20.94,20.89,21.189999999999998,21.4175,21.607499999999998,21.405
189,23.14,21.04,20.77,20.8,22.6,20.08,20.55,20.24,22.98,20.31,20.74,20.24,21.4375,20.8675,21.0675,21.124166666666667
190,22.32,20.71,20.21,20.7,22.47,20.51,20.64,20.36,22.86,20.74,20.21,20.35,20.985,20.995,21.04,21.006666666666668
191,22.8,20.83,20.78,20.94,22.71,20.32,20.04,20.59,22.77,20.23,20.75,20.47,21.3375,20.915,21.055,21.1025
192,21.96,20.7,20.76,20.58,22.25,20.83,20.65,20.35,22.64,20.74,20.43,20.24,21.0,21.02,21.0125,21.010833333333334
193,22.56,20.01,19.57,20.34,22.48,20.28,20.23,20.77,22.76,19.98,20.12,19.79,20.62,20.94,20.6625,20.740833333333335
194,22.21,20.49,20.11,20.59,21.92,19.88,19.91,20.58,22.87,20.95,20.53,20.35,20.85,20.572499999999998,21.174999999999997,20.86583333333333
195,22.67,20.49,20.65,19.91,22.47,20.2,20.44,20.14,23.52,20.22,20.73,20.89,20.93,20.8125,21.34,21.0275
196,22.33,20.8,20.45,20.57,22.15,20.61,20.76,20.45,22.98,20.41,20.44,20.23,21.0375,20.9925,21.015,21.015
197,22.77,20.02,20.98,20.91,22.47,20.4,20.65,20.78,23.3,20.52,20.02,20.66,21.169999999999998,21.075,21.125,21.12333333333333
198,23.03,20.04,20.65,20.14,22.48,20.2,20.12,19.81,23.31,19.9,20.73,20.13,20.965,20.6525,21.0175,20.878333333333334
199,22.33,20.27,20.55,20.26,22.15,20.84,19.92,20.8,22.87,19.8,20.53,20.57,20.8525,20.9275,20.942500000000003,20.907500000000002
200,21.95,20.6,20.43,20.7,22.58,20.84,20.33,19.93,22.63,20.43,20.11,20.14,20.919999999999998,20.92,20.8275,20.889166666666668
201,22.31,20.93,20.09,20.59,22.01,19.98,20.1,20.03,22.85,20.84,19.79,19.81,20.98,20.53,20.822499999999998,20.7775
202,22.45,20.37,19.92,20.36,22.5,20.41,20.04,20.14,23.44,20.01,19.83,20.25,20.775,20.7725,20.8825,20.81
203,22.45,20.39,20.01,20.38,22.27,20.32,19.82,20.37,22.87,20.12,19.92,20.15,20.8075,20.695,20.765,20.75583333333333
204,22.79,20.15,20.77,20.59,22.93,20.31,20.24,20.25,23.42,19.79,20.44,20.14,21.075,20.932499999999997,20.9475,20.985
205,22.55,20.28,20.33,20.26,22.36,19.89,20.23,19.94,23.08,20.44,20.53,19.94,20.855,20.605,20.9975,20.819166666666664
206,23.03,19.61,20.43,19.82,22.82,20.21,20.43,19.29,22.76,19.7,20.31,19.51,20.7225,20.6875,20.57,20.66
207,22.31,20.15,20.43,20.13,22.36,20.41,19.7,20.57,23.08,19.79,20.11,20.46,20.755,20.759999999999998,20.86,20.791666666666668
208,22.1,20.6,20.55,20.48,22.26,19.88,20.76,20.14,22.76,20.53,20.22,20.35,20.9325,20.76,20.965000000000003,20.885833333333334
209,21.65,20.37,19.8,20.02,21.94,19.98,19.61,20.35,22.89,19.89,20.02,20.02,20.459999999999997,20.47,20.705,20.544999999999998
210,22.23,20.51,20.03,20.72,22.06,20.22,20.05,19.84,22.78,20.03,20.15,19.84,20.872500000000002,20.5425,20.7,20.705000000000002
211,22.91,20.16,20.13,20.71,23.05,19.79,19.82,20.37,22.76,20.23,20.54,20.15,20.9775,20.7575,20.92,20.885
212,21.98,19.95,20.67,20.61,22.05,20.66,19.52,20.71,22.77,19.72,19.63,20.28,20.802500000000002,20.735,20.599999999999998,20.712500000000002
213,21.99,20.73,20.23,20.26,22.16,20.43,20.14,20.16,22.77,20.34,20.02,20.48,20.802500000000002,20.7225,20.9025,20.80916666666667
214,21.98,20.16,20.01,20.15,21.7,19.89,20.13,19.94,22.43,19.92,20.12,20.26,20.575000000000003,20.415,20.6825,20.5575
215,21.74,20.39,20.23,20.37,22.26,20.11,20.44,20.15,22.32,20.02,20.12,20.15,20.6825,20.740000000000002,20.652500000000003,20.691666666666666
216,22.1,20.27,19.9,20.37,21.93,19.88,19.49,20.25,22.2,19.79,19.18,20.03,20.66,20.3875,20.299999999999997,20.449166666666667
217,21.61,19.82,19.89,20.36,22.25,19.68,19.49,20.58,22.64,19.8,19.91,20.04,20.42,20.5,20.597499999999997,20.50583333333333
218,21.73,19.58,19.56,20.47,22.02,19.65,19.16,20.46,22.41,19.89,19.49,19.59,20.335,20.322499999999998,20.345,20.334166666666665
219,21.86,19.47,19.58,19.79,22.82,19.87,20.24,19.48,22.87,19.89,19.93,19.91,20.174999999999997,20.6025,20.650000000000002,20.47583333333333
220,22.09,20.15,19.89,20.25,22.25,19.99,19.8,20.69,22.97,19.8,20.01,20.03,20.595,20.682499999999997,20.7025,20.66
221,21.97,19.69,19.67,20.13,22.47,19.76,19.9,20.13,22.53,19.57,20.11,20.23,20.365,20.565,20.61,20.513333333333332
222,22.68,20.16,20.45,20.48,22.71,20.0,20.03,20.26,23.2,19.7,19.93,19.93,20.942500000000003,20.75,20.689999999999998,20.794166666666666
223,22.12,20.06,19.81,19.82,22.28,20.01,19.62,19.95,22.23,19.92,20.04,19.62,20.4525,20.465000000000003,20.4525,20.456666666666667
224,22.23,20.18,19.93,20.16,22.06,19.59,20.05,19.96,22.11,20.25,19.64,19.85,20.625,20.415,20.4625,20.500833333333333
225,21.97,19.48,19.69,20.59,22.37,20.31,19.92,20.25,23.31,19.69,20.13,19.6,20.4325,20.7125,20.682499999999997,20.609166666666663
226,22.56,19.59,20.22,20.14,22.26,19.88,19.91,19.27,23.31,20.32,19.91,19.6,20.627499999999998,20.33,20.784999999999997,20.58083333333333
227,22.32,20.27,20.12,20.25,22.37,20.21,19.71,19.49,22.76,20.12,19.41,20.25,20.740000000000002,20.445,20.635,20.60666666666667
228,22.1,19.83,19.8,20.38,21.26,19.9,19.71,19.73,22.21,20.03,19.51,19.84,20.5275,20.15,20.3975,20.35833333333333
229,22.57,20.84,20.03,20.27,22.16,20.01,19.94,20.27,23.22,19.71,19.83,19.84,20.9275,20.595,20.65,20.724166666666665
230,22.46,19.95,19.91,19.93,22.5,20.44,20.45,19.62,22.55,20.45,19.72,19.84,20.5625,20.7525,20.64,20.651666666666667
231,22.23,19.95,20.25,19.7,22.4,19.68,20.16,20.27,23.11,19.6,19.95,19.84,20.5325,20.627499999999998,20.625,20.595
232,22.23,20.06,20.24,19.7,21.94,19.57,19.08,19.61,22.55,19.49,19.82,20.26,20.5575,20.05,20.53,20.379166666666666
233,22.22,20.39,19.92,20.37,22.38,19.46,19.83,20.26,22.77,19.48,19.83,19.93,20.725,20.4825,20.502499999999998,20.57
234,22.1,19.94,19.8,19.8,22.38,20.31,19.93,19.82,23.32,19.9,20.03,20.04,20.41,20.61,20.822499999999998,20.614166666666666
235,21.99,19.94,19.46,20.26,22.15,19.46,19.07,20.48,22.76,19.8,19.29,19.83,20.4125,20.29,20.42,20.374166666666667
236,22.23,19.95,19.82,20.05,22.06,20.23,19.52,20.6,22.89,19.82,19.53,19.52,20.5125,20.6025,20.44,20.51833333333333
237,22.46,19.6,19.7,19.81,21.82,19.14,20.04,20.04,22.77,19.59,19.52,19.39,20.392500000000002,20.259999999999998,20.3175,20.323333333333334
238,21.86,20.17,20.45,19.7,21.93,20.01,19.82,19.73,22.99,19.82,19.82,19.95,20.545,20.3725,20.645,20.520833333333332
239,21.74,20.4,19.58,19.94,22.04,19.91,19.51,20.06,22.43,20.14,19.62,19.74,20.415,20.380000000000003,20.482499999999998,20.425833333333333
240,22.09,20.49,20.34,20.37,22.26,19.57,19.72,19.93,22.65,20.01,19.82,19.61,20.8225,20.369999999999997,20.5225,20.571666666666665
241,22.92,19.83,19.91,20.04,22.05,19.69,19.93,19.51,23.65,19.39,19.93,19.62,20.674999999999997,20.295,20.6475,20.539166666666667
242,21.98,20.06,19.91,20.38,22.16,20.22,19.72,19.84,22.77,20.45,19.93,19.41,20.5825,20.485,20.64,20.569166666666664
243,22.1,19.7,19.69,20.59,21.93,19.77,19.71,19.82,22.99,19.79,19.51,19.71,20.52,20.3075,20.5,20.4425
244,22.46,20.06,19.82,20.04,22.73,20.12,19.84,20.49,22.78,19.82,20.05,19.95,20.595,20.794999999999998,20.650000000000002,20.680000000000003
245,22.48,20.29,20.26,20.16,21.62,20.22,19.75,20.38,22.9,19.93,19.55,19.73,20.7975,20.4925,20.5275,20.605833333333333
246,21.87,20.28,20.13,19.7,22.72,20.11,19.72,19.83,23.1,19.7,19.51,19.61,20.495,20.595,20.48,20.523333333333337
247,22.46,19.72,19.8,19.7,21.82,19.46,19.72,19.94,23.21,19.7,19.62,20.15,20.42,20.235,20.67,20.441666666666666
248,21.75,20.51,20.02,20.27,21.93,19.91,19.51,20.49,22.77,20.14,19.21,20.27,20.6375,20.46,20.5975,20.564999999999998
249,22.7,20.41,20.15,20.51,22.29,20.55,19.53,19.85,22.79,19.51,20.16,20.06,20.9425,20.555,20.63,20.709166666666665
250,21.88,20.08,19.59,20.41,22.17,20.13,20.04,19.97,23.11,20.47,19.93,20.07,20.49,20.5775,20.895,20.654166666666665
251,22.23,19.79,20.47,19.88,22.51,19.96,20.05,19.46,23.11,19.88,20.46,20.11,20.592499999999998,20.494999999999997,20.89,20.659166666666664
252,22.94,20.03,20.36,20.13,22.51,19.66,20.15,19.81,23.0,19.99,20.14,20.13,20.865,20.5325,20.814999999999998,20.737499999999997
253,22.34,20.71,19.58,20.03,21.93,19.99,19.61,19.6,22.55,19.47,19.92,20.14,20.665,20.2825,20.52,20.489166666666666
254,22.93,20.49,20.9,21.04,21.83,19.46,20.06,20.47,23.23,20.54,20.47,20.15,21.339999999999996,20.455,21.097499999999997,20.964166666666664
255,22.59,20.14,20.05,20.01,22.29,19.55,20.17,19.92,23.12,19.68,19.96,19.81,20.6975,20.4825,20.6425,20.6075
256,22.09,20.63,19.91,19.48,22.26,20.65,20.24,20.28,23.1,20.25,19.62,19.95,20.5275,20.857499999999998,20.73,20.705
257,22.23,20.16,20.24,20.82,22.28,20.42,20.14,20.26,22.44,20.43,19.93,20.04,20.862499999999997,20.775000000000002,20.71,20.782500000000002
258,22.43,19.62,20.43,20.62,22.14,20.34,20.12,20.39,22.97,20.15,19.71,20.49,20.775,20.747500000000002,20.83,20.784166666666668
259,22.46,20.16,20.13,20.03,22.27,19.99,20.14,19.93,22.77,20.12,20.13,20.15,20.695,20.5825,20.792499999999997,20.69
260,21.99,20.26,20.12,20.58,21.82,19.98,19.92,20.24,22.43,19.78,20.33,20.45,20.7375,20.49,20.7475,20.65833333333333
261,21.64,20.15,19.69,20.02,22.39,20.09,19.61,20.03,23.22,20.0,20.13,19.6,20.375,20.53,20.737499999999997,20.5475
262,22.1,20.96,20.24,20.38,22.16,20.33,19.94,20.71,23.21,20.66,19.94,19.73,20.919999999999998,20.784999999999997,20.885,20.863333333333333
263,22.55,20.74,20.76,20.51,22.37,20.13,20.76,20.28,22.97,20.67,20.74,20.28,21.14,20.885,21.165,21.063333333333336
264,22.22,20.86,20.46,19.95,21.83,20.45,19.84,19.96,22.67,20.57,20.56,19.53,20.8725,20.520000000000003,20.8325,20.741666666666664
265,23.15,19.94,20.88,20.49,22.71,20.32,20.45,20.05,23.54,20.33,20.12,20.15,21.115,20.8825,21.034999999999997,21.010833333333334
266,22.58,20.16,20.78,20.03,22.72,19.35,20.14,20.8,23.21,20.22,19.72,20.25,20.8875,20.7525,20.85,20.830000000000002
267,23.06,20.61,20.69,21.16,22.51,20.32,20.27,19.72,23.12,20.23,20.57,20.58,21.38,20.705,21.125,21.069999999999997
268,22.24,20.86,20.26,20.96,22.18,20.66,20.69,20.5,23.34,20.67,20.26,20.17,21.08,21.0075,21.110000000000003,21.065833333333334
269,22.59,20.62,20.47,20.05,22.63,20.22,20.16,21.14,23.67,20.24,20.56,20.37,20.9325,21.037499999999998,21.21,21.06
270,22.12,20.27,20.57,20.37,22.4,20.31,20.26,20.04,22.9,20.12,20.66,19.93,20.8325,20.752499999999998,20.902499999999996,20.829166666666662
271,22.21,20.5,20.44,20.82,22.71,19.99,19.91,20.58,22.53,20.01,20.63,20.03,20.9925,20.7975,20.8,20.863333333333333
272,22.23,20.05,20.56,20.38,22.72,19.68,20.14,19.72,22.44,20.33,20.44,20.15,20.805,20.564999999999998,20.839999999999996,20.736666666666665
273,22.32,20.84,20.34,20.83,22.26,21.38,19.71,20.49,23.31,20.76,20.33,20.48,21.0825,20.96,21.220000000000002,21.087500000000002
274,22.35,20.62,20.9,21.06,22.51,20.43,20.16,20.92,23.56,20.45,20.46,19.94,21.232499999999998,21.005,21.1025,21.113333333333333
275,22.44,20.62,20.54,20.38,22.59,20.43,19.7,20.16,22.98,20.34,20.52,20.26,20.995,20.72,21.025000000000002,20.913333333333338
276,21.73,20.27,20.65,21.27,22.93,20.21,20.13,20.69,23.09,20.12,20.84,20.89,20.98,20.99,21.235,21.06833333333333
277,22.33,20.71,20.54,20.7,22.14,20.41,20.23,20.36,22.75,20.32,20.52,20.24,21.07,20.785,20.9575,20.9375
278,23.13,20.5,20.44,20.6,22.59,20.11,20.13,20.37,22.86,20.55,20.33,21.0,21.167499999999997,20.8,21.185,21.050833333333333
279,22.89,20.01,19.98,20.22,22.13,20.59,19.79,20.66,22.96,19.97,19.68,20.64,20.775000000000002,20.7925,20.8125,20.793333333333333
280,21.49,20.38,20.85,21.27,22.69,20.42,20.11,20.8,22.41,20.11,20.51,20.89,20.9975,21.005,20.98,20.99416666666667
281,22.21,20.6,20.99,20.7,22.6,20.62,20.35,20.47,23.21,20.32,20.23,20.03,21.125,21.009999999999998,20.9475,21.0275
282,22.8,20.72,20.44,20.71,22.94,20.73,20.55,19.93,23.54,20.85,20.22,20.46,21.167499999999997,21.0375,21.2675,21.1575
283,22.57,20.95,20.78,20.61,22.27,20.54,20.46,20.81,21.99,20.13,20.75,20.16,21.2275,21.02,20.7575,21.00166666666667
284,21.98,20.29,20.67,20.38,21.25,20.33,20.35,20.06,21.88,21.08,20.03,20.48,20.83,20.4975,20.8675,20.731666666666666
285,22.67,20.85,20.56,20.95,22.04,21.08,20.88,20.5,22.87,20.98,20.65,20.49,21.2575,21.125,21.2475,21.209999999999997
286,22.1,20.49,20.44,20.02,22.15,20.19,20.23,20.25,22.98,20.42,20.02,19.49,20.7625,20.705000000000002,20.7275,20.731666666666666
287,22.9,21.06,20.76,20.94,22.14,20.43,19.92,20.7,23.2,20.87,20.43,20.16,21.415,20.7975,21.165,21.125833333333333
288,22.67,21.06,21.31,20.94,22.48,20.23,19.93,20.81,22.87,20.87,20.44,21.23,21.495,20.8625,21.352500000000003,21.236666666666668
289,22.66,20.26,20.21,20.69,23.02,20.3,20.95,20.03,23.18,20.74,20.72,20.45,20.955000000000002,21.075,21.2725,21.100833333333334
290,22.22,20.6,20.57,20.48,22.16,20.73,20.67,20.36,23.11,20.85,20.04,20.78,20.9675,20.98,21.195,21.047500000000003
291,22.45,20.37,20.13,20.92,22.5,20.3,20.46,19.92,23.33,20.21,20.35,20.77,20.9675,20.795,21.165,20.975833333333334
292,21.99,20.49,20.25,20.48,21.83,20.1,20.57,20.37,22.89,20.44,20.25,20.36,20.8025,20.7175,20.985,20.834999999999997
293,22.45,20.6,20.02,20.36,22.5,20.31,20.15,20.14,22.99,20.22,19.94,20.03,20.857499999999998,20.775,20.794999999999998,20.809166666666666
294,22.21,20.93,20.22,20.81,22.03,20.3,20.23,21.0,22.76,19.99,20.22,20.66,21.0425,20.89,20.9075,20.94666666666667
295,22.69,20.28,20.36,20.38,22.5,20.54,20.36,20.49,22.89,20.02,19.63,20.16,20.9275,20.9725,20.674999999999997,20.85833333333333
296,22.21,19.92,20.33,20.69,22.93,20.08,19.81,20.24,22.98,19.78,20.73,19.7,20.7875,20.764999999999997,20.797500000000003,20.78333333333333
297,22.2,20.73,19.67,20.27,22.25,20.64,19.91,20.38,22.75,20.97,19.7,20.58,20.7175,20.794999999999998,21.0,20.837500000000002
298,22.57,20.17,20.68,21.5,22.83,20.22,20.26,20.27,23.44,20.24,19.85,20.91,21.23,20.895,21.11,21.078333333333333
299,22.46,19.93,20.24,20.48,21.94,20.3,20.03,20.25,22.99,19.79,19.62,20.35,20.7775,20.630000000000003,20.6875,20.698333333333334
300,22.22,20.03,20.12,20.24,22.04,19.97,20.34,19.91,23.32,19.89,19.82,20.12,20.6525,20.564999999999998,20.7875,20.668333333333333
301,22.67,19.92,20.43,20.02,22.36,19.99,20.12,19.49,22.64,20.11,20.43,19.17,20.76,20.49,20.5875,20.6125
302,22.1,20.13,20.67,20.45,22.16,19.43,20.04,19.58,22.88,19.67,20.14,19.9,20.837500000000002,20.302500000000002,20.6475,20.595833333333335
303,21.86,19.92,19.8,20.13,21.93,19.45,20.03,20.36,22.54,19.69,19.82,19.71,20.4275,20.4425,20.44,20.436666666666667
304,22.69,20.73,20.13,20.38,22.16,20.33,20.04,20.16,23.22,20.55,20.45,20.16,20.982499999999998,20.6725,21.095,20.916666666666668
305,22.56,20.37,19.68,20.58,22.93,19.34,19.92,20.57,22.98,20.21,19.41,19.92,20.7975,20.689999999999998,20.63,20.70583333333333
306,22.33,19.95,20.66,19.48,21.7,19.37,20.02,19.95,22.65,20.34,20.01,19.73,20.605,20.26,20.6825,20.515833333333333
307,22.59,20.51,20.47,20.61,22.4,20.44,20.16,20.17,22.9,20.03,20.16,20.27,21.045,20.7925,20.84,20.892500000000002
308,22.22,20.07,19.81,20.73,22.5,20.12,20.15,20.5,23.22,20.25,19.53,20.38,20.7075,20.817500000000003,20.845,20.790000000000003
309,22.08,20.39,19.89,19.92,22.02,20.01,19.7,19.94,23.08,19.81,20.01,19.94,20.57,20.4175,20.71,20.565833333333334
310,22.12,20.5,19.71,19.7,22.17,19.68,19.52,20.27,22.67,19.91,19.53,19.51,20.5075,20.41,20.405,20.440833333333334
311,21.75,20.06,20.46,20.04,22.5,20.12,20.05,19.95,22.78,20.35,20.15,20.05,20.5775,20.655,20.8325,20.688333333333333
312,21.98,19.69,19.79,20.35,21.92,19.54,19.18,20.13,22.54,19.78,19.6,20.44,20.4525,20.1925,20.59,20.411666666666665
313,22.46,20.16,19.14,20.71,22.38,19.89,19.93,19.83,22.88,20.43,19.72,19.72,20.6175,20.5075,20.6875,20.604166666666668
314,22.11,19.69,20.03,19.89,21.6,20.08,20.05,19.8,22.44,19.78,20.04,19.91,20.43,20.3825,20.5425,20.451666666666668
315,21.86,20.85,19.91,19.82,21.82,20.01,20.25,19.73,22.77,20.14,19.93,20.59,20.61,20.4525,20.857499999999998,20.64
316,21.84,19.71,19.66,20.14,21.79,19.67,20.1,19.82,22.63,19.48,19.58,19.39,20.3375,20.345,20.27,20.3175
317,21.86,20.07,19.8,19.94,22.61,19.91,20.46,19.63,22.99,19.61,20.34,19.31,20.4175,20.6525,20.5625,20.544166666666666
318,22.2,19.94,19.56,20.83,22.14,19.57,19.17,19.94,22.75,19.81,19.59,20.04,20.6325,20.205000000000002,20.5475,20.46166666666667
319,22.21,20.26,20.11,20.02,22.59,20.09,20.12,19.6,22.64,19.79,20.01,19.27,20.65,20.6,20.4275,20.559166666666666
320,22.2,20.17,20.0,20.61,22.36,19.69,19.49,19.84,23.19,19.5,19.71,19.84,20.745,20.345,20.56,20.55
321,22.22,19.71,19.7,20.15,21.83,19.57,19.94,20.15,23.0,20.01,19.83,19.61,20.445,20.372500000000002,20.6125,20.47666666666667
322,21.85,19.25,19.46,20.25,21.81,19.98,19.59,19.49,22.64,19.47,19.6,20.13,20.2025,20.217499999999998,20.46,20.293333333333333
323,21.74,19.7,19.47,20.36,22.26,19.88,19.72,20.47,22.76,20.11,19.62,19.6,20.3175,20.5825,20.5225,20.474166666666665
324,21.74,20.29,20.13,20.49,22.04,20.13,19.82,19.95,22.88,19.73,19.52,19.96,20.662499999999998,20.485,20.5225,20.556666666666665
325,22.47,19.73,19.61,20.05,22.07,19.59,19.75,19.85,22.46,20.14,19.75,19.41,20.465,20.314999999999998,20.44,20.406666666666666
326,21.86,19.82,19.79,20.03,21.59,19.99,19.81,19.71,22.54,19.48,19.5,19.71,20.375,20.275,20.307499999999997,20.319166666666664
327,21.63,19.95,20.24,20.27,21.83,19.8,19.2,20.27,21.99,19.6,19.94,19.52,20.522499999999997,20.275,20.2625,20.353333333333335
328,22.48,19.74,20.48,20.63,21.96,19.59,19.86,19.31,22.8,19.61,19.75,19.63,20.8325,20.18,20.447499999999998,20.486666666666668
329,22.34,19.49,20.35,19.47,21.94,19.89,20.05,20.26,23.22,19.8,20.25,19.93,20.4125,20.535,20.799999999999997,20.5825
330,22.81,19.61,19.81,20.27,22.5,19.48,19.84,19.73,23.0,19.72,18.91,19.74,20.625,20.387500000000003,20.342499999999998,20.451666666666668
331,22.44,20.16,20.55,20.14,22.15,20.1,19.71,20.15,22.76,20.01,20.44,20.14,20.8225,20.5275,20.837500000000002,20.729166666666668
332,22.46,20.95,19.37,20.49,22.61,20.54,19.62,20.16,22.88,20.13,19.94,19.84,20.8175,20.732499999999998,20.6975,20.749166666666667
333,22.69,19.82,19.91,20.37,21.82,19.46,19.72,20.26,23.21,19.59,19.52,20.04,20.6975,20.315,20.589999999999996,20.534166666666668
334,21.86,19.82,19.9,19.68,21.36,20.31,19.4,20.15,23.43,19.69,19.3,19.71,20.314999999999998,20.305,20.5325,20.384166666666665
335,22.1,20.17,19.81,20.15,21.71,19.25,20.25,20.26,22.55,19.38,20.14,19.72,20.557499999999997,20.3675,20.447499999999998,20.4575
336,22.57,20.62,20.03,20.72,22.39,20.33,19.94,20.6,23.0,19.5,19.94,19.84,20.985,20.814999999999998,20.57,20.79
337,22.34,19.71,20.12,20.03,22.27,19.57,20.03,19.83,23.1,19.59,19.3,19.18,20.55,20.425,20.292499999999997,20.4225
338,23.16,19.94,20.04,20.72,22.62,19.47,20.27,19.83,23.44,19.28,20.26,19.72,20.965,20.5475,20.675,20.729166666666668
339,22.57,19.82,19.68,19.57,22.38,19.35,20.03,20.36,22.76,19.37,20.02,19.82,20.41,20.53,20.4925,20.4775
340,22.23,20.07,19.92,20.5,21.72,20.44,19.41,20.82,22.33,20.25,19.52,19.95,20.68,20.597499999999997,20.5125,20.596666666666664
341,22.46,19.84,20.57,20.5,21.83,19.8,19.84,20.6,23.22,20.03,20.15,20.16,20.8425,20.5175,20.89,20.75
342,22.69,19.27,19.7,20.72,22.16,18.83,19.83,19.94,22.55,19.81,19.73,19.73,20.595,20.189999999999998,20.455000000000002,20.41333333333333
343,22.23,20.3,20.36,20.17,22.17,20.55,20.68,20.18,23.12,20.67,20.05,19.64,20.765,20.895,20.87,20.843333333333334
344,22.22,20.17,20.46,20.49,22.05,19.9,20.15,20.59,23.1,20.55,19.93,20.05,20.835,20.6725,20.907500000000002,20.805000000000003
345,22.1,20.04,19.35,20.48,22.04,19.77,19.92,20.14,22.54,19.9,19.71,19.71,20.4925,20.4675,20.465,20.474999999999998
346,22.32,20.6,20.44,20.92,22.48,19.98,19.81,20.03,23.19,20.11,19.92,20.56,21.07,20.575,20.945,20.863333333333333
347,22.46,20.51,19.92,20.95,21.15,20.54,19.73,20.16,22.89,19.71,19.94,19.95,20.96,20.395,20.622500000000002,20.659166666666668
348,22.92,19.71,20.03,20.6,22.27,19.78,20.37,19.61,23.22,19.69,20.05,19.93,20.815,20.5075,20.722499999999997,20.68166666666667
349,22.21,20.38,21.1,20.71,21.82,19.56,20.35,19.93,22.76,20.11,20.13,20.03,21.1,20.415,20.7575,20.7575
350,22.59,20.64,20.37,20.17,22.07,20.56,20.06,20.62,22.9,20.47,19.95,20.18,20.942500000000003,20.8275,20.875,20.881666666666668
351,21.74,20.83,20.33,20.37,22.38,20.53,19.92,20.37,22.76,20.44,19.4,19.61,20.8175,20.8,20.552500000000002,20.723333333333333
352,21.96,20.82,19.9,21.37,22.14,20.09,19.6,20.79,22.64,20.0,19.71,20.67,21.0125,20.655,20.755000000000003,20.8075
353,22.92,20.38,20.45,20.59,22.6,19.88,20.25,20.69,22.77,20.01,19.93,20.46,21.085,20.855,20.7925,20.910833333333333
354,22.78,19.59,20.55,20.92,23.03,20.2,19.81,20.03,23.08,20.11,20.33,20.56,20.96,20.767500000000002,21.02,20.915833333333335
355,22.44,20.16,20.56,20.6,22.15,20.22,20.24,20.59,23.21,20.97,20.44,20.37,20.939999999999998,20.8,21.247500000000002,20.995833333333334
356,22.71,20.97,20.58,20.17,22.52,20.34,20.05,20.28,23.01,20.67,20.25,20.17,21.107499999999998,20.7975,21.025000000000002,20.97666666666667
357,22.7,20.73,20.13,20.72,22.39,20.11,19.93,20.49,23.33,20.55,20.13,20.16,21.07,20.73,21.042499999999997,20.947499999999998
358,21.98,20.27,20.12,20.93,21.93,20.52,20.66,20.68,22.32,20.42,20.44,19.28,20.825000000000003,20.947499999999998,20.615000000000002,20.795833333333334
359,22.56,21.05,19.91,20.48,22.49,20.95,20.35,21.02,23.2,20.96,20.44,20.25,21.0,21.2025,21.2125,21.138333333333332
360,21.98,20.51,20.56,20.38,22.72,20.44,20.25,20.5,22.44,20.67,20.65,20.06,20.857499999999998,20.9775,20.955,20.929999999999996
361,22.34,20.73,19.91,20.27,21.93,20.43,20.35,19.95,22.66,19.82,19.82,20.05,20.8125,20.665,20.587500000000002,20.688333333333333
362,22.56,20.04,20.23,20.7,23.04,20.41,20.34,20.14,23.53,20.42,20.13,20.77,20.8825,20.9825,21.2125,21.025833333333335
363,22.45,20.06,20.23,20.5,22.15,21.18,20.24,20.28,23.32,20.77,20.13,20.38,20.81,20.9625,21.15,20.974166666666665
364,22.58,20.72,20.57,19.8,22.28,20.2,20.25,20.14,23.33,20.43,19.93,20.14,20.9175,20.7175,20.9575,20.864166666666666
365,22.91,20.49,20.66,21.49,22.48,20.41,20.45,21.01,22.87,20.43,20.64,20.67,21.3875,21.087500000000002,21.1525,21.209166666666665
366,22.11,20.25,20.88,21.25,22.05,20.29,20.66,20.78,23.21,20.09,20.64,20.87,21.1225,20.945,21.2025,21.09
367,22.68,20.16,20.88,20.37,22.71,20.31,20.45,20.91,22.98,20.75,20.54,20.89,21.0225,21.095,21.290000000000003,21.135833333333334
368,22.34,21.04,20.35,20.58,22.83,19.76,20.46,19.81,22.77,20.1,20.24,20.34,21.0775,20.715,20.8625,20.885
369,22.1,20.93,20.66,20.58,22.71,20.08,20.75,20.24,22.98,20.52,20.53,20.55,21.0675,20.945,21.145,21.0525
370,22.1,20.61,20.23,20.94,22.04,20.63,20.13,20.7,22.54,20.75,20.13,20.15,20.97,20.875,20.8925,20.912499999999998
371,23.04,20.38,20.44,20.71,22.04,20.73,20.86,19.93,23.43,20.22,20.12,20.03,21.1425,20.89,20.95,20.99416666666667
372,22.44,20.69,20.43,20.11,22.14,19.95,20.32,20.66,22.97,20.18,20.2,20.43,20.9175,20.767500000000002,20.945,20.87666666666667
373,21.97,20.71,19.78,20.36,22.03,20.19,19.81,20.79,22.53,20.32,20.42,20.56,20.705,20.705,20.9575,20.789166666666663
374,22.8,20.94,21.41,20.7,22.15,20.41,20.13,20.9,23.2,20.11,20.22,21.1,21.462500000000002,20.8975,21.1575,21.1725
375,22.33,20.59,20.34,20.92,21.7,20.62,20.45,20.79,23.09,20.42,20.13,20.88,21.045,20.89,21.13,21.021666666666665
376,21.97,20.5,20.88,20.83,22.37,20.11,20.34,20.27,23.09,20.44,20.95,20.26,21.044999999999998,20.7725,21.185000000000002,21.000833333333333
377,22.11,20.71,20.68,20.7,22.17,20.1,20.36,20.36,23.33,19.9,20.25,20.46,21.05,20.747500000000002,20.985,20.9275
378,22.33,20.49,20.88,20.36,21.93,20.31,20.14,20.79,23.2,20.32,20.44,20.14,21.014999999999997,20.792499999999997,21.025,20.944166666666664
379,22.57,20.94,20.02,20.71,22.61,20.53,19.83,20.47,22.99,20.22,20.45,20.04,21.060000000000002,20.86,20.924999999999997,20.948333333333334
380,22.23,20.29,20.24,20.84,22.61,20.33,20.35,20.6,23.0,20.77,20.24,21.01,20.9,20.9725,21.255,21.0425
381,21.99,19.83,20.78,20.6,22.72,20.43,20.67,20.48,23.22,20.44,20.14,20.04,20.799999999999997,21.075,20.96,20.945
382,22.12,20.39,20.36,20.83,22.06,20.43,19.94,20.38,23.0,20.34,19.63,20.79,20.925,20.702499999999997,20.939999999999998,20.855833333333333
383,22.81,19.83,20.78,20.94,21.94,20.11,20.15,20.48,23.1,20.23,20.45,21.0,21.09,20.669999999999998,21.195,20.985
384,21.98,21.05,20.56,20.82,22.72,20.31,20.14,20.48,23.43,20.33,20.13,20.15,21.1025,20.9125,21.009999999999998,21.008333333333333
385,22.11,20.86,19.92,21.08,22.51,20.35,20.26,20.18,22.89,20.57,20.15,20.29,20.9925,20.825000000000003,20.975,20.930833333333336
386,22.69,20.19,20.25,20.85,22.84,19.81,20.47,20.61,23.0,20.25,20.15,19.96,20.995,20.932499999999997,20.84,20.9225
387,22.81,20.74,20.57,20.84,22.28,19.91,20.36,20.72,22.78,20.57,20.05,20.17,21.240000000000002,20.8175,20.892500000000002,20.983333333333334
388,22.45,19.69,19.46,20.69,21.7,19.97,20.44,20.13,23.09,19.89,20.53,20.23,20.5725,20.56,20.935000000000002,20.68916666666667
389,21.99,19.71,20.24,20.48,22.83,20.0,20.57,20.37,22.55,20.01,20.96,20.04,20.605,20.9425,20.89,20.8125
390,22.94,20.27,20.91,20.26,22.29,20.32,20.06,20.7,24.01,20.23,20.88,20.04,21.095000000000002,20.8425,21.29,21.075833333333332
391,21.88,20.61,20.58,20.26,21.95,19.79,20.48,19.83,23.45,19.81,20.67,19.94,20.8325,20.5125,20.9675,20.770833333333332
392,21.87,20.29,20.67,20.62,22.16,20.54,20.25,20.28,23.44,20.24,20.13,20.16,20.8625,20.8075,20.9925,20.8875
393,21.99,20.05,20.14,20.49,22.84,20.11,20.37,20.48,23.0,20.23,20.56,20.26,20.6675,20.950000000000003,21.012500000000003,20.87666666666667
394,22.23,20.29,20.14,20.39,22.17,20.11,19.52,20.6,22.78,20.24,19.83,20.48,20.7625,20.6,20.8325,20.731666666666666
395,22.59,20.51,20.14,20.16,21.84,20.32,19.63,20.38,23.01,19.6,19.63,19.94,20.85,20.542499999999997,20.544999999999998,20.645833333333332
396,22.11,20.49,19.92,20.93,22.06,19.78,20.05,20.47,22.89,19.9,19.64,20.57,20.862499999999997,20.59,20.75,20.734166666666667
397,21.74,19.38,20.33,20.26,22.15,20.0,19.6,20.37,22.54,19.59,19.71,20.36,20.4275,20.53,20.549999999999997,20.502499999999998
398,22.59,19.84,20.7,20.5,21.96,20.23,20.06,20.82,23.01,19.93,20.06,20.06,20.9075,20.7675,20.765,20.813333333333333
399,22.12,20.29,20.59,20.5,21.96,19.8,20.69,20.71,23.13,20.03,20.47,19.84,20.875,20.79,20.8675,20.844166666666666
400,22.35,19.6,19.92,21.05,22.05,20.1,19.83,20.15,23.0,19.8,19.93,20.25,20.73,20.5325,20.744999999999997,20.669166666666666
401,22.47,20.61,19.7,20.38,21.95,19.78,20.47,20.26,22.89,20.33,19.94,20.15,20.79,20.615000000000002,20.8275,20.74416666666667
402,22.24,20.07,20.59,20.28,22.29,19.49,20.48,20.07,22.57,19.83,20.06,19.64,20.795,20.582500000000003,20.525,20.63416666666667
403,22.24,20.3,19.71,20.51,22.51,20.45,19.95,20.29,22.79,20.26,19.85,20.5,20.69,20.799999999999997,20.85,20.779999999999998
404,22.11,20.41,19.82,20.51,21.72,20.35,20.17,19.96,22.78,20.15,19.85,19.53,20.7125,20.55,20.5775,20.613333333333333
405,22.23,20.42,19.69,20.74,21.94,20.02,20.14,19.96,22.55,20.25,19.93,19.85,20.77,20.515,20.645,20.64333333333333
406,22.25,20.06,20.38,20.72,22.97,20.54,19.97,20.49,23.79,19.92,20.27,20.16,20.8525,20.9925,21.035,20.959999999999997
407,22.59,19.62,19.92,19.94,21.73,19.91,19.84,20.28,22.56,19.71,19.42,19.73,20.517500000000002,20.44,20.355,20.4375
408,22.45,19.84,20.02,20.61,22.38,19.9,20.35,20.49,23.32,19.92,20.14,19.84,20.73,20.78,20.805,20.77166666666667
409,22.0,20.08,20.14,20.74,21.5,20.02,20.16,20.29,22.34,20.04,20.56,20.39,20.74,20.4925,20.8325,20.688333333333333
410,22.8,19.96,19.91,21.07,22.49,20.45,19.4,20.29,23.65,19.51,20.34,19.74,20.935000000000002,20.6575,20.81,20.800833333333333
411,22.46,20.54,19.71,20.41,22.06,20.26,20.16,19.66,23.11,20.7,20.57,20.09,20.78,20.535,21.1175,20.81083333333333
412,21.74,19.6,19.69,20.14,21.81,19.03,19.93,20.15,22.87,19.91,19.62,19.72,20.2925,20.23,20.53,20.350833333333334
413,22.92,19.83,20.57,20.27,22.27,20.43,20.15,20.05,22.88,20.55,20.25,19.62,20.8975,20.725,20.825,20.815833333333334
414,22.34,20.6,19.81,20.37,22.61,19.57,20.15,19.82,22.66,19.8,20.45,20.25,20.78,20.5375,20.79,20.7025
415,22.0,19.96,20.05,20.62,22.07,20.45,19.86,20.39,22.79,20.15,20.27,20.07,20.657500000000002,20.6925,20.82,20.723333333333333
416,22.83,19.95,20.26,19.59,22.3,20.01,19.96,20.39,22.46,20.24,19.65,20.16,20.657500000000002,20.665,20.6275,20.650000000000002
417,22.81,20.17,19.71,20.04,22.62,19.9,20.16,20.16,23.66,20.02,19.64,19.73,20.6825,20.709999999999997,20.7625,20.718333333333334
418,22.12,20.53,20.36,20.29,22.51,20.77,20.05,20.4,22.56,20.15,20.25,20.07,20.825000000000003,20.932499999999997,20.7575,20.838333333333335
419,22.24,19.49,20.04,20.27,22.07,19.58,19.64,19.51,23.12,20.24,20.26,19.84,20.509999999999998,20.2,20.865000000000002,20.525
420,22.1,20.17,20.57,20.15,22.27,20.32,19.94,20.16,23.44,20.24,20.14,19.62,20.747500000000002,20.6725,20.86,20.76
421,22.23,20.06,20.15,20.38,21.84,19.79,19.95,20.05,22.9,19.92,20.26,19.73,20.705,20.4075,20.7025,20.605
422,22.23,20.17,20.47,20.95,22.4,19.47,20.16,19.84,22.67,20.03,20.26,20.05,20.955000000000002,20.4675,20.7525,20.724999999999998
423,21.9,20.3,19.84,20.85,22.41,20.13,19.86,19.75,22.69,20.26,19.97,19.75,20.722500000000004,20.5375,20.6675,20.642500000000002
424,22.69,20.55,20.35,19.97,22.38,19.94,19.83,19.98,22.88,20.28,19.73,20.3,20.89,20.5325,20.7975,20.74
425,22.71,20.2,20.04,19.61,22.29,19.71,19.64,20.19,23.57,20.26,19.85,20.29,20.64,20.4575,20.9925,20.696666666666665
426,23.28,20.4,20.37,19.82,22.73,19.8,20.38,20.28,24.0,20.46,20.58,20.6,20.9675,20.7975,21.409999999999997,21.058333333333334
427,22.35,20.18,19.82,20.73,22.96,19.37,20.26,20.17,22.67,19.71,20.15,20.05,20.77,20.69,20.645,20.701666666666668
428,21.89,19.96,20.48,20.74,22.18,20.13,19.86,19.85,23.13,19.83,20.37,20.17,20.7675,20.505000000000003,20.875,20.715833333333332
429,22.58,20.4,20.36,20.38,22.51,20.22,19.74,20.38,23.22,20.56,20.36,19.41,20.93,20.7125,20.8875,20.843333333333334
430,22.82,20.06,20.15,20.49,22.06,20.0,19.85,19.94,23.34,20.13,19.95,20.26,20.88,20.462500000000002,20.92,20.754166666666666
431,22.23,20.38,20.36,20.25,22.95,20.31,19.95,19.6,22.67,19.8,19.33,19.71,20.805,20.7025,20.377499999999998,20.628333333333334
432,22.11,20.52,20.04,20.51,21.72,19.91,20.58,20.07,23.01,19.62,19.95,20.49,20.794999999999998,20.57,20.7675,20.71083333333333
433,22.23,19.85,20.25,20.17,21.61,20.66,19.95,19.63,22.78,19.83,20.05,20.06,20.625,20.4625,20.68,20.589166666666667
434,22.7,19.73,20.81,20.5,22.18,20.13,20.49,20.07,22.9,20.15,20.17,19.42,20.935,20.7175,20.66,20.770833333333332
435,22.48,20.52,20.36,20.28,22.18,20.54,20.37,20.17,23.23,19.71,19.84,19.74,20.91,20.815,20.63,20.785
436,22.34,20.09,20.03,20.18,22.5,20.14,19.94,20.84,22.89,20.58,20.35,20.3,20.66,20.855,21.03,20.848333333333333
437,22.92,20.16,20.35,19.69,22.27,19.99,19.94,19.93,22.33,19.8,20.14,19.82,20.78,20.5325,20.5225,20.611666666666668
438,21.9,20.42,20.05,20.75,22.3,20.46,19.54,20.19,23.02,21.0,20.07,19.76,20.78,20.622500000000002,20.962500000000002,20.788333333333338
439,21.99,19.95,19.91,20.38,22.05,20.12,20.14,20.49,23.33,19.71,19.82,19.62,20.557499999999997,20.7,20.62,20.625833333333333
440,22.35,20.29,20.47,20.62,22.06,20.02,20.27,20.17,23.12,20.25,20.26,19.85,20.9325,20.63,20.870000000000005,20.810833333333335
441,22.33,20.05,20.35,20.6,22.16,20.75,20.14,20.7,23.1,19.7,19.83,20.15,20.8325,20.9375,20.695,20.821666666666665
442,21.89,20.07,19.95,20.39,22.3,19.91,20.6,20.28,23.13,19.93,20.59,19.74,20.575,20.7725,20.8475,20.731666666666666
443,22.24,20.75,19.5,20.4,21.96,20.35,20.06,19.86,22.79,20.57,20.37,20.18,20.722499999999997,20.5575,20.9775,20.7525
444,22.0,20.3,20.15,20.51,22.41,19.92,19.64,20.62,22.79,19.84,20.16,20.18,20.74,20.6475,20.7425,20.71
445,22.49,20.76,20.49,20.19,22.64,19.72,20.08,20.41,22.7,20.8,19.77,20.3,20.982499999999998,20.7125,20.8925,20.862499999999997
446,23.05,20.28,20.68,20.5,22.51,20.32,19.73,20.59,22.89,19.92,19.84,19.83,21.127499999999998,20.7875,20.62,20.845
447,22.6,20.3,20.58,20.4,22.29,20.98,20.06,19.74,23.01,20.36,20.36,19.96,20.97,20.7675,20.9225,20.886666666666667
448,22.11,20.73,20.57,20.49,22.16,20.65,20.57,20.7,22.11,20.55,20.55,20.59,20.975,21.02,20.95,20.98166666666667
449,22.93,20.96,20.25,20.73,23.07,20.87,20.05,20.72,23.34,20.88,20.15,19.96,21.2175,21.1775,21.082500000000003,21.159166666666668
450,22.69,20.63,20.68,20.62,22.84,20.66,20.15,20.83,23.11,20.15,20.45,20.6,21.155,21.119999999999997,21.0775,21.1175
451,22.24,20.53,20.59,20.52,22.41,19.71,20.49,20.19,23.24,20.68,20.78,20.5,20.97,20.7,21.3,20.99
452,22.71,20.75,20.36,20.28,22.18,20.34,20.37,20.4,23.01,20.15,20.15,20.82,21.025,20.822499999999998,21.0325,20.959999999999997
453,22.36,20.3,20.14,20.28,22.18,20.01,20.16,20.5,23.01,20.35,20.25,20.49,20.77,20.7125,21.025,20.835833333333333
454,22.81,20.28,20.57,20.71,22.84,20.21,20.26,20.59,23.11,20.33,20.14,20.36,21.0925,20.975,20.985,21.017500000000002
455,22.7,20.63,20.8,21.07,22.63,19.7,21.1,20.94,23.34,19.94,20.87,20.92,21.299999999999997,21.0925,21.267500000000002,21.22
456,22.72,20.08,20.81,20.74,22.53,20.66,20.49,20.18,22.91,20.25,19.96,20.28,21.0875,20.964999999999996,20.85,20.967499999999998
457,22.35,20.51,20.58,20.27,22.96,20.75,20.16,20.16,22.34,20.55,20.36,20.16,20.9275,21.0075,20.8525,20.929166666666667
458,22.58,20.96,20.25,20.61,22.28,20.86,20.36,20.6,23.44,20.87,20.04,20.38,21.1,21.025,21.182499999999997,21.1025
459,22.8,20.39,20.89,21.05,22.61,20.64,21.19,20.48,23.21,20.44,20.24,20.47,21.2825,21.23,21.09,21.200833333333335
460,22.46,21.3,20.25,21.18,22.5,20.23,20.68,21.15,23.0,20.88,20.15,20.81,21.2975,21.14,21.21,21.215833333333332
461,21.86,20.72,20.45,21.16,22.27,20.64,19.83,20.7,22.43,20.44,20.24,19.93,21.0475,20.86,20.759999999999998,20.889166666666664
462,22.21,20.26,20.56,20.59,22.15,20.2,20.35,20.47,22.76,20.0,20.44,20.46,20.905,20.792499999999997,20.915,20.870833333333334
463,22.12,21.08,19.82,21.63,22.29,20.56,20.69,21.37,23.23,20.36,20.77,20.6,21.1625,21.2275,21.240000000000002,21.21
464,22.46,20.74,20.89,20.61,21.94,20.44,20.36,20.82,23.0,20.88,21.06,20.7,21.175,20.89,21.41,21.15833333333333
465,22.7,21.3,20.68,20.95,22.06,20.76,20.79,20.93,22.89,21.19,20.56,20.17,21.407500000000002,21.134999999999998,21.2025,21.248333333333335
466,22.45,20.16,20.78,20.03,22.38,20.11,21.09,20.05,23.21,19.7,20.65,19.94,20.855,20.9075,20.875,20.879166666666666
467,22.7,20.63,19.59,20.96,22.06,20.55,20.15,21.26,23.0,20.15,20.14,20.81,20.97,21.005,21.025,20.999999999999996
468,22.6,20.65,20.27,20.41,21.96,20.36,20.49,20.31,22.91,20.7,20.58,20.09,20.982499999999998,20.78,21.07,20.944166666666668
469,22.7,19.96,20.46,21.07,21.72,20.66,20.15,21.04,22.67,20.25,20.14,20.6,21.0475,20.8925,20.915,20.951666666666664
470,22.8,20.28,20.45,20.94,22.16,20.65,20.35,20.38,22.66,20.24,20.24,20.59,21.1175,20.885,20.9325,20.978333333333335
471,21.99,20.63,20.58,21.07,22.29,20.44,20.59,20.6,23.23,20.67,20.47,20.7,21.0675,20.980000000000004,21.267500000000002,21.105
472,22.7,20.73,19.49,20.5,22.17,20.43,20.26,20.16,23.23,20.34,20.05,20.26,20.855,20.755,20.970000000000002,20.86
473,21.86,19.95,20.66,20.72,22.26,19.57,20.13,20.7,22.65,20.23,19.81,20.26,20.7975,20.665,20.7375,20.733333333333334
474,21.87,19.83,20.35,20.16,22.5,20.43,20.04,20.59,23.0,20.13,20.34,20.37,20.552500000000002,20.89,20.96,20.800833333333333
475,22.12,20.95,20.25,20.71,21.72,20.1,19.94,20.59,22.78,20.43,19.94,20.68,21.0075,20.587500000000002,20.957500000000003,20.850833333333334
476,21.74,20.3,19.79,21.07,21.81,20.02,20.23,20.39,23.42,20.04,19.91,20.81,20.725,20.6125,21.045,20.79416666666667
477,23.04,19.83,19.92,21.17,22.84,19.79,20.36,20.59,23.33,19.81,20.35,20.69,20.990000000000002,20.895,21.045,20.97666666666667
478,22.33,20.17,20.12,20.49,21.93,20.32,20.14,20.27,23.1,20.23,19.51,20.26,20.7775,20.665,20.775000000000002,20.739166666666666
479,22.21,20.05,20.55,20.37,21.81,19.89,20.03,20.69,23.31,19.49,19.51,19.83,20.795,20.605,20.535,20.645
480,22.25,19.61,20.06,20.61,21.74,19.47,20.07,20.27,22.36,19.92,19.56,20.37,20.6325,20.3875,20.552500000000002,20.524166666666666
481,22.0,19.93,19.91,20.37,21.38,19.67,20.25,20.15,22.33,19.69,20.44,20.25,20.552500000000002,20.362499999999997,20.6775,20.530833333333334
482,22.33,20.17,19.91,20.72,22.38,19.9,19.82,21.03,23.1,19.6,20.44,19.73,20.7825,20.7825,20.7175,20.760833333333334
483,22.09,19.95,20.12,20.83,22.04,19.79,19.82,19.51,22.54,19.71,19.82,19.94,20.7475,20.29,20.5025,20.513333333333332
484,22.69,19.71,20.25,20.6,21.83,20.32,20.37,20.59,23.11,20.45,20.05,20.69,20.8125,20.7775,21.075,20.888333333333335
485,22.22,20.07,20.13,20.62,22.38,20.45,20.04,19.85,22.66,20.15,19.93,19.64,20.76,20.68,20.595,20.67833333333333
486,22.94,19.61,19.92,19.59,22.84,19.79,19.94,19.29,23.11,20.24,20.24,19.3,20.515,20.464999999999996,20.722499999999997,20.5675
487,22.1,19.49,20.01,20.49,22.27,20.42,19.82,20.26,22.77,20.22,19.71,20.14,20.5225,20.6925,20.71,20.64166666666667
488,22.67,19.94,20.56,21.04,22.93,19.57,20.36,20.8,23.54,19.6,20.04,20.58,21.052500000000002,20.915,20.939999999999998,20.969166666666666
489,22.7,19.94,20.26,20.82,22.29,19.35,20.16,20.37,23.01,20.23,20.16,19.72,20.93,20.5425,20.78,20.750833333333333
490,22.46,20.42,20.68,20.4,22.16,19.6,20.15,20.29,22.88,20.79,20.14,19.75,20.990000000000002,20.55,20.89,20.810000000000002
491,21.76,19.86,19.48,20.07,22.28,20.45,19.2,19.75,22.78,19.62,19.73,19.75,20.292500000000004,20.42,20.470000000000002,20.394166666666667
492,23.06,20.3,20.59,20.74,22.07,20.13,20.9,20.51,22.91,19.62,20.47,20.07,21.1725,20.9025,20.7675,20.9475
493,22.01,18.67,20.03,20.35,22.4,19.32,19.52,19.91,22.45,19.13,19.21,20.22,20.265,20.287499999999998,20.252499999999998,20.26833333333333
494,21.62,19.85,20.12,20.5,21.36,20.02,19.5,19.74,22.09,19.51,19.92,19.74,20.5225,20.154999999999998,20.315,20.33083333333333
495,22.58,20.52,19.91,20.28,22.16,20.12,19.72,19.63,22.88,19.61,19.93,19.63,20.822499999999998,20.4075,20.5125,20.58083333333333
496,22.23,19.83,19.69,20.38,22.05,19.89,19.72,19.28,22.55,20.01,19.82,19.29,20.5325,20.235,20.4175,20.395
497,22.11,19.84,20.24,20.05,22.16,20.01,19.72,19.62,22.33,19.6,19.62,19.3,20.56,20.3775,20.2125,20.383333333333333
498,22.81,20.17,20.13,20.95,22.5,20.33,19.62,19.62,23.33,20.35,20.04,20.27,21.015,20.517500000000002,20.9975,20.843333333333334
499,21.99,19.95,19.81,20.27,21.94,19.58,20.46,20.06,23.33,19.5,20.35,19.95,20.505,20.509999999999998,20.7825,20.599166666666665
500,22.33,19.83,19.46,20.27,22.37,19.46,19.81,19.61,22.31,19.49,19.91,19.94,20.4725,20.3125,20.412499999999998,20.399166666666662
501,22.09,19.73,20.12,19.93,22.15,19.37,20.03,20.38,22.87,19.29,19.72,20.16,20.4675,20.482499999999998,20.509999999999998,20.486666666666668
502,22.21,19.92,20.02,20.36,22.6,19.45,20.25,19.27,22.76,19.69,19.83,19.81,20.6275,20.3925,20.5225,20.514166666666664
503,22.56,20.26,20.34,19.9,22.6,19.02,19.82,20.14,23.2,19.9,19.92,19.38,20.765,20.395000000000003,20.599999999999998,20.58666666666667
504,22.32,19.69,19.78,19.67,22.03,19.55,19.38,19.81,22.42,19.68,20.11,19.59,20.365000000000002,20.1925,20.45,20.335833333333337
505,23.26,19.94,20.12,21.28,22.6,19.9,19.93,20.16,22.87,19.7,20.24,20.05,21.150000000000002,20.6475,20.715,20.837500000000002
506,22.33,20.29,20.02,19.82,22.27,20.01,20.35,19.95,22.66,19.93,19.83,19.95,20.615000000000002,20.645,20.5925,20.617500000000003
507,22.69,19.82,19.9,20.03,22.15,19.67,19.6,19.27,22.87,19.58,19.92,19.71,20.61,20.1725,20.520000000000003,20.434166666666666
508,22.33,19.8,19.58,20.23,22.15,19.96,20.13,19.9,22.65,19.35,19.61,19.79,20.485,20.534999999999997,20.35,20.456666666666667
509,22.33,19.37,19.9,20.48,21.92,19.78,19.6,20.15,23.09,19.58,19.7,19.82,20.52,20.3625,20.5475,20.476666666666667
510,22.69,19.81,19.81,20.59,21.94,20.09,19.94,20.14,22.77,20.32,19.83,19.71,20.725,20.5275,20.6575,20.636666666666667
511,22.32,20.03,20.0,20.24,22.81,20.2,19.81,20.25,22.86,20.21,19.71,19.6,20.6475,20.7675,20.595,20.669999999999998
512,22.56,19.33,19.56,20.67,22.37,19.84,20.12,19.78,23.63,19.33,19.91,20.1,20.53,20.5275,20.7425,20.6
513,22.57,19.69,20.34,19.9,22.93,20.29,19.81,20.02,23.09,19.89,20.02,19.7,20.625,20.7625,20.675,20.6875
514,22.55,20.37,19.55,20.36,22.13,19.87,20.22,19.48,22.63,19.36,19.9,19.7,20.7075,20.425,20.397499999999997,20.51
515,22.92,20.38,20.12,19.8,22.26,19.67,19.81,19.82,23.09,20.01,20.02,19.6,20.805,20.39,20.68,20.625
516,22.45,19.83,20.01,20.04,21.81,19.89,19.81,20.37,22.87,20.12,20.43,20.04,20.582500000000003,20.470000000000002,20.865000000000002,20.63916666666667
517,22.56,19.82,20.23,21.16,22.6,20.0,20.24,19.72,23.31,20.02,19.82,19.93,20.9425,20.64,20.77,20.784166666666664
518,22.22,19.6,20.45,20.15,22.16,20.32,19.72,20.26,22.88,19.7,19.82,20.04,20.604999999999997,20.615000000000002,20.61,20.61
519,22.67,19.82,20.12,19.57,22.03,19.99,20.13,19.93,22.87,19.69,20.23,19.82,20.545,20.519999999999996,20.652500000000003,20.5725
520,21.86,19.94,20.12,20.26,21.93,19.78,19.39,20.15,22.65,20.01,19.3,20.04,20.545,20.3125,20.5,20.4525
521,22.57,20.39,20.89,19.81,22.38,20.21,20.25,20.15,22.66,20.33,20.24,19.93,20.915,20.747500000000002,20.79,20.8175
522,21.73,19.59,19.67,19.91,22.48,19.45,19.7,19.92,22.53,20.0,19.8,19.59,20.225,20.3875,20.48,20.364166666666666
523,22.77,19.9,19.88,20.9,22.13,20.49,20.11,20.87,22.85,19.66,20.21,20.32,20.862499999999997,20.9,20.76,20.840833333333332
524,22.08,20.38,20.75,20.7,23.03,20.53,20.01,20.26,23.08,19.91,19.59,19.83,20.9775,20.957500000000003,20.6025,20.845833333333335
525,22.44,20.82,20.43,19.56,21.46,20.51,19.7,20.24,22.75,19.89,20.42,19.81,20.8125,20.4775,20.7175,20.669166666666666
526,22.69,20.39,20.67,20.04,22.61,20.53,19.61,20.16,23.54,20.23,19.51,20.68,20.947499999999998,20.7275,20.990000000000002,20.888333333333332
527,21.62,20.38,19.78,20.37,21.58,19.99,19.81,20.37,22.64,19.91,20.22,20.25,20.5375,20.4375,20.755,20.576666666666668
528,22.44,20.6,20.0,19.91,21.92,20.09,20.22,19.92,23.3,19.68,20.11,20.03,20.7375,20.5375,20.78,20.685000000000002
529,22.44,20.15,20.54,20.48,21.58,19.99,19.91,20.15,22.86,19.8,20.11,19.93,20.9025,20.4075,20.674999999999997,20.661666666666665
530,22.7,20.63,20.57,20.5,23.06,20.86,20.56,20.39,23.0,20.56,20.24,20.17,21.1,21.2175,20.9925,21.103333333333335
531,22.23,20.06,20.03,20.04,22.51,19.79,20.78,20.16,23.11,19.81,20.36,20.05,20.59,20.81,20.8325,20.74416666666667
532,22.35,20.41,20.03,20.5,22.39,20.23,20.25,20.61,23.33,20.46,20.34,20.49,20.8225,20.87,21.154999999999998,20.949166666666667
533,22.79,20.72,20.23,20.14,22.15,20.95,20.45,21.01,23.2,20.12,20.03,20.57,20.97,21.14,20.98,21.03
534,22.45,20.27,20.56,20.59,22.71,20.52,19.83,20.36,22.99,19.69,19.93,20.03,20.9675,20.855,20.66,20.8275
535,22.23,20.62,20.57,20.94,22.17,20.43,20.68,20.48,23.0,20.44,20.15,20.15,21.09,20.94,20.935,20.988333333333333
536,22.44,20.71,20.44,20.48,22.59,20.42,20.13,20.04,22.97,20.65,20.12,20.15,21.017500000000002,20.795,20.972499999999997,20.92833333333333
537,22.33,20.15,20.33,21.15,22.26,20.41,19.81,20.9,23.09,20.53,20.42,20.35,20.99,20.845,21.097500000000004,20.9775
538,22.56,20.15,20.77,20.59,22.49,20.62,20.34,20.25,23.09,20.0,20.95,19.7,21.0175,20.925,20.935000000000002,20.959166666666665
539,22.82,20.62,20.47,20.73,22.28,20.43,20.58,20.71,22.89,20.24,20.36,20.37,21.16,21.0,20.965,21.041666666666668
540,23.26,20.6,20.66,21.15,22.37,19.98,20.76,20.24,23.31,20.0,20.23,20.56,21.417499999999997,20.8375,21.025000000000002,21.093333333333334
541,22.22,20.16,20.24,20.6,21.82,20.2,20.35,20.47,22.99,20.32,20.55,20.14,20.805,20.71,21.0,20.838333333333335
542,22.45,20.6,20.23,21.04,21.48,20.73,20.13,20.58,22.76,20.22,20.43,20.46,21.08,20.73,20.9675,20.925833333333333
543,22.35,20.4,20.36,20.84,21.95,20.76,19.85,20.28,22.9,20.77,20.46,20.48,20.9875,20.71,21.1525,20.950000000000003
544,21.51,20.82,20.01,20.93,22.04,20.62,20.23,20.58,22.76,20.21,20.02,20.35,20.817500000000003,20.8675,20.835,20.84
545,22.57,20.39,20.89,20.72,22.83,19.9,20.36,20.59,22.66,20.55,21.27,20.8,21.1425,20.919999999999998,21.32,21.1275
546,22.45,20.37,20.66,20.81,22.6,20.51,21.18,20.56,22.65,20.41,20.12,20.66,21.0725,21.2125,20.96,21.081666666666667
547,22.11,20.28,20.57,20.49,22.06,19.89,20.36,20.48,23.11,20.33,20.24,20.36,20.8625,20.6975,21.009999999999998,20.856666666666666
548,21.63,20.27,20.46,21.05,22.27,20.42,20.77,20.04,23.32,19.8,19.83,20.04,20.8525,20.875,20.747500000000002,20.825
549,22.8,19.68,20.44,20.69,22.26,19.86,20.13,20.23,22.98,19.77,20.33,20.01,20.9025,20.62,20.7725,20.765
550,22.81,20.05,20.56,20.71,22.05,19.45,19.93,20.15,22.88,19.8,20.44,20.57,21.0325,20.395,20.9225,20.78333333333333
551,22.21,20.18,20.34,20.62,22.49,20.76,19.93,20.17,23.21,20.67,20.75,20.49,20.837500000000002,20.8375,21.279999999999998,20.985
552,22.35,20.83,20.46,20.48,22.06,21.26,20.04,20.26,22.67,20.64,20.75,20.78,21.03,20.905,21.21,21.048333333333336
553,22.33,20.95,19.91,21.28,22.83,20.85,20.77,20.16,23.32,20.13,20.45,20.8,21.1175,21.1525,21.175,21.14833333333333
554,22.46,20.39,19.8,19.7,22.61,20.11,20.45,20.26,23.1,20.33,19.92,19.94,20.587500000000002,20.8575,20.8225,20.75583333333334
555,22.35,21.29,19.91,20.5,22.05,20.55,20.14,20.39,22.22,21.09,19.83,20.38,21.0125,20.7825,20.88,20.891666666666666
556,22.55,20.81,20.0,20.8,22.14,20.29,20.54,20.88,22.97,20.51,20.63,21.08,21.04,20.9625,21.2975,21.099999999999998
557,22.79,20.26,20.44,20.36,22.93,20.08,21.07,20.35,22.65,20.42,20.84,20.24,20.9625,21.1075,21.037499999999998,21.035833333333333
558,22.1,20.61,20.01,20.6,22.26,20.31,20.23,19.72,22.98,20.22,19.6,20.25,20.83,20.63,20.762500000000003,20.74083333333333
559,22.56,20.83,20.88,20.37,22.38,20.2,20.35,20.68,23.21,20.22,20.44,20.35,21.16,20.9025,21.055,21.039166666666667
560,22.09,20.83,20.65,20.82,22.59,20.42,20.02,20.8,22.86,20.33,19.91,20.36,21.0975,20.9575,20.865,20.973333333333333
561,22.33,20.6,19.9,20.48,21.81,20.09,20.23,20.25,22.76,20.22,20.43,20.78,20.8275,20.595,21.0475,20.823333333333334
562,22.92,20.62,19.8,20.16,22.72,20.44,20.35,20.27,23.21,20.77,20.13,20.37,20.875,20.945,21.12,20.98
563,22.56,20.49,20.88,19.91,22.26,20.09,20.24,20.25,23.42,20.21,20.13,20.35,20.959999999999997,20.71,21.027500000000003,20.89916666666667
564,22.68,20.27,20.23,20.82,23.05,20.11,20.24,20.48,22.98,20.02,20.13,20.47,21.0,20.97,20.9,20.956666666666667
565,22.09,20.37,20.34,20.47,21.59,20.41,20.14,19.81,22.54,20.0,20.44,20.13,20.8175,20.4875,20.7775,20.694166666666664
566,21.76,20.18,20.24,20.17,21.61,20.13,19.73,20.39,22.33,20.04,19.93,20.49,20.5875,20.465,20.697499999999998,20.583333333333332
567,22.34,20.39,20.25,20.94,22.39,20.21,20.05,19.83,22.78,20.54,20.15,20.36,20.98,20.62,20.9575,20.852500000000003
568,22.56,20.48,20.33,20.81,22.14,19.76,20.03,20.24,23.2,19.78,20.23,19.7,21.044999999999998,20.5425,20.727500000000003,20.771666666666665
569,22.23,19.73,20.35,20.27,21.72,19.79,20.67,20.27,22.78,19.92,20.04,19.73,20.645,20.6125,20.6175,20.625
570,22.33,19.48,20.01,20.48,21.7,20.3,20.23,20.03,23.64,20.0,20.43,20.03,20.575000000000003,20.565,21.025,20.721666666666668
571,22.12,20.4,20.24,20.61,22.51,19.8,20.25,20.71,22.45,20.88,19.83,20.17,20.842499999999998,20.817500000000003,20.8325,20.83083333333333
572,22.81,20.17,20.56,20.27,21.94,19.9,20.45,20.38,23.1,20.24,20.54,20.27,20.9525,20.6675,21.0375,20.885833333333334
573,22.36,20.08,20.15,20.74,22.29,20.14,20.69,20.4,22.79,19.62,20.37,20.5,20.8325,20.880000000000003,20.82,20.84416666666667
574,22.93,20.4,19.7,20.16,22.5,20.32,20.14,19.94,23.33,20.44,19.93,20.58,20.7975,20.725,21.07,20.864166666666666
575,22.45,19.93,20.23,20.03,22.04,19.77,19.81,19.71,22.76,20.01,20.12,19.39,20.66,20.332500000000003,20.57,20.520833333333336
576,22.01,20.19,20.15,20.29,22.4,19.27,19.74,20.18,22.57,19.93,20.05,20.38,20.66,20.3975,20.732499999999998,20.596666666666668
577,22.59,20.19,20.14,19.94,22.06,20.34,20.36,19.85,23.01,19.73,20.25,20.07,20.715,20.6525,20.765,20.710833333333333
578,22.36,20.3,20.15,20.74,22.52,20.03,20.05,20.18,22.68,19.73,19.84,19.96,20.8875,20.695,20.552500000000002,20.711666666666666
579,22.0,19.95,20.14,20.39,22.06,20.01,19.62,20.17,22.45,19.92,20.04,19.84,20.62,20.465,20.5625,20.549166666666668
580,22.35,19.73,20.03,20.05,21.83,20.01,20.04,19.73,22.33,20.55,19.83,19.73,20.54,20.4025,20.61,20.5175
581,22.36,19.61,19.92,19.71,21.61,19.25,19.73,19.84,23.12,19.38,19.42,19.29,20.4,20.1075,20.302500000000002,20.27
582,22.23,19.51,20.03,19.94,21.83,19.06,19.52,19.74,23.33,19.41,19.94,20.17,20.427500000000002,20.037499999999998,20.7125,20.392500000000002
583,21.78,20.19,19.39,19.72,22.18,20.56,19.11,20.18,22.68,20.15,19.85,20.07,20.27,20.5075,20.6875,20.488333333333333
584,22.25,19.52,20.05,20.18,21.18,19.49,19.86,19.96,23.25,19.62,19.45,20.07,20.5,20.122500000000002,20.597500000000004,20.40666666666667
585,22.7,19.95,20.24,20.39,21.49,20.12,19.51,20.39,23.55,19.72,19.62,19.73,20.82,20.3775,20.655,20.617500000000003
586,22.23,20.18,19.6,19.94,22.17,19.7,19.74,19.95,23.0,19.93,19.64,19.63,20.4875,20.39,20.55,20.47583333333333
587,22.59,19.61,19.71,19.71,22.29,19.79,19.74,19.95,23.01,19.6,20.05,19.51,20.405,20.4425,20.5425,20.463333333333335
588,22.46,19.5,20.13,20.04,22.27,19.9,19.73,19.95,22.99,19.6,19.73,19.52,20.5325,20.462500000000002,20.46,20.485000000000003
589,21.77,20.19,20.15,19.26,22.18,20.02,20.05,19.42,23.12,20.04,20.36,19.74,20.3425,20.4175,20.814999999999998,20.525000000000002
590,22.35,19.5,19.04,20.38,22.05,19.68,19.51,20.38,22.66,19.38,19.31,20.05,20.3175,20.405,20.349999999999998,20.357499999999998
591,22.24,19.95,19.58,19.93,22.05,20.22,19.71,20.38,23.11,19.92,19.09,19.94,20.424999999999997,20.59,20.515,20.51
592,21.87,19.73,19.71,20.28,21.72,19.6,19.73,20.18,23.0,19.94,19.33,19.96,20.3975,20.307499999999997,20.557499999999997,20.42083333333333
593,21.99,20.06,19.59,20.16,21.71,19.8,19.09,19.95,22.66,19.61,19.1,19.74,20.45,20.137500000000003,20.2775,20.288333333333338
594,22.83,19.85,20.59,20.06,22.18,19.27,20.49,20.17,23.02,19.82,20.06,20.17,20.8325,20.5275,20.767500000000002,20.709166666666665
595,22.23,19.5,20.36,20.16,22.06,19.36,19.84,19.73,23.01,18.96,19.74,19.19,20.5625,20.247500000000002,20.224999999999998,20.345
596,21.63,19.72,19.92,19.81,21.94,18.83,19.83,19.73,23.22,19.18,19.63,19.3,20.27,20.0825,20.3325,20.228333333333335
597,22.82,20.07,20.04,19.94,21.39,20.24,19.53,19.74,22.23,19.51,19.54,19.64,20.7175,20.224999999999998,20.23,20.390833333333333
598,22.46,20.06,19.69,20.04,22.27,19.27,19.82,19.73,22.88,19.83,19.71,19.74,20.5625,20.2725,20.54,20.458333333333332
599,22.0,20.29,20.36,20.62,21.95,20.23,19.95,19.63,22.45,20.14,19.54,20.59,20.8175,20.439999999999998,20.68,20.645833333333332
600,22.45,20.05,20.24,20.6,22.38,19.67,20.04,19.93,23.21,20.12,19.83,20.47,20.835,20.505,20.9075,20.749166666666667
